5,0.034063652,0.715145528,0.70611164,-0.013890095,-0.004755164,-0.037274437
5,0.03770034,0.676905692,0.7157377,-0.016419232,-0.002500084,0.001802809
5,0.031760417,0.681761563,0.710741878,-0.017300107,-0.000156551,0.000833742
5,0.03406365,0.674720556,0.715372115,-0.016673036,-0.0011721,0.001091585
5,0.032366531,0.670228899,0.720002323,-0.014708653,-0.001090347,0.000431714
5,0.025335598,0.674477756,0.72390148,-0.011035025,-0.002840858,0.002571121
5,0.033821205,0.673385203,0.71500653,-0.011941999,-0.001530776,0.000571016
5,0.035639549,0.675206155,0.711107433,-0.013083607,0.000230971,-0.000717787
5,0.034912214,0.673749387,0.711107433,-0.010399982,-0.001023809,0.001320031
5,0.033821205,0.673749417,0.714031756,-0.011600457,-0.001264525,0.000953222
5,0.034427321,0.676662922,0.713178813,-0.011611983,0.03652845,0.000797882
5,0.033578759,0.673870802,0.714397311,-0.010845996,-0.001439442,0.00015298
5,0.038791347,0.665494442,0.69721666,-0.006345712,-0.000517539,-0.005201874
5,0.049822636,0.693294227,0.687103271,-0.007427648,-0.008198822,-0.022901095
5,0.098311821,0.691716045,0.728044361,-0.01072862,-0.041683152,-0.048104212
5,0.048974077,0.761154711,0.703796506,-0.005850039,-0.008208905,-0.000921322
5,0.036609335,0.710046887,0.658712566,0.005144879,0.034480686,0.022543356
5,0.081340606,0.719151586,0.72658217,0.04882108,0.039907498,0.039441237
5,-0.011677936,0.682975531,0.745956063,-0.049528226,0.07915559,0.146189936
5,-0.048132953,0.658939064,0.689418405,-0.069381341,-0.028814842,-0.021798006
5,0.011441886,0.62737602,0.769838333,0.00147903,-0.087152474,-0.117398418
5,0.050549975,0.610744745,0.665048689,-0.044641301,-0.068673797,-0.046996195
5,0.081461824,0.648377568,0.767645031,0.00453335,-0.120444626,-0.085327987
5,-0.226348303,0.594234794,0.562817872,-0.014708906,0.007073491,-0.02072899
5,0.01711371,0.63016811,0.418549359,-0.02524633,-0.356085911,-0.189633243
5,0.073461112,0.651533872,0.733405679,-0.005087778,-0.198788092,-0.253010504
5,0.126435542,0.701184958,0.690758735,0.014307201,-0.131592914,-0.125492383
5,-0.017297237,0.760547757,0.80651471,-0.051818974,-0.039352264,-0.055548309
5,0.122435182,0.629318357,0.694779724,-0.051360816,-0.017361118,-0.042872857
5,0.115040591,0.724493057,0.598397613,-0.047084764,0.024330433,-0.007137241
5,0.059641697,0.712596208,0.607170731,0.008503973,-0.005754679,-0.054937446
5,0.115767922,0.711260885,0.703552783,-0.008294813,-0.085319877,-0.074790565
5,0.136981942,0.625312269,0.529187709,-0.034562029,-0.020110013,-0.017216516
5,0.104251746,0.762247264,0.550754875,0.067203037,0.019352863,0.026689385
5,0.027367855,0.706405014,0.566960722,-0.049014084,0.044856489,0.045015343
5,0.020881243,0.693536997,0.626057178,0.00840725,0.116022289,0.086706899
5,0.124738425,0.774022728,0.780804694,-0.036644049,0.165655077,0.142753782
5,0.109706773,0.532929718,0.796766847,-0.026564777,0.257437594,0.278365873
5,0.143406752,0.633567244,0.7040402,-0.040767401,-0.02936364,-0.063260522
5,0.137103168,0.694143981,0.62691015,-0.063827567,0.013855076,-0.078226717
5,0.291177541,0.651533872,0.214416347,-0.30542475,-0.159019787,-0.323489115
5,0.367063135,1.004918456,1.130509675,-0.208144471,-0.192922808,-0.240564153
5,0.106191309,0.659424633,0.712569594,-0.022746876,-0.074414946,-0.133510023
5,-0.003422949,0.643278927,0.762161881,-0.116209254,0.033402763,0.040433854
5,0.084613627,0.588164985,0.611800909,-0.063063987,0.008357289,0.00042218
5,0.035962018,0.733597755,0.908136278,0.017570235,-0.009663234,0.118319176
5,0.142071618,0.726071209,0.711838484,-0.046876051,0.142289493,0.152680341
5,0.094060734,0.627254605,0.518221363,0.03742335,0.262782644,0.117402881
5,0.228990167,0.642307758,0.657981485,0.038186934,-0.217357427,-0.238578849
5,0.066066513,0.52940923,0.709645212,-0.006864376,-0.138403088,-0.135495342
5,0.040852135,0.632838845,0.775930762,-0.081084505,0.246594727,0.232398257
5,-0.084047534,0.743916452,0.718662024,-0.038934804,0.396714851,0.384961843
5,0.068975862,0.643400341,0.642263055,-0.101395771,0.389384493,0.327540524
5,0.037336672,0.718301833,0.62788491,-0.005795367,0.08303557,0.033714335
5,0.042367082,0.688316941,0.704649448,-0.071310662,0.032181034,0.006072685
5,-0.124019895,0.631017894,0.270296287,-0.692255177,0.087922487,0.181696438
5,0.006921188,0.618149906,0.716468751,-0.024579473,-0.027683759,0.014930229
5,-0.053439919,0.664644688,0.729750216,-0.045501605,0.035693509,0.005614534
5,0.017298075,0.599576265,0.658834428,-0.072990537,-0.003401867,-0.03806233
5,-0.034033272,0.660274386,0.741569519,-0.055733599,0.075399753,0.033561618
5,0.055398891,0.639879853,0.643359661,-0.060467809,-0.033792411,-0.0986907
5,-0.033446231,0.602125585,0.770569414,-0.062911265,-0.060670484,-0.07074362
5,-0.082936779,0.691351861,0.784216464,-0.052679278,0.24476213,0.261719793
5,0.014574105,0.597269729,0.814800382,-0.009613268,0.291340608,0.301578753
5,0.105585195,0.573233292,0.782754272,-0.258846298,-0.009205081,-0.027830333
5,0.287419632,0.618635505,0.728531748,-0.257930011,-0.145580754,-0.394044049
5,0.195411414,0.599576265,0.817846626,-0.072379671,-0.186356008,-0.23659353
5,0.054792775,0.678241044,0.713178843,-0.053290136,0.135264546,0.118319174
5,0.070430533,0.635873765,0.613019437,-0.072379678,0.141984057,0.123206101
5,0.036730557,0.622520149,0.720977128,-0.060620524,-0.148482364,-0.216893133
5,0.231899515,0.623734146,0.689662099,-0.04534889,-0.038068466,0.00515639
5,0.05387229,0.605524659,0.725729227,-0.054359145,-0.113052178,-0.112282455
5,0.145225117,0.571655095,0.845506221,-0.103533797,0.14732912,-0.09853799
5,0.066066511,0.630046725,0.621305108,-0.066729166,-0.058990605,-0.022027118
5,0.033093867,0.559515476,1.078114867,0.034979895,0.077232346,0.008516143
5,-0.003738331,0.990350962,0.68356967,-0.38819702,-0.104958218,0.213766865
5,0.067884857,0.600061834,0.779464394,-0.042905428,0.079523091,0.065021181
5,0.150437698,0.589014798,0.717077971,-0.06932535,-0.213234089,-0.246520087
5,0.029177419,0.60783121,0.728409886,-0.112849496,0.126406997,0.136797849
5,0.061460041,0.655904144,0.765086263,-0.0239686,0.042107595,-0.004312027
5,0.109706778,0.641215205,0.853548229,-0.040614679,0.030195722,-0.047225311
5,0.093220457,0.595448792,0.692099065,-0.035727762,0.01370236,0.014319364
5,0.034780012,0.721700937,0.820527315,-0.080473639,0.001637771,-0.040963942
5,0.051883428,0.603825122,0.78056097,-0.134077057,0.042107594,-0.008893516
5,0.087886643,0.69159463,0.800544143,-0.053595573,0.010037169,0.016304676
5,0.079279816,0.658210635,0.811144978,-0.04870864,0.018131134,0.020580733
5,0.063884499,0.610866129,0.769960165,-0.059398785,-0.067084569,-0.103730341
5,-0.113713908,0.792839199,1.112354249,0.15318232,0.16519694,0.045626207
5,0.055277668,0.65250504,0.830518842,-0.048535459,0.064227432,0.058565047
5,0.015245888,0.597026914,0.704527587,-0.04179547,-0.003602639,-0.00409069
5,0.080855712,0.657118112,0.824670106,-0.115252033,-0.031397011,-0.063497335
5,0.079643484,0.636602163,0.736330003,-0.016597293,0.060690921,0.00217068
5,0.018117597,0.623491317,0.774955958,-0.049125865,0.005254904,0.036073702
5,0.072491329,0.670107484,0.748514861,-0.054165497,-0.016736245,-0.015086263
5,0.132617909,0.618635446,0.774103045,-0.100285821,0.018541223,0.021718367
5,0.027495663,0.615722001,0.802250028,-0.090053834,0.012738002,0.026605289
5,-0.010656819,0.643278927,0.771787912,-0.028661884,0.035340015,0.035004687
5,0.05830824,0.650077134,0.787140816,-0.077989243,-0.089581922,-0.076630939
5,0.071885215,0.589014798,0.771544218,-0.0682154,0.005560337,-0.064719065
5,0.04339782,0.677512676,0.683447808,0.07487978,-0.143796213,-0.07204945
5,0.049580188,0.633931428,0.724388868,-0.045613386,0.006629351,-0.003785256
5,0.041943145,0.661002785,0.708426714,-0.051416606,0.009378244,0.00339241
5,0.295420341,0.949197561,0.511397839,-0.164579399,0.064966977,-0.020889482
5,-0.077799171,0.429500073,0.825523078,0.590144619,-0.102868237,-0.36602835
5,0.097705701,0.681518734,0.547464997,-0.173131496,0.173242845,0.027216153
5,0.008486446,0.657239527,0.724023372,-0.015833706,0.043128549,0.154734276
5,0.014636067,0.63550958,0.728288025,-0.014001109,0.034118287,-0.00363254
5,0.036316233,0.614143848,0.730968714,-0.04103189,0.027093336,-0.029288881
5,0.061702484,0.569712788,0.765329987,-0.008045174,-0.068201639,-0.031426908
5,0.135648485,0.574689984,-0.055486739,-0.27422969,0.270370418,0.126787186
5,0.331787214,0.556844801,0.634586573,-0.12960735,0.45958592,-0.08839009
5,0.022703789,0.521761268,0.819552481,0.007990036,0.272355743,0.285154
5,0.047276951,0.503187627,0.707208276,-0.111586839,-0.076448323,-0.00821403
5,0.144012876,0.602125555,0.915447205,-0.032479778,-0.1538755,-0.119238786
5,-0.084478739,0.742702514,0.632271469,-0.01629186,0.051069796,-0.121529531
5,0.040482388,0.569591388,0.96016562,-0.060274154,0.021595553,0.054857809
5,0.042791705,0.62482667,0.66443944,-0.019804329,-0.003755359,0.037600864
5,0.054914,0.53778556,0.531868383,-0.103187434,-0.051860996,-0.125652879
5,-0.067682106,0.56315738,0.746809006,-0.033854231,0.200731795,0.295385994
5,0.136618279,0.631382108,0.715372086,-0.070811577,-0.029258983,0.000185363
5,0.148983017,0.544462383,0.804687023,-0.067299105,-0.062551141,-0.237899356
5,0.035716875,0.580031425,0.725485504,-0.083792455,-0.037352948,-0.038604578
5,0.048367962,0.695357949,0.925073266,-0.009877771,0.293583304,0.256748766
5,-0.082566526,0.616935909,0.672115922,-0.072186016,-0.076448323,-0.08060156
5,0.034282459,0.635145396,0.740838438,-0.10624177,-0.159220553,-0.098774801
5,-0.017348066,0.555630803,0.674430996,-0.034159668,0.189583488,0.197647549
5,0.023111881,0.544098198,0.61801523,-0.119222656,0.011974421,-0.128249045
5,0.058914358,0.607224256,0.747296393,-0.070845351,0.003005984,-0.057877908
5,0.073339889,0.615236402,0.682473004,-0.06813024,-0.005657022,-0.031947206
5,0.086189523,0.550410777,0.563792646,-0.07301715,-0.027495453,-0.021867929
5,-0.031852772,0.539970696,0.71500659,-0.100506082,0.062759891,-0.035917831
5,0.078122967,0.467254341,1.064955205,-0.066908501,0.117737759,-0.061726891
5,-0.008387011,0.582216591,0.824304581,-0.099284366,0.009003742,-0.015301128
5,0.024123368,0.659910232,0.705380499,-0.045986369,-0.121721416,-0.056076385
5,0.052150503,0.557208955,0.77166608,-0.07042098,-0.124317594,-0.115024878
5,0.118434835,0.768924057,0.902653098,-0.008876301,0.069784837,0.105955626
5,-0.020763911,0.583187759,0.602418602,-0.071337268,0.185238373,0.188727874
5,0.095088944,0.533779472,0.749002278,-0.054385766,0.140645202,0.074037924
5,0.048489181,0.648256183,0.764964402,-0.106462024,0.014654253,0.057544552
5,-0.158345077,0.662580937,1.115644217,-0.041252159,0.094219446,-0.066155663
5,0.070309315,0.625433683,0.733283788,0.077866562,-0.206326252,0.065943945
5,-0.038876614,0.615236402,0.747661948,-0.052553169,0.043823061,0.083659042
5,-0.056168295,0.695964903,0.741082132,0.061525919,-0.363929495,-0.3509716
5,0.003522556,0.64133656,0.747905612,-0.011625201,-0.143407134,-0.140833934
5,0.090788735,0.578210533,0.729872078,-0.057592802,-0.08445864,-0.156258285
5,0.080249597,0.692808628,0.618868157,-0.0406413,0.065814216,-0.037903141
5,-0.010367097,0.554295421,0.770447582,0.00318829,0.139118043,0.145356428
5,-0.115230899,0.606253088,0.814922243,-0.132881939,0.096662916,0.078619406
5,-0.113507254,0.781306505,0.797741652,-0.04980427,0.329097137,0.449872777
5,0.026094675,0.681640148,1.248458952,-0.032089181,0.370788675,0.25515946
5,-0.042641461,0.580152869,0.646771461,-0.078514934,0.101244397,0.014783986
5,0.068103665,0.641943574,0.664683163,-0.06141071,0.111018237,0.107330065
5,0.195411414,0.579545856,0.686128467,-0.108752765,-0.149668496,-0.276293307
1,-0.039246868,0.711989194,0.729993939,0.028061323,0.079573598,0.074221544
1,0.031789455,0.659424633,0.700141042,-0.00889603,0.036202165,0.043983712
1,0.038791347,0.622277379,0.717809081,-0.014932491,-0.029222086,-0.029246977
1,-0.023285463,0.523824975,0.527481839,-0.135604218,-0.238279566,-0.175965155
1,0.004387315,0.600304663,0.70404017,-0.01159858,0.257590301,0.302647755
1,0.052974436,0.569955587,0.763258517,-0.017554522,-0.139777534,-0.237051681
1,0.020596756,0.727042377,0.725119978,-0.062412187,-0.032924172,0.011944524
1,0.139527626,0.446738362,0.956388235,-0.123040557,-0.034298621,0.088608119
1,0.039155018,0.618514091,0.760943413,-0.05004216,0.011668989,0.001101666
1,0.045055939,0.657603681,0.714519173,-0.018955581,-0.006573319,-0.03225264
1,0.027396389,0.724128872,0.749245971,-0.038961418,0.043975781,0.044716381
1,0.179409981,0.738574982,0.678330153,-0.022468053,-0.067659845,-0.13212911
1,0.037215449,0.655782729,0.778245896,-0.067593493,0.052252088,0.028346716
1,-0.019006345,0.642186373,0.83173731,0.011818998,-0.00669641,-0.01609373
1,0.039276239,0.491533548,0.798107177,-0.079810783,0.00491003,-0.044346246
1,0.05503522,0.589864552,0.754363596,-0.04850395,0.007353491,-0.005098156
1,-0.039704081,0.541913033,0.756800562,0.022352852,-0.133959539,-0.005905671
1,0.031760416,0.521761268,0.839048237,-0.089893639,0.014786152,0.031051677
1,0.06594529,0.629196942,0.717809051,-0.056448773,0.006234038,-0.018122975
1,-0.065164612,0.672778219,0.646649569,-0.093580365,-0.000756539,0.004616595
1,-0.103670975,0.657603681,0.69928813,-0.138631687,0.024441652,0.039283198
1,-0.107496925,0.654204607,0.697338521,-0.077087015,-0.027940042,-0.05769166
1,-0.026164579,0.738575011,0.759481251,-0.026690625,0.023525355,0.026913178
1,-0.041344971,0.797694981,0.599981666,0.124732785,0.107757909,0.024642375
1,-0.171797611,0.638423085,0.69721669,-0.08891733,0.420826346,0.416817859
1,-0.115889344,0.656146944,0.619842947,-0.138855569,0.141660929,0.078398519
1,-0.020989982,0.560972258,0.631052971,-0.122621417,0.074103829,-0.015424568
1,0.094432686,0.648134768,0.630443752,-0.088107534,0.020805835,0.013438813
1,0.004917464,0.7060408,0.611069858,-0.085969508,0.018209659,0.004581268
1,-0.048873456,0.687467188,0.669678956,-0.080929868,0.109839447,0.108122926
1,-0.02978709,0.689895093,0.731212378,-0.031679295,0.07591485,0.003584925
1,0.072612552,0.73651129,0.57366237,-0.130792178,-0.096960012,-0.101178462
1,-0.070101324,0.712110639,0.647624373,0.00558348,-0.466991633,-0.470599204
1,0.001063484,0.688681126,0.705867946,-0.097346984,-0.10275415,-0.107370079
1,0.051156089,0.693779767,0.688078076,-0.045576163,-0.058771849,-0.049337877
1,-0.048379788,0.635145396,0.827472657,-0.062222242,0.013310249,-0.010853367
1,-0.012341782,0.492504746,0.700872153,0.127756849,0.056070816,-0.07453607
1,-0.052329158,0.623248547,0.758262724,-0.068417229,-0.002031512,0.007397505
1,-0.047131933,0.620942026,0.760334194,-0.045357063,0.018890623,0.026181612
1,-0.034063321,0.589500368,0.776418149,-0.035779566,-0.036113812,-0.033457881
1,-0.085775383,0.647649199,0.761552662,-0.124551371,0.036858023,-0.054765578
1,-0.020033195,0.690380692,0.671019286,-0.022562094,-0.008026725,-0.033943837
1,-0.021598119,0.642671943,0.684544444,-0.08028885,0.011062813,0.025157378
1,0.027638834,0.631139278,0.713300675,-0.019507758,-0.060102984,-0.040968783
1,0.004687004,0.669743329,0.726460308,-0.049592882,0.009841084,0.025310095
1,0.017451715,0.662338138,0.71634692,-0.062187195,0.028040125,0.064688077
1,0.262932591,0.642429143,0.791039973,0.003175378,-0.775553077,-0.79831183
1,-0.060968405,0.672171265,0.686250329,-0.024230078,-0.02609163,0.00379998
1,-0.039806735,0.740881532,0.648111731,-0.074779168,0.002008173,0.058166988
1,0.025456823,0.704098463,0.741935045,-0.065246202,0.009235505,0.02423475
1,0.028366172,0.637694687,0.800666004,-0.046767525,0.015191441,0.006519659
1,0.110191666,0.622884333,0.677355409,-0.080517828,-0.033372346,-0.026925215
1,-0.049490549,0.654811561,0.689418375,-0.055734701,0.109812148,0.111245569
1,-0.018148499,0.685767621,0.679304957,-0.050084196,0.030399667,0.015797875
1,0.033821204,0.642064959,0.704649448,-0.035270713,-0.153318055,-0.174792085
1,0.013302614,0.671928436,0.651157975,-0.096815385,0.034828445,0.003427854
1,-0.014439886,0.774144143,0.720124185,-0.037714168,-0.000754458,0.001747973
1,-0.116136171,0.662216723,0.623376578,-0.163399696,0.013142726,0.009689222
1,-0.041344971,0.676298738,0.711960346,-0.06882716,0.063172574,0.025258653
1,-0.07886399,0.716723651,0.735720783,-0.071576051,0.056605773,0.06068884
1,-0.031062966,0.688438356,0.703430951,-0.079822734,-0.019752385,-0.02880292
1,-0.032088635,0.678119659,0.621183246,-0.073182315,0.04640545,-0.003564679
1,-0.05381017,0.700942159,0.669557095,-0.037148423,0.007135884,0.023070436
1,0.011681807,0.70883292,0.659565508,-0.076701947,-0.011342789,-0.053135003
1,0.007373663,0.713567406,0.6610277,-0.026711911,-0.002755326,0.008551811
1,0.065016527,0.752049983,0.658468872,-0.312291406,0.023206446,-0.03329246
1,-0.077259555,0.674599171,0.600712717,-0.098641291,0.005644071,0.075136125
1,-0.108822949,1.092809379,0.647868097,0.414122015,-0.032404249,0.069333914
1,-0.045214821,0.728256315,0.711107373,-0.053953491,-0.027670043,-0.017103516
1,-0.046775353,0.669136345,0.710741878,-0.014399968,-0.088909282,-0.063681997
1,-0.062079165,0.745858788,0.574027926,-0.112291127,-0.003235433,0.008705541
1,-0.079357664,0.75654164,0.662489891,-0.049830154,0.010814467,0.013134314
1,-0.055661442,0.705312431,0.587796807,-0.186663955,-0.032862398,-0.009162268
1,-0.039863955,0.592535287,0.747905612,-0.045401379,-0.110900436,-0.111329481
1,-0.067262715,0.646799415,0.72658214,-0.049219288,-0.000944689,-0.003359048
1,0.007152155,0.686374635,0.680279732,-0.057506546,0.002460652,-0.00170568
1,0.008364384,0.67763406,0.689540207,-0.056590244,0.00337695,-0.003996424
1,0.010297367,0.735904306,0.640435308,-0.062851608,-0.012963695,-0.020795218
1,-0.004320808,0.720365584,0.636292517,-0.06804397,0.054842347,0.014329534
1,0.036427159,0.718787402,0.68356967,-0.026199698,-0.009298503,-0.05790528
1,-0.026534831,0.710653871,0.657372236,-0.059928037,0.005708472,-0.00432709
1,-0.032458888,0.734326154,0.635683209,-0.100703306,-0.012922918,-0.016697111
1,-0.022230572,0.747801125,0.644334435,-0.063745946,-0.089433793,-0.087099336
1,-0.038876615,0.744766235,0.666998267,-0.085737102,-0.048200387,-0.075645609
1,-0.179582912,0.747558326,0.702578008,-0.024345145,0.215998833,0.103490627
1,-0.022882778,0.731776804,0.603515238,-0.066189408,-0.162584908,-0.160097733
1,0.023638477,0.69462955,0.627397537,-0.042518385,-0.168998986,-0.191251859
1,0.064215071,0.694143981,0.624716878,-0.088180557,-0.364781298,-0.37115166
1,0.023032362,0.738574982,0.649939477,-0.045211032,-0.228461787,-0.214992613
1,0.075764349,0.671200067,0.609607667,-0.033910029,-0.342540875,-0.342510745
1,-0.137364041,0.665008843,0.619233698,-0.025663346,0.242057167,0.230022728
1,-0.045788012,0.716845065,0.667729378,-0.061551683,0.061088335,0.051039208
1,0.01232405,0.694265395,0.604124486,-0.078655906,0.056048699,0.073641222
1,-0.005624037,0.742216915,0.648477316,-0.094191238,0.073310873,0.042948389
1,-0.11231022,0.717573464,0.625935346,-0.077239722,0.21884951,0.196428288
1,0.033215089,0.634295613,0.709279656,-0.0705202,-0.004574447,-0.020276162
1,0.071521549,0.641700804,0.63507399,-0.078614168,-0.218835425,-0.275617823
1,0.175409622,0.624341071,0.711716652,-0.07220009,-0.518312111,-0.579981416
1,0.069945648,0.6695005,0.686250329,-0.072200082,-0.168591756,-0.195136338
1,0.167772576,0.67763406,0.654447883,-0.10701941,-0.585660011,-0.669625908
1,0.012682318,0.517148212,0.809317231,-0.062426247,-0.091775458,-0.068839949
1,0.005201613,0.636844903,0.710376322,-0.072200082,-0.004574447,-0.014472943
1,0.069945646,0.701063573,0.684422612,-0.075254411,-0.201578487,-0.224610578
1,0.034548543,0.682368547,0.662368029,-0.061501063,0.006105075,-0.000857051
1,0.008596362,0.707497567,0.652254611,-0.064402677,0.1000256,0.091383601
1,0.004243814,0.657603681,0.669313401,-0.052185372,0.153323591,0.173544981
1,0.036716204,0.633324444,0.641653836,-0.079827018,-0.007944826,0.029686211
1,0.010546397,0.69438678,0.656153738,-0.062417366,-0.006875812,-0.017350413
1,0.032487753,0.746101558,0.642506748,-0.072191201,0.034357592,-0.017350412
1,-0.002098103,0.731412649,0.741203964,-0.060584761,-0.005654081,0.013498282
1,0.065096729,0.689895123,0.659321845,-0.052490808,-0.09774202,-0.130818628
1,0.049701415,0.71441716,0.650670588,-0.030346937,-0.089495331,-0.123030096
1,-0.011759307,0.723400503,0.65761593,-0.049283758,-0.077125315,-0.097221043
1,-0.01641457,0.668043792,0.670653731,-0.072038487,0.0025926,-0.047740959
1,-0.004530332,0.635266751,0.702212453,-0.087004691,-0.010388286,-0.002995079
1,0.031517969,0.690380663,0.666145325,-0.059080154,0.004796139,-0.003161625
1,-0.028139263,0.712839007,0.639947891,-0.063661642,0.18561225,0.192773405
1,-0.092686782,0.683946669,0.721098989,-0.071755603,0.557781905,0.60907805
1,-0.011477858,0.717573434,0.64470005,-0.063203499,0.079474414,0.058688479
1,-0.03468041,0.746223003,0.64055717,-0.051291622,0.169271603,0.181319676
1,0.012364741,0.610866129,0.732309014,-0.064193293,-0.041348331,-0.043900426
1,0.013698194,0.669014931,0.692099035,-0.064346008,0.001412238,-0.009844689
1,0.040852137,0.66925776,0.679183125,-0.05402685,0.001076057,-0.006684411
1,0.020971572,0.728256315,0.650548726,-0.046696462,0.012377063,0.007212773
1,0.031220479,0.758362621,0.697704107,-0.070214771,0.030855739,0.022789838
1,0.033699981,0.765889168,0.812850833,-0.032035694,0.025052518,0.027676756
1,-0.030303385,0.711989224,0.683204114,-0.076017998,-0.013737426,-0.00714256
1,0.080249602,0.66367349,0.610460639,-0.087929875,-0.054970829,-0.002713788
1,0.028972287,0.679212242,0.676867992,-0.061509944,0.000465191,-0.009891454
1,0.074794564,0.720486969,0.606074035,-0.085333683,-0.012057547,-0.051277574
1,-0.035380902,0.695115149,0.725851059,-0.080752194,-0.028856338,0.009656234
1,0.038791346,0.653719038,0.70611161,-0.058297068,-0.025871433,-0.034394669
1,0.081704274,0.640244037,0.702578008,-0.073874131,-0.17186822,-0.178711578
1,-0.004590603,0.727892131,0.591208577,-0.058755219,0.077517517,0.071437736
1,-0.055661436,0.727406561,0.624473155,-0.069903508,0.14532356,0.167496301
1,0.073461112,0.69487235,0.637632787,-0.04180371,0.036436821,-0.010112777
1,-0.117493767,0.692565829,0.751561075,-0.065445095,0.007332888,0.013918739
1,0.048955837,0.669986129,0.679426849,0.005415283,-0.623996332,-0.600611687
1,-0.08910767,0.663430691,0.69721666,-0.040857762,-0.088572958,-0.097716882
1,-0.039987374,0.59107855,0.728409886,-0.045054153,-0.072306785,-0.034637708
1,-0.048132952,0.665251643,0.699775487,-0.05268997,0.002829639,0.004457667
1,-0.093303874,0.777300447,0.617649704,-0.056813307,0.136150975,0.111053649
1,0.029578401,0.80959183,0.542712867,-0.015732616,-0.342614636,-0.310748786
1,-0.076025378,0.754720718,0.632758886,-0.033691771,-0.034229763,-0.036601998
1,-0.078617157,0.714659929,0.684300751,-0.030677788,-0.070420363,-0.033748492
1,-0.002602243,0.754842103,0.68564108,-0.05631759,-0.006865192,-0.016152823
1,-0.035834054,0.697057456,0.712813258,-0.029744945,0.012987929,0.00324215
1,2.18E-05,0.70324868,0.663342804,-0.035853609,0.00962817,-0.002408355
1,0.044852492,0.60783124,0.806392878,-0.038755208,0.005810262,-0.026842964
1,0.038912569,0.638301671,0.884010345,-0.059219204,-0.037866602,-0.02165061
1,-0.097006407,0.778514415,0.621183276,-0.106103107,0.004130384,-0.024552219
1,0.122340806,0.659910232,0.864270866,0.014695495,0.053305033,0.011946979
1,0.075400677,0.667193979,0.597666502,-0.038897596,-0.272341214,-0.261922885
1,0.054307885,0.723279089,0.66309911,-0.053558357,-0.042045018,-0.046592887
1,0.03897335,0.677512676,0.59754467,-0.034621537,-0.11840317,-0.163115427
1,-0.007034816,0.665251642,0.696485579,-0.046533406,0.001631846,-0.010093689
1,-0.002098103,0.659424633,0.710620016,-0.047296986,0.002242711,-0.011315419
1,-0.00172785,0.65784651,0.70611161,-0.049587734,0.000868264,-0.010246405
1,-0.143658347,0.606738657,0.74230057,-0.034285031,-0.001375519,-0.005586761
1,-0.14205391,0.609287947,0.7409603,-0.034132317,-0.000306505,-0.004212315
1,-0.140696324,0.608438194,0.739010721,-0.03229972,0.001220658,-0.005128613
1,-0.024313311,0.692687213,0.571103573,-0.020314708,-0.120272689,-0.167499091
1,-0.097253243,0.732383788,0.527603701,-0.034975477,0.100555103,0.088148011
1,-0.125145677,0.728499115,0.667729378,-0.039251529,0.010605194,0.00125243
1,-0.012115883,0.741488516,0.73888886,-0.014206059,0.022975215,-0.01783711
1,-0.148101397,0.734083354,0.634952128,-0.011695035,0.06008438,0.047937458
1,-0.032705724,0.744037867,0.64396891,-0.008793421,0.042827439,-0.072708428
1,-0.255845144,0.746465728,0.690636873,0.289308824,-0.27757138,-0.214734592
1,-0.035791168,0.740760118,0.621670663,-0.054179564,0.009933602,0.004922028
1,0.003569659,0.699121207,0.678939402,-0.056164876,-0.028245474,0.016375752
1,-0.022462043,0.67204988,0.683082253,-0.058761053,0.030855739,0.034701709
1,0.025237842,0.650077105,0.708061188,-0.050361656,0.050861577,0.044017402
1,0.014633364,0.681154579,0.697825938,-0.067618594,0.029634007,0.040352212
1,-0.026794837,0.739788979,0.770813107,-0.016153194,0.071783708,0.045544565
1,0.020379131,0.785433978,0.591330409,-0.045627452,-0.004116298,-0.008211575
1,0.000977885,0.784584194,0.616553009,-0.042420402,-0.001978269,-0.026232101
1,-0.068743728,0.73675406,0.50091888,-0.005615778,0.037727971,0.00858722
4,-0.01460889,0.691351831,0.719027579,-0.016989991,0.00291001,0.018174657
4,-0.038544357,0.665373057,0.726338476,-0.035422333,-0.337545175,-0.360599203
4,-0.005800638,0.575782597,0.750464439,-0.01709637,0.156797543,0.195440913
4,0.085340955,0.630410939,0.733405679,-0.035116896,0.078606796,0.060745121
4,0.014546755,0.664523274,0.725729227,-0.094482601,0.01701406,0.037906297
4,-0.024608434,0.440911338,0.937867284,0.347325675,0.207604016,-0.080754271
4,0.119889501,0.723157674,0.832590312,-0.065008357,-0.07415758,-0.141993513
4,0.029468987,0.613779604,0.64128828,-0.111348949,0.060469151,0.133750007
4,-0.057759538,0.630896509,0.703309119,-0.078362226,-0.076670107,-0.061268737
4,0.062429821,0.687831372,0.64604035,-0.053622179,-0.049486602,-0.014690263
4,-0.023045705,0.643643081,0.714884728,-0.049420245,-0.029756572,0.003606674
4,0.01721366,0.679819196,0.812119752,-0.04850395,0.000175824,0.001774078
4,0.036316233,0.642793357,0.344587319,0.041289665,-0.019116875,0.085418686
4,-0.039753708,0.443946227,0.306540862,-0.234210551,-0.004914254,0.068772605
4,0.111888792,0.603825092,0.693926781,-0.055379763,0.043496817,-0.009265429
4,0.051883426,0.666951209,0.704649448,-0.051103704,-0.055616068,-0.08027852
4,0.03099289,0.573476046,0.442431599,-0.000494584,0.069426113,-0.063627648
4,0.073669959,0.755206317,0.651279837,-0.022592239,-0.002865192,-0.013591973
4,-0.086392479,0.706040829,0.791161805,-0.151179373,0.009504829,0.007024729
4,-0.014193049,0.627254635,0.576586723,-0.04885944,0.000647282,0.036651694
4,-0.066769047,0.646071047,0.65968737,-0.060739182,0.01299163,0.006712468
4,-0.046034848,0.705433816,0.659565508,-0.073261924,0.014824226,0.022900397
4,-0.042525461,0.611230314,0.713056982,-0.059101529,0.039965473,-0.03337775
4,-0.003332281,0.680183411,0.677111685,-0.074638344,-0.019327731,0.000417334
4,-0.030731039,0.715509683,0.654935271,-0.052177161,0.006131513,0.002425534
4,-0.039123451,0.759940773,0.628128618,-0.051413581,0.014836342,0.005632576
4,-0.01530381,0.75326395,0.59206149,-0.076917209,0.014378194,0.02655471
4,0.027517612,0.714902759,0.580851436,-0.040506147,0.054897681,0.055694313
4,0.023971925,0.724371672,0.628372341,-0.031190455,-0.114617422,-0.127107117
4,-0.001730044,0.654811591,0.786409736,-0.040088393,-0.028497842,-0.048422014
4,0.018126377,0.604917675,0.629834533,-0.076351404,-0.292289898,-0.300019473
4,-0.140202645,0.648984522,0.719271213,-0.032674529,-0.248307601,-0.255731732
4,-0.059495156,1.424099803,0.465704694,0.461973585,0.014975323,-0.139056468
4,0.046630146,0.868590415,0.670044512,-0.013543852,-0.050906512,-0.020403524
4,-0.024560147,0.665494442,0.64945212,-0.091123737,-0.13994012,-0.163345993
4,0.010670827,0.710046887,0.73754853,-0.076310255,-0.062207524,-0.050794069
4,-0.012978625,0.687709957,0.613750517,-0.073487736,0.032966415,0.021938945
4,-0.0249304,0.753021181,0.732674569,-0.031796187,0.026857764,0.03171279
4,-0.056401945,0.66925773,0.596326172,-0.114728309,0.021033068,0.007187938
4,0.123291841,0.675570339,0.545028001,0.012994327,0.032674858,0.067805739
4,-0.177227996,0.625433683,0.609242141,-0.086271286,-0.004893355,0.087047998
4,-0.125515923,0.619606674,0.674796581,-0.096866779,0.033263766,0.047342768
4,-0.09700641,0.652140826,0.689540237,-0.064643636,0.0326529,0.014050611
4,-0.087256402,0.745980203,0.580364048,-0.10572432,0.027002397,0.038485222
4,-0.062696253,0.767952919,0.631053001,-0.020508625,0.016464972,0.022450008
4,-0.010441229,0.714659959,0.663586527,-0.089230955,0.117410451,0.110567316
4,-0.043319656,0.686738789,0.675040305,-0.064451665,0.005949839,-0.000169984
4,-0.041838644,0.690137893,0.676380575,-0.06170278,0.003811811,0.00380064
4,-0.044800669,0.683218271,0.682960421,-0.060939193,0.006407988,0.000135449
4,-0.037025349,0.71441716,0.681863785,-0.049027324,0.013585655,-0.003682459
4,-0.041221553,0.701306343,0.668216735,-0.063077219,0.005949839,0.00257891
4,-0.042702565,0.696329117,0.672481447,-0.065673396,0.007629718,0.002120761
4,-0.045541177,0.693051428,0.676624298,-0.059564739,0.006255271,0.003189775
4,-0.043196237,0.693536997,0.673090696,-0.058801159,0.0083933,0.000135449
4,-0.046405101,0.691109061,0.678573877,-0.059717461,0.008851449,-0.000475417
4,-0.039987374,0.681275964,0.681863785,-0.062466361,0.007324286,-1.73E-05
4,-0.048009535,0.694508165,0.672481477,-0.063229933,0.004575392,0.00257891
4,-0.042579148,0.695600748,0.673943639,-0.09835469,0.005644407,0.002120761
4,-0.044800669,0.690016508,0.677355409,-0.053761527,0.003353662,0.041216139
4,-0.042702567,0.688074142,0.674431026,-0.058037587,0.00671342,-0.000475417
4,-0.041591806,0.694022536,0.677355409,-0.06429895,0.003964527,0.002120761
4,-0.042702567,0.694022566,0.676624298,-0.057884865,0.006255272,0.002426193
4,-0.040974716,0.692444414,0.674187332,-0.061091907,0.007324286,0.001204463
4,-0.04307282,0.691351861,0.675162137,-0.058953881,0.005797123,0.003342491
4,-0.039246868,0.692687213,0.675040245,-0.060633756,0.00717157,0.001509895
4,-0.040481048,0.693901211,0.675283939,-0.057579428,0.007477002,0.001204463
4,-0.042702565,0.694022566,0.674309194,-0.059229754,0.005251758,0.002119622
4,-0.054303842,0.705312431,0.686128467,-0.020410255,0.017229132,-0.001546707
4,-0.041098138,0.697300285,0.673699945,-0.060421929,0.004553678,0.001660335
4,-0.040357629,0.702641726,0.666998237,-0.058131181,0.005622692,0.002118484
4,-0.081702599,0.655782729,0.736208171,-0.068021998,-0.043924333,-0.04326975
4,-0.024066475,0.682125717,0.746321619,-0.026635885,-0.03980099,-0.007992281
4,-0.008268994,0.640001208,0.736086309,-0.066494837,0.022659983,0.029423215
4,-0.016291153,0.688559771,0.676015049,-0.062829651,0.002806862,-0.006006969
4,0.023030168,0.738939196,0.648599148,-0.057942726,-0.006966982,-0.010435742
4,-0.004566459,0.692687184,0.685519218,-0.059719078,-0.000609054,-0.003022368
4,0.002279093,0.704584032,0.666876435,-0.057428338,-0.025349097,-0.029595006
4,0.032730198,0.570805341,0.803468496,-0.06563329,-0.00487988,-0.026842965
4,0.071036655,0.564978331,0.780317307,-0.064869702,-0.106588938,-0.167494673
4,-0.023572804,0.709318489,0.735355258,-0.07632342,-0.039088331,-0.068534519
4,-0.0159209,0.668772131,0.720124185,-0.067160442,0.17517266,0.154125866
4,0.015758984,0.631989092,0.750708163,-0.060737483,-0.002294322,-0.023306348
4,0.013576971,0.676420093,0.687590659,-0.0618065,0.00381433,-0.006049405
4,0.025093152,0.678483874,0.680523455,-0.062417366,-0.004585067,-0.015975966
4,0.023638477,0.680061996,0.717443526,-0.059668466,0.004272479,-0.004674959
4,0.008121938,0.680304825,0.724510759,-0.052666068,0.054276222,0.030741396
4,0.034184876,0.647649169,0.729872048,-0.060607314,-0.038728012,0.002183446
4,-0.0159209,0.606860071,0.729384691,-0.0577057,0.192179043,0.170171391
4,-0.004817685,0.619485229,0.72183007,-0.062287197,0.008919479,-0.003161625
4,-0.00678798,0.653597623,0.755825788,-0.046696462,0.011308049,-0.01416751
4,-0.00291982,0.641822159,0.755582094,-0.05127795,-0.001825553,-0.010502319
4,0.092978004,0.605160505,0.801153392,-0.054943144,-0.00732334,0.012252411
4,-0.004037846,0.632231861,0.752292156,-0.050208934,-0.000756539,-0.001797489
4,0.07043054,0.557208925,0.789821506,-0.048828654,-0.002505837,-0.018817606
4,0.022305024,0.532322705,0.762040079,-0.050355822,9.03E-05,-0.00293511
4,-0.009059983,0.730198652,0.788237423,-0.052799284,-0.006171029,0.00118823
4,0.051762203,0.662338167,0.705015004,-0.060893252,0.008489738,-0.003851408
4,-0.014626448,0.702520311,0.666389018,-0.054021016,0.054151915,0.056166105
4,0.001659635,0.697300285,0.670288175,-0.054479159,0.018263582,0.00989306
4,0.129708562,0.712717623,0.736208171,-0.030320331,-0.612084478,-0.571442857
4,0.044003937,0.646071076,0.611679107,-0.034749106,-0.300085038,-0.33381629
4,-0.065534862,0.761276096,0.61801523,-0.026044279,-0.109495089,-0.093898969
4,-0.063807014,0.740881562,0.599494249,-0.05414407,-0.000761077,-0.021358727
4,0.11928339,0.658696264,0.676502436,-0.064528793,-0.231668145,-0.185986913
4,0.075421447,0.751928598,0.774103046,-0.019092374,-0.134462323,-0.151923835
4,0.075279459,0.705191016,0.692099035,-0.034364007,-0.438215062,-0.417497501
4,-0.049120292,0.671078682,0.681985617,-0.052079104,-0.089411016,-0.085797673
4,-0.021227866,0.735175908,0.639460534,-0.044137858,0.001302477,0.008581007
4,-0.070965247,0.760547727,0.643847078,-0.057424173,0.003135073,0.009955454
4,0.129587341,0.573961645,0.889493525,-0.021535844,-0.816646099,-0.799135566
4,-0.061462078,0.712596238,0.669678927,-0.033600427,-0.166532747,-0.143066295
4,-0.086886149,0.684068084,0.646405876,-0.074833825,0.06284715,0.050577993
4,-0.12909504,0.68880254,0.603393436,-0.006548613,0.150712848,0.152870841
4,-0.034803825,0.701913327,0.683447808,-0.062442787,0.048545643,0.060477473
4,-0.026781667,0.699849606,0.635317683,-0.043906659,-0.005048496,-0.014443382
4,-0.014069632,0.704098493,0.654447883,-0.049099013,-0.054528581,-0.075835338
4,-0.074713873,0.699728221,0.831737339,0.005532518,0.01252978,-0.01004417
4,0.00099325,0.510471374,0.801518947,-0.028828651,-0.014348291,-0.006226264
4,0.033457534,0.658210665,0.688687295,-0.049598068,0.000770627,-0.044558058
4,-0.126133012,0.708468765,1.063858598,0.13199196,0.003006293,-0.004595902
4,0.060005366,0.641215175,0.614481598,-0.037523143,-0.060829124,0.001207319
4,0.009576614,0.626890451,0.745468646,-0.054321937,0.005907902,-0.006428497
4,0.025183648,0.661609739,0.721220821,-0.048366003,0.016292612,-0.01085727
4,0.052247096,0.625797838,0.778976977,-0.059819728,-0.011959907,-0.022005562
4,-0.001056062,0.502580643,0.758871973,-0.043020926,0.038741908,0.026863658
4,-0.152421016,0.788226128,0.325506061,0.059940927,-0.073763052,-0.178308919
4,0.093921259,0.664644673,0.764598846,-0.086666726,-0.03894373,0.073978435
4,-0.099845018,0.595205992,0.752779573,0.035048172,0.325895526,0.221502386
4,-0.062190101,0.559636921,0.824426413,-0.002061889,-1.07E-06,-0.175712731
4,-0.146743797,0.604432136,0.741203934,-0.03153614,-0.000611937,-0.003448733
4,0.008254642,0.606010258,0.701481372,-0.053766571,-0.018290835,-0.021119299
4,-0.044060165,0.666951209,0.606317759,-0.032844439,0.023248003,0.023015716
4,-0.027275341,0.564978302,0.852573454,-0.01008971,-0.048070513,-0.042957731
4,-0.027645593,0.595084608,0.721342683,-0.06032639,0.077953089,0.082650222
4,-0.038753196,0.681761563,0.692342728,-0.016954951,-0.025435856,-0.051129265
4,0.101221172,0.660638571,0.674918428,-0.02276326,-0.190362915,-0.16541677
4,-0.027769011,0.597512543,0.786653429,-0.037118591,0.002212357,0.006541801
4,-0.012606351,0.7200014,0.647502512,-0.007033475,-0.06910616,-0.118532861
4,-0.02209179,0.643036127,0.798472703,-0.041394651,-0.31543757,-0.33096125
4,-0.052082324,0.657239527,0.718661994,-0.019556217,-0.095220651,-0.104635676
4,-0.093308439,0.709197104,0.773981214,0.015423335,-0.080712428,-0.216129273
4,-0.056062417,0.615357786,0.783850908,-0.016224861,-0.024245239,-0.057389992
4,0.136497049,0.545433521,0.844044,-0.013376094,-0.802113295,-0.84765923
4,-0.018469961,0.580274254,0.777392924,-0.022691786,0.046989408,0.000221721
4,-0.019746852,0.645099849,0.682473034,-0.045016579,-0.002741851,-0.029286425
4,-0.05393359,0.590228766,0.781413943,-0.025774322,0.012987929,0.002173135
4,-0.002911041,0.666951209,0.689662099,-0.040539622,4.03E-05,0.002828326
4,0.015274093,0.709197074,0.684178889,-0.052146062,0.003705482,-0.039932243
4,0.017698552,0.738817781,0.648842871,-0.048328154,0.006454376,0.004966355
4,-0.004124455,0.592292488,0.71841833,-0.041404001,0.279152155,0.298087139
4,-0.012958871,0.703370094,0.671019286,-0.040793136,0.00746983,0.004413689
4,-0.009284031,0.497846171,0.889737219,-0.082484685,0.078024764,0.036025967
4,-0.044800671,0.540213466,0.831981033,-0.035600781,0.01907627,-0.006734602
4,-0.176487491,0.680304796,0.593767375,-0.039025091,-0.055578173,0.017653618
4,-0.112680472,0.600547463,0.755825788,-0.139817864,-0.106432706,-0.001894068
4,-0.02502917,0.757755637,0.809317231,-0.043453857,0.011158857,-0.004032098
4,-0.041483417,0.622155964,0.630687475,-0.061779819,-0.061686829,-0.073976161
4,-0.005718417,0.700699359,0.710498184,-0.023753464,0.21442426,0.213588648
4,-0.070348158,0.728863299,0.662246197,-0.004816644,0.038647793,0.052472937
4,0.084977292,0.714659959,0.722682983,-0.030194402,0.008222418,0.004116802
4,-0.100100628,0.475752041,0.752292156,-0.065013722,-0.174120858,-0.034062278
4,-0.097746916,0.667194009,0.73413673,-0.041495405,-0.002315008,0.003505936
4,0.033699981,0.599819064,0.739010721,-0.042106271,0.002877347,-0.001075553
4,-0.076098483,0.647406399,0.821867645,-0.029125385,0.019370708,0.027482397
4,-0.023943058,0.492019147,0.891443044,-0.056767039,-0.022320845,-0.024288434
4,-0.027341186,0.607952595,0.791527361,-0.029430822,-0.028429499,-0.000159255
4,0.07223453,0.868590444,0.666389048,-0.235252678,-0.024685995,0.040625521
4,-0.018759509,0.685039252,0.703552812,0.002221193,-0.022242533,-0.009465427
4,0.06836975,0.723036289,0.603880793,-0.051993094,0.003566523,0.032073407
4,0.223292693,0.669014961,0.668947846,0.021852046,-0.000447821,-0.087621752
4,0.039518686,0.624705285,0.732430845,-0.044426829,0.004286387,-0.012485326
4,-0.046158265,0.608195394,0.713056982,-0.063287392,0.050655361,0.035263535
4,-0.058376631,0.706405014,0.685762942,-0.033936858,-0.004949808,0.000113019
4,-0.056278527,0.579060286,0.729750216,-0.027334683,-0.049580363,0.00732386
4,-0.054057008,0.681761563,0.655910105,-0.024234183,0.013322476,0.003213463
4,0.028487395,0.671928465,0.686737716,-0.050838292,0.017703166,0.03332472
4,-0.016908241,0.608923793,0.706720859,-0.059681863,0.018253815,-0.007997505
3,0.007765864,0.698028624,0.810779423,-0.044738024,0.139693309,0.110530645
3,0.008373668,0.569227189,0.752414018,-0.076003939,-0.09339983,-0.100301962
3,0.084128734,0.701913327,0.675893217,-0.046139084,0.018472157,-0.042179201
3,0.061217596,0.471138999,0.720124215,-0.03667067,-0.161427658,0.014783978
3,0.018816909,0.638665855,0.788603008,-0.080958411,-0.109809548,-0.128005769
3,-0.025183821,0.691473246,0.736330032,-0.016433522,-0.131007493,-0.130172815
3,-0.11739805,0.618878275,0.254327923,-0.107757881,-0.356264025,0.048657976
3,-0.221041322,0.784705609,0.685884774,0.094740368,0.00317971,0.127415666
3,0.102675842,0.647649169,0.766548455,-0.04056628,0.052048935,0.012420284
3,0.075279457,0.625797868,0.614725322,-0.130516186,0.054492392,0.062969385
3,-0.081332344,0.791382372,0.831737339,0.00568524,0.190596994,0.244686648
3,-0.257326171,0.660759985,0.801153421,-0.125039928,0.279325183,0.15733291
3,0.128253892,0.758241206,0.870972544,-0.022414573,0.130579494,0.11564135
3,0.016728768,0.717937678,0.713788092,-0.027759641,-0.054818116,-0.005768115
3,0.031275522,0.654568762,0.67199406,-0.061428398,-0.039155183,0.026169538
3,-0.01916488,0.659910202,0.732309014,-0.021264009,0.029109008,0.025864107
3,0.076734133,0.669621944,0.789943337,-0.066315323,0.010324901,0.004941972
3,0.032124085,0.584037542,0.653716803,-0.067313142,-0.017119399,-0.020055663
3,-0.222028663,0.47915113,0.66785121,-0.1758435,0.454498574,0.661028653
3,0.024885476,0.804371804,0.816140741,0.010470409,0.233518092,0.185317328
3,0.037094226,0.210229464,0.344188441,-0.675531298,0.344390119,0.049247101
3,-0.039123451,0.771109223,0.632758856,-0.079438016,-0.014073987,-0.001232511
3,-0.026781667,0.583309174,0.779464364,-0.055327654,-0.023449594,-0.046736657
3,-0.043813327,0.683825314,0.694414169,-0.098088227,0.002817611,0.002896142
3,0.082431614,0.707133383,0.640922695,-0.077764258,-0.005557464,-0.040686175
3,0.043761488,0.744280636,0.658590704,-0.053635091,-0.046485435,-0.028621588
3,0.010867685,0.714538515,0.631053001,-0.055102684,-0.043259422,-0.036253771
3,-0.022585462,0.708711535,0.5784145,-0.070832461,0.014772775,-0.000518152
3,-0.027092154,0.696814716,0.646405876,-0.065158047,0.017737952,0.005327143
3,0.001679562,0.688074142,0.634830296,-0.054620624,-0.003947765,-0.018802034
3,-0.05220574,0.732262403,0.749489635,-0.028245755,0.05147452,0.002206123
3,-0.01135444,0.638665885,0.733771205,-0.080474734,0.017266067,0.001900691
3,-0.021493951,0.747315526,0.631418526,-0.060163468,-0.018469549,-0.009400317
3,-0.120332379,0.622520149,0.567204416,-0.025883265,-0.039814054,-0.0215469
3,-0.093797542,0.658210695,0.706964552,-0.005471274,-0.055691794,0.005536621
3,-0.132920992,0.675570339,0.707939327,-0.065971717,0.028505082,0.018135537
3,-0.196234342,0.679333627,0.697582245,-0.010841124,0.048510919,0.055703752
3,-0.047886115,0.672535419,0.727435112,-0.041231677,0.000252564,0.032949017
3,-0.007158234,0.593142241,0.198455065,0.226739101,0.174984505,-0.079106338
3,-0.104781728,0.608802348,0.58316654,-0.16116035,0.072511856,-0.076968307
3,-0.233383097,0.621184796,0.651158005,-0.123133987,0.469879687,0.450971961
3,-0.136006439,0.729834467,0.656153768,-0.095339611,0.250884511,0.268323265
3,-0.104411483,0.726678193,0.767279536,-0.034100369,0.185216505,0.239154447
3,-0.078740571,0.607952595,0.77714926,-0.063421905,0.034180063,0.022144576
3,-0.047269026,0.703127295,0.652985722,-0.065254502,0.010203602,-0.033902311
3,0.281358495,0.732383817,0.785434932,-0.049412578,-0.611611649,-0.563243553
3,0.286086172,0.597269714,0.749611527,-0.099656239,-0.986682892,-0.960153222
3,0.028972288,0.608195394,0.656763017,-0.023603521,-0.108716827,-0.16053064
3,0.183046665,0.58549431,0.759115666,-0.041143939,-0.536434419,-0.494546421
3,0.153710701,0.607952595,0.64262861,-0.086653396,-0.969537884,-0.989347279
3,0.14118237,0.608316779,0.647502512,-0.05473569,-0.563465189,-0.571820872
3,-0.0048057,0.681033164,0.662855446,-0.060691625,-0.18350704,-0.19629149
3,0.208382277,0.692808598,0.723657757,-0.057179153,-0.354702035,-0.36992994
3,0.105299186,0.693658382,0.765939206,-0.025872298,-0.621039271,-0.63550359
3,-0.058623468,0.684432268,0.65554449,-0.060691625,0.021743685,-0.018987856
3,-0.042702568,0.735661507,0.703674614,-0.059317179,-0.090044651,-0.106647015
3,-0.056278529,0.630532324,0.61533457,-0.066800274,-0.000247464,0.037211745
3,-0.306569867,0.617907107,0.725363672,-0.081504777,0.688875556,0.657401994
3,-0.233136274,0.643764496,0.693195671,-0.090209603,0.830443591,0.807827562
3,-0.049326614,0.71696648,0.705380559,-0.080741189,-0.175498775,-0.192464277
3,-0.001402171,0.705069602,0.733161956,-0.012018852,0.032806268,-0.01699324
3,0.165590558,0.595812976,0.722682983,-0.114655226,-0.509301864,-0.517673165
3,0.184016444,0.538878113,0.739132553,-0.10106346,-0.561530843,-0.723382026
3,0.086916864,0.69208023,0.634342909,-0.082737505,0.048570829,-0.010807752
3,0.174197391,0.574690014,0.804565161,-0.107935704,-0.640637904,-0.741249859
3,0.055035222,0.709439903,0.671628505,-0.103048779,0.100188944,0.016070321
3,0.211291615,0.592899472,0.644334465,-0.14565663,-0.426529624,-0.495071158
3,0.111692941,0.63550958,0.673212558,-0.109462872,-0.38437991,-0.466665946
3,0.211170397,0.672899634,0.67467472,-0.082890235,-0.243728191,-0.275312394
3,0.035518326,0.676055938,0.749611557,-0.085486412,-0.372773476,-0.412604354
3,0.217231546,0.608316809,0.730237603,-0.107477546,-0.507621966,-0.53080678
3,0.021941355,0.638180315,0.707939327,-0.114960656,0.034826364,0.052722232
3,0.226929367,0.569227189,0.737670392,-0.101368889,-0.327111285,-0.331206564
3,0.114919365,0.579545856,0.725120008,-0.131148577,-0.426376913,-0.562266342
3,0.284752734,0.623855531,0.733893037,-0.133592039,-0.687369078,-0.783094108
3,0.213473625,0.59945485,0.705502361,-0.138937116,-0.555574894,-0.636791885
3,0.19395674,0.641943544,0.738157749,-0.09846729,-0.450047925,-0.5563104
3,0.20644271,0.679819196,0.665536106,-0.146114781,-0.234412491,-0.216669335
3,0.074689215,0.652019471,0.675771385,-0.085486412,-0.342993796,-0.467429504
3,0.248022161,0.636966348,0.812972695,-0.103659645,-0.719897658,-0.85212189
3,0.305239424,0.557937354,0.800909698,-0.133744761,-0.963632882,-1.127316654
3,0.02884211,0.642914742,0.635683239,-0.08029405,-0.231663596,-0.302954057
3,0.278691575,0.620941997,0.732796431,-0.10289605,-0.619104877,-0.715746209
3,0.258932233,0.569955587,0.790430725,-0.10671398,-0.972643167,-1.059663385
3,0.207776152,0.673870772,0.803955913,-0.091289625,-0.570082933,-0.690700769
3,0.055156445,0.674963355,0.754363567,-0.097856417,-0.137437638,-0.182308158
3,0.12649971,0.530623153,0.774346739,-0.081968106,-0.276020736,-0.25354258
3,0.16862113,0.691716045,0.67199406,-0.039054811,-0.397430226,-0.409465928
3,0.00646483,0.687588602,0.736817449,-0.037374936,-0.002200402,-0.001255229
3,0.092129449,0.655054361,0.666267186,-0.076623023,-0.470886752,-0.521254271
3,-0.037148765,0.709197104,0.777392954,-0.026532076,-0.088026972,-0.086929083
3,-0.053069665,0.677998275,0.724998087,0.05351951,-0.125040785,-0.109184599
3,-0.048256372,0.55453822,0.789943337,-0.155549124,0.406717417,0.36331966
3,-0.080727922,0.740638763,0.729750216,-0.032765202,0.411146194,0.43799793
3,-0.200430542,0.639151454,0.571103573,-0.052923754,0.508884616,0.493739396
3,0.201836228,0.637451917,0.853060812,0.026183292,-0.669474483,-0.623838581
3,-0.003638394,0.877088189,1.022064567,-0.169292174,-0.465476826,-0.503025957
3,-0.182082987,0.622884363,0.731943458,-0.062085323,0.409893084,0.352948967
3,0.034642749,0.590957135,0.732552707,-0.015048705,0.048566291,-0.010668585
3,-0.102807047,0.692201614,0.54770866,-0.006649308,0.062310755,0.094400242
3,-0.144398861,0.647770584,0.676867962,-0.058267422,0.272906549,0.263151772
3,0.128738781,0.641700804,0.690880597,-0.01168894,-0.309400745,-0.301898591
3,-0.192038134,0.653233439,0.521511272,-0.095835641,0.084149197,0.13487006
3,0.074915785,0.740881562,0.645187408,-0.035818122,-0.326810405,-0.317017496
3,-0.328044578,0.642793328,0.765329987,-0.091479912,0.886598945,0.849589706
3,-0.146867201,0.648256183,0.772153467,-0.121412307,0.989224255,0.964585096
3,-0.028509517,0.719879985,0.622767299,-0.022299416,-0.242738187,-0.239735715
3,-0.269914784,0.645949632,0.67808646,-0.07315395,0.365378168,0.364868138
3,-0.003742042,0.65553996,0.665048689,-0.062769242,0.23175139,0.222689286
3,0.014061862,0.73396197,0.607170701,-0.036440663,-0.203897588,-0.210393161
3,-0.01010608,0.723643243,0.725363702,-0.046367228,-0.103562966,-0.078598984
3,-0.017155077,0.59387061,0.646162182,-0.112493381,0.021053541,-0.021330368
3,-0.071335502,0.552595884,0.576099366,0.241350323,-0.073783288,-0.024231977
3,-0.084047539,0.716116697,0.718174607,-0.045909077,-0.013613061,-0.000560948
3,-0.07762981,0.685524821,0.719514936,-0.091997013,0.030791812,0.012213765
3,-0.112803886,0.357398481,0.769472808,-0.210199438,-0.197824512,-0.209683038
3,-0.107496925,0.732383817,0.676258743,-0.041632593,-0.049177445,-0.078814134
3,-0.01546184,0.728256315,0.576830417,-0.061204515,-0.192720942,-0.235911593
3,-0.102648173,0.588407815,0.633002579,-0.022872716,-0.057108849,-0.078308359
3,-0.000643428,0.728256345,0.842338145,-0.004546762,0.152570639,0.125720633
3,0.237112105,0.612808466,0.725363672,-0.099230871,-0.822675705,-0.825701952
3,0.333120689,0.594599009,0.74303171,-0.037075333,-0.935991228,-1.032785267
3,0.304269627,0.583430558,0.760699719,-0.045627445,-1.118487298,-1.207492769
3,0.179773647,0.537057191,0.703552783,-0.039366074,-0.901630104,-0.964062929
3,0.199532986,0.833021313,0.769107282,0.01988785,-0.687216341,-0.642136961
3,-0.06886715,0.554174036,0.732918262,0.049667526,-0.43920505,-0.563029915
3,0.057702128,0.730684251,0.553557381,-0.060288206,-0.236550517,-0.108088045
3,0.424037889,0.598483711,0.693073839,-0.063495256,-0.905906171,-0.940544665
3,0.305360623,0.454264924,0.76277113,-0.001950588,-1.058317006,-1.161219716
3,0.145346325,0.581366807,0.670288175,-0.012029856,-0.621090189,-0.653132543
3,-0.197098263,0.696814686,0.710376322,0.007375449,0.301719397,0.305570908
3,0.101584833,0.697664469,0.751561075,-0.115255743,-0.019443005,0.002276301
3,0.219898455,0.611351699,0.845628053,0.024479676,-0.159178428,-0.193658695
3,0.141952088,0.650684118,0.727678746,-0.048213288,-0.115043402,-0.150287285
3,0.151292158,0.584037542,0.701725066,-0.052794777,-0.136576429,-0.122951061
3,-0.247329332,0.514234662,0.607048869,-0.038439445,0.003922582,0.139568299
3,0.057096014,0.627497375,0.713422537,-0.0567654,-0.050597131,-0.063544407
3,0.286328629,0.803036422,0.709767044,-0.130985521,-1.004005075,-0.89707005
3,0.233475409,0.641093791,0.833443224,0.004168414,-1.055317789,-1.077886164
3,0.199896663,0.567649037,0.734502316,-0.00957606,-0.989191592,-1.043524981
3,0.265720725,0.561215073,0.780073613,-0.003161974,-0.936199039,-0.970221162
3,0.261841595,0.597269714,0.781657666,-0.066386521,-0.898783535,-0.966555953
3,0.246688716,0.654447377,0.72524184,-0.029429175,-0.823494405,-0.890808672
3,-0.094433885,0.747194141,0.710985541,-0.027291149,-0.287154712,-0.333394118
3,0.123283744,0.685889035,0.702577978,-0.05829256,-0.248822905,-0.264977209
3,0.155044161,0.598726481,0.736451894,-0.034468815,-0.710026175,-0.769399196
3,0.165711788,0.651048303,0.782145023,-0.042104632,0.099981129,0.090851784
3,0.176621854,0.582944959,0.832955867,-0.045006238,-0.826243311,-0.855989337
3,0.165711783,0.636359334,0.668338627,-0.028393053,-0.672424078,-0.689369678
3,0.21662543,0.660517186,0.759968609,-0.028087616,-0.822696894,-0.874461859
3,0.283661723,0.574204415,0.762040019,-0.021368101,-0.966555685,-1.008699536
3,0.114070802,0.626404852,0.726825833,-0.033279978,-0.041094825,-0.022762984
3,0.176379398,0.691109061,0.739741802,-0.032821827,-0.640964508,-0.672723621
3,0.281479716,0.615600586,0.835514665,-0.004111156,-0.884088844,-0.912182778
3,0.248749517,0.580759853,0.728775412,-0.029309347,-0.919519067,-0.964259028
3,0.143285539,0.606981456,0.717809081,-0.021368101,-0.726791054,-0.771378338
3,0.120131951,0.660638571,0.704405725,-0.032058246,-0.299948983,-0.330028214
3,0.283904165,0.610744715,0.774590462,-0.009914376,-0.976176828,-1.010990262
3,-0.069952417,0.67204988,0.539544821,-0.080405362,0.159587465,0.238301188
3,0.048912946,0.711503655,0.710498154,-0.007865109,-0.183413358,-0.155096035
3,0.315664575,0.638665855,0.738035947,-0.018402532,-1.037250221,-1.113085389
3,-0.018636092,0.786040962,0.663830191,-0.020980537,-0.05237902,-0.02694653
3,0.102361473,0.728013515,0.541250706,-0.090619184,-0.498768821,-0.499603495
3,0.040852136,0.660274416,0.664805025,-0.078048468,-0.284475368,-0.298757576
3,0.166439116,0.646071017,0.64945212,-0.009326123,-0.784926713,-0.803637713
3,0.141830862,0.57408303,0.730481297,0.010068849,-0.721549451,-0.723461628
3,0.058308243,0.603460938,0.684178889,-0.029942825,-0.467124075,-0.532718956
3,0.011774495,0.669379145,0.761187136,-0.041243836,-0.164287627,-0.173530176
3,0.290207744,0.583794743,0.744859397,-0.02093257,-0.72521466,-0.764542297
3,0.002873376,0.634416968,0.700019211,-0.018030956,-0.39000234,-0.46735635
3,0.005135766,0.732383788,0.60643959,-0.020779848,-0.165967505,-0.168795969
3,0.217595205,0.66646564,0.704527587,-0.002148457,-0.708873987,-0.760418981
3,0.160377972,0.65250507,0.638607591,-0.005202785,-0.917637199,-0.997281939
3,-0.078089042,0.557815969,0.709401488,-0.023681462,-0.146114388,-0.145430367
3,-0.050477888,0.69487235,0.693439394,-0.026430346,-0.229497492,-0.239198193
3,0.063278385,0.696086347,0.787993759,-0.002301171,-0.297150806,-0.333882302
3,0.024716313,0.681275994,0.708061188,-0.025208622,-0.342049405,-0.343656138
2,0.079753732,0.561579227,0.642384887,-0.059856936,0.11724402,0.1148067
2,0.039182872,0.650077134,0.744859397,-0.062300399,0.031875602,0.039364838
2,0.25299231,0.570198357,0.665657967,-0.017554514,-0.397562683,-0.412522718
2,0.066793852,0.647891968,0.682351172,-0.06897898,-0.066216327,0.00965378
2,0.087886643,0.671078682,0.65079245,-0.081263825,-0.041392638,-0.051342179
2,-0.430604771,0.524310559,1.015241027,0.7673807,0.181878608,0.097861663
2,-0.015920899,0.636966288,0.711229265,-0.047893077,0.080351889,0.101039682
2,-0.048009532,0.645464063,0.653594941,-0.086988464,0.04339454,0.014602248
2,0.053822992,0.647527814,0.644821852,-0.067135334,-0.033574481,-0.029532765
2,0.114555692,0.664280474,0.715250224,-0.033079602,-0.028382126,-0.01655188
2,0.091462385,0.676420093,0.843312949,-0.072327696,0.025984881,-0.013955702
2,0.0327302,0.665737212,0.578414485,-0.050641984,-0.157580126,0.026361406
2,0.036609333,0.633810014,0.692220926,-0.08485043,-0.034032628,-0.077485691
2,-0.108484263,0.881337047,0.648599178,0.013648011,0.254398048,0.437429786
2,0.080569874,0.58258079,0.653229386,0.031515822,0.473087817,0.342134804
2,-0.007341592,0.576510981,0.430246793,-0.163350187,0.230727009,0.307468198
2,-0.002083085,0.680304796,0.579023734,-0.102110952,-0.005677836,0.010282259
2,0.155892719,0.663916275,0.297998577,-0.242609963,0.289828236,-0.060883543
2,0.024365814,0.461912863,0.368957054,-0.255896285,0.012953556,-0.02163545
2,0.098190598,0.55733037,0.770691276,-0.064237304,0.027919753,0.009060528
2,0.012205359,0.681518734,0.840266764,-0.093406126,-0.025225522,-0.030187564
2,-0.366427526,0.644007295,0.919346303,0.093038969,-0.073602219,-0.085027881
2,0.013202832,0.677148461,0.734502316,0.056692477,-0.095135219,-0.168563709
2,-0.038498764,0.614022419,0.873653203,-0.0782272,-0.360317588,-0.415180594
2,0.224383708,0.611473113,0.874018759,-0.053029001,-0.493180797,-0.461911798
2,0.29141999,0.602732539,0.549780115,-0.105135843,-0.212108105,-0.325824156
2,0.07186107,0.645949662,0.769960195,0.004514471,-0.366504282,-0.392713919
2,0.012173282,0.698999792,0.715615809,-0.058404647,-0.080619369,-0.119962569
2,-0.04541776,0.636237949,0.721342713,-0.053953201,0.10788643,0.124916475
2,0.053216879,0.604067922,0.731699765,-0.056570619,0.018427771,0.00424904
2,-0.07158234,0.604310721,0.706355304,-0.06054125,0.062257349,0.077400155
2,-0.028139264,0.720729768,0.7614308,-0.040102907,-0.032718627,-0.004852729
2,0.263417475,0.577603564,0.780926585,-0.019791633,-0.715513259,-0.753468081
2,0.038747955,0.720608354,0.603149712,-0.043777764,-0.052816983,-0.059730005
2,-0.001974685,0.674234986,0.601687491,-0.060576558,0.094554255,0.100469408
2,0.011691092,0.679455042,0.808098733,-0.035461374,-0.005212661,-0.03578782
2,-0.06800322,0.788347483,0.799934864,0.0642552,0.021491217,0.078048306
2,-0.321379997,0.595691592,0.524557486,0.014316969,0.25896509,0.208009891
2,-0.00657255,0.795509875,0.514809608,-0.04280521,-0.1611441,-0.149661276
2,-0.097623497,0.672535449,0.647136956,-0.062352888,-0.000181107,-0.014201906
2,-0.100832362,0.627861619,0.720124185,-0.049982868,0.031583887,0.018173952
2,-0.035544332,0.605403304,0.708426744,-0.002182662,-0.009191368,0.044288442
2,-0.094044384,0.688438326,0.744615704,-0.008596748,0.001651485,0.030849406
2,-0.150569744,0.640486807,0.711838484,-0.05670239,0.030514871,0.013439747
2,-0.011765048,0.731898218,0.615090847,-0.064338207,-0.107387956,-0.060933098
2,-0.080838677,0.615357816,0.659199983,-0.122675836,0.001346055,-0.017408947
2,-0.038506362,0.73954615,0.594864011,-0.042652488,-0.020797809,-0.024586615
2,-0.138598213,0.622641563,0.745224953,-0.106506519,0.300450936,0.29850935
2,-0.131069727,0.666101426,0.603758931,-0.077643134,0.447211318,0.455807142
2,-0.078508092,0.651048303,0.651036143,-0.056873716,0.392997034,0.376394674
2,0.082674056,0.725100011,0.679426819,-0.065731265,-0.460228994,-0.457283676
2,-0.059981064,0.68601045,0.711838484,0.34736634,0.54113191,0.27208944
2,-0.038266283,0.664766103,0.741082102,-0.063898668,0.516239092,0.508341551
2,0.024608262,0.692323059,0.699653655,-0.11536406,-0.005439818,-0.029983433
2,0.409854829,0.60783118,0.683691502,-0.039769486,-0.822624832,-0.82838428
2,-0.069484237,0.703855693,0.624229491,-0.097592726,0.191355355,0.150915675
2,-0.187595092,0.701670527,0.679183125,-0.060940817,0.52412419,0.485364407
2,-0.090835522,0.690137893,0.622279912,-0.032841019,0.467924595,0.491625778
2,0.023517254,0.598969281,0.759481221,-0.051319689,-0.091017108,-0.078922371
2,0.043025371,0.610501915,0.739498109,-0.102632359,-0.037413687,-0.047310099
2,-0.063313343,0.674720585,0.623254687,-0.057681032,0.045787157,0.124880215
2,-0.002884876,0.634052783,0.540032223,-0.06562227,0.133599034,0.135264926
2,-0.007459437,0.713445961,0.725729227,-0.057070166,0.202168662,0.200932935
2,-0.053933591,0.676420093,0.690515012,-0.063942403,0.040289372,0.021796702
2,0.018629333,0.671685666,0.672115922,-0.088529721,-0.01804826,0.021338555
2,-0.176364064,0.638058901,0.737670362,-0.072647229,0.710103124,0.688403383
2,0.012728411,0.661731154,0.691246092,-0.05172509,0.106873679,0.120298725
2,0.029016688,0.661731154,0.609729499,-0.051572375,-0.093490122,-0.043718593
2,-0.144028604,0.616935939,0.693439394,-0.098314583,0.827118605,0.81523481
2,-0.340386361,0.312838234,-0.183905214,-0.064564265,0.718690008,0.36594339
2,0.045413022,0.621063441,0.632393301,-0.090526044,0.208006658,0.207118437
2,0.08570463,0.595327407,0.642263055,-0.082126647,-0.366359383,-0.375647008
2,-0.132674158,0.592292488,0.777758509,-0.053263262,0.304981519,0.318143196
2,0.082674056,0.652990609,0.763014793,-0.063647971,-0.155152723,-0.12671943
2,-0.098117165,0.675570339,0.80651474,-0.035242736,0.669515342,0.644956112
2,-0.026667882,0.623976916,0.83246842,-0.088840336,-0.011363372,0.121681403
2,0.048815536,0.616814524,0.760699749,-0.044094451,-0.233871035,-0.324861094
2,-0.003337855,0.669136316,0.695754498,-0.046079762,-0.029383902,-0.04890272
2,-0.113886287,0.673385233,0.820039898,-0.049744956,0.336218953,0.419020064
2,-0.07273041,0.672656804,0.670410037,-0.047912359,0.209311691,0.204453636
2,0.100097751,0.653718978,0.702943563,-0.064253002,0.083168022,0.088541958
2,0.084856067,0.829743624,0.563427091,-0.100876682,-0.176658891,-0.122623626
2,-0.052961104,0.693901181,0.679548651,-0.048036836,-0.01798665,-0.070852798
2,-0.08836716,0.726071179,0.656641156,-0.079496391,-0.075102553,-0.077572316
2,-0.046775355,0.730805636,0.589137137,-0.116911888,0.037449369,0.024594893
2,-0.169452681,0.731534034,0.670044482,-0.081176274,0.104491837,0.125387657
2,-0.127984282,0.679819226,0.626666457,-0.062850319,0.097314164,0.088430315
2,0.163644414,0.714295745,0.628372341,0.006482884,-0.557533383,-0.53633213
2,-0.051301472,0.685039252,0.461927384,0.028780174,-0.027470747,0.061788309
2,-0.017155079,0.642793357,0.768741727,-0.063765213,-0.004578985,-0.014944643
2,-0.083307029,0.734568924,0.670288175,-0.055213094,0.068266694,0.05652659
2,0.054822819,0.652383655,0.655910045,0.061004017,-0.366058499,-0.285557933
2,0.049766406,0.699606806,0.64396891,-0.032458358,-0.238387656,-0.226914879
2,-0.057019033,0.73396197,0.699653655,-0.05307506,-0.067039957,-0.02074786
2,-0.174142547,0.690987676,0.787628204,-0.051089756,0.030240334,-0.010668587
2,-0.189693207,0.604917675,0.73206535,-0.095072053,0.713187702,0.651203856
2,0.125586985,0.76164031,0.645309269,-0.046886742,-0.657821149,-0.640768766
2,-0.038382944,0.649227351,0.647136986,-0.086134844,-0.018092495,-0.003025432
2,0.019253007,0.688681155,0.662124336,-0.052995406,-0.281833559,-0.24721881
2,0.226565704,0.605646074,0.706720829,-0.043679699,-1.034572303,-1.025003016
2,0.112494905,0.721943736,0.802981138,-0.01939781,-0.707148463,-0.663523495
2,-0.181917869,0.715631127,0.701725066,-0.062311091,0.27726087,0.186190069
2,-0.237085644,0.651048303,0.690271318,-0.104308076,0.612625897,0.561414048
2,-0.085034881,0.641700804,0.72048974,-0.095814928,0.003150159,0.000301893
2,-0.074050693,0.665008873,0.675283968,-0.097109385,0.03831365,0.041540652
2,-0.09873426,0.671928436,0.674187362,-0.053833216,0.191955544,0.21814356
2,-0.021721537,0.640850991,1.149518043,-0.069410279,0.100631192,0.172939541
2,-0.00463619,0.67204988,0.624716908,-0.059636444,0.046111468,0.035189419
2,-0.003867148,0.661245555,0.683325946,0.010002203,-0.075603431,-0.094619451
2,-0.062924191,0.66112417,0.620695859,-0.088082589,0.295054965,0.285461903
2,-0.134525431,0.620092243,0.869144827,0.007670544,0.629809111,0.597308606
2,-0.10521261,0.747558355,0.842947394,-0.014626034,-0.110712275,-0.146419823
2,-0.052822828,0.647042215,0.664317578,-0.058761053,0.274132833,0.31600517
2,0.035772912,0.472595736,0.606195912,0.054401733,0.125234423,0.091206741
2,-0.132093553,0.760669142,0.726825863,-0.005615778,0.21854409,0.082043767
2,-0.038307816,0.813476533,0.614481628,-0.031119391,0.751982182,0.656867981
2,-0.093550706,0.622398794,0.59169592,-0.106408536,0.762519598,0.784080654
2,-0.155506466,0.479515314,0.613141283,-0.061051793,0.944251984,0.752162963
2,-0.079110824,0.642429173,0.900947213,0.064786445,0.56230849,0.519576028
2,0.045947365,0.678241044,0.665048718,-0.006226636,-0.434623588,-0.422683638
2,-0.386174366,0.595934391,0.834174275,-0.10091076,0.673180535,0.675346643
2,-0.100585534,0.696693301,0.715250283,-0.056012154,0.762977719,0.805155486
2,-0.092724269,0.639515638,0.666389018,-0.084865198,0.359446168,0.407890841
2,0.252507433,0.617664337,0.866220474,0.010277063,-0.618549109,-0.629205644
2,-0.158098236,0.655904114,0.717443526,-0.085170634,0.388309546,0.396589835
2,-0.223633096,0.583673328,0.606805146,-0.076313086,0.256668091,0.27350051
2,-0.091823209,0.715388328,0.802493721,-0.056918122,0.163205698,0.121547759
2,-0.176857742,0.632596046,0.736208171,-0.074022338,0.207798854,0.159726843
2,0.194077964,0.646678001,0.792989522,-0.036454126,-0.206062332,-0.239473581
2,-0.133127145,0.637330502,0.70818302,-0.054627374,0.256515384,0.268613577
2,-0.194506489,0.631503463,0.698678851,-0.097540647,0.371663481,0.355661884
2,-0.245724887,0.593020886,0.770813137,-0.100594983,0.757272154,0.766316026
2,-0.270408452,0.656268358,0.76277113,-0.063637637,0.78689912,0.796248436
2,-0.191667877,0.561822027,0.752901405,-0.053252928,0.891509771,0.902080834
2,-0.278677449,0.554659635,0.830640733,-0.108078077,0.989859104,0.93888548
2,-0.172784947,0.706526369,0.715737641,-0.090243161,0.507156745,0.507926181
2,-0.145015935,0.723036289,0.715250254,-0.067183003,0.43751809,0.418434441
2,-0.262633137,0.690380692,0.596326187,-0.040304922,0.54273963,0.554962814
2,-0.219436884,0.643278956,0.757653475,-0.055423841,0.852906466,0.829394042
2,-0.319035083,0.59666276,0.761065274,-0.063517801,0.913382143,0.94041878
2,-0.21770905,0.6245839,0.732552707,-0.099864289,0.821446896,0.796560049
2,-0.152297594,0.655782759,0.638729423,-0.020604521,0.36711587,0.385142274
2,-0.165873557,0.618028522,0.727678806,-0.074055232,0.582598597,0.563362211
2,-0.098734261,0.614872187,0.628737897,-0.041309983,0.300544642,0.328251108
2,-0.330759764,0.541063249,0.647502512,-0.109574184,0.733648092,0.765019774
2,-0.296202779,0.577724904,0.76959464,-0.086514011,0.989142478,1.036549389
2,-0.253870472,0.602975339,0.729384661,-0.06024681,0.790305853,0.823662817
2,-0.27411098,0.600426048,0.753632486,-0.096745998,0.856126577,0.888109118
2,-0.304718599,0.562671781,0.661393225,-0.112781212,0.960584521,0.996385008
2,-0.313481286,0.60224697,0.8044433,-0.102091074,0.955086738,0.992719799
2,-0.293981262,0.564007133,0.772275329,-0.084681422,1.019838482,0.996232241
2,-0.258066669,0.59362787,0.696729273,-0.088804752,0.943022162,0.96278742
2,-0.293487594,0.64412871,0.744615674,-0.06788262,1.006094009,1.006464273
2,0.027702134,0.639030069,0.730603129,-0.052763708,0.292145234,0.302594773
2,0.007740711,0.737846643,0.7184183,-0.047212191,-0.061609827,-0.028661514
2,-0.17981977,0.662095368,0.692951977,-0.042630702,0.421279132,0.391766503
2,-0.142335534,0.293436001,0.16932711,-0.26529108,0.890423656,1.215976447
2,-0.20857612,0.628347158,0.66858229,-0.037626617,0.088119989,0.089117872
2,-0.264607817,0.560608029,0.648355484,-0.102225617,0.654850185,0.676617563
2,-0.039246869,0.714659929,0.700506598,-0.042055391,-0.259767763,-0.316191211
2,-0.228816636,0.651291072,0.751073718,-0.062519379,0.434938721,0.402644463
2,-0.068631289,0.563885778,0.928972393,-0.035641313,0.251221012,0.369810469
2,-0.257079322,0.567770451,0.619964808,-0.048011325,0.704483002,0.753892004
2,-0.331006616,0.616086155,0.89119941,-0.065879129,0.645229071,0.658291563
2,-0.00087845,0.636723518,0.687225133,-0.031670675,0.241141729,0.199989937
2,-0.151433669,0.699606806,0.646284044,-0.020675108,0.036807306,0.034445427
2,-0.273617312,0.705312431,0.680523455,-0.176751181,0.587655008,0.634620547
2,-0.406414896,0.500638291,0.805296242,-0.12019816,1.17885232,1.233750641
2,-0.300892651,0.528438047,0.878405273,-0.134248063,1.202370584,1.235277832
2,-0.216228031,0.586344063,0.753754377,-0.101108626,0.836156934,0.915947974
2,-0.082433492,0.67763409,0.564889282,-0.033455305,0.251406183,0.247814115
2,0.00015836,0.697907239,0.715859473,-0.012075014,-0.286918804,-0.356637031
2,-0.006877466,0.681397319,0.616431177,-0.009173408,-0.258208163,-0.286998391
2,-0.014702085,0.667558193,0.625447959,-0.074535996,-0.211171523,-0.251720935
2,-0.020487359,0.669743329,0.699166268,-0.011616871,-0.050208543,-0.07197383
2,-0.007528487,0.641822159,0.631296664,-0.036051482,-0.11129507,-0.142528765
2,0.028487395,0.724371672,0.719636828,-0.063540421,-0.167647384,-0.183609463
5,0.069658108,0.671200067,0.637023568,-0.139206998,-0.636816442,-0.540371768
5,0.228141613,0.592535287,0.756800562,-0.116452269,-0.413697906,-0.500970975
5,0.066672627,0.667558193,0.794451743,0.007692672,-0.05414478,-0.055470025
5,-0.084788047,0.659667432,0.670897424,-0.02011513,0.030213565,0.036492657
5,0.032097747,0.671078682,0.668216765,-0.088226601,0.010665878,-0.001686418
5,0.009493715,0.560972214,0.763989598,-0.081354365,-0.012394285,0.040921433
5,0.053822992,0.687467188,0.702456176,-0.045924187,0.013262056,0.001673341
5,0.098433041,0.550653547,0.826132298,-0.018129811,-0.014532313,-0.015889035
5,0.049580191,0.637937486,0.712447733,-0.045771465,0.040140127,0.018319418
5,0.282691948,0.630653739,0.612775728,-0.129612722,-0.325462714,-0.456017435
5,0.205715358,0.704341233,0.831128091,0.009817272,-0.146173768,-0.441203952
5,0.148861788,0.607467026,0.737792224,-0.00346905,-0.031025673,-0.144934319
5,0.149419614,0.6611242,0.730603129,-0.014770053,-0.016059477,-0.096675962
5,0.083825845,0.631624877,0.703187257,-0.014159188,-0.032247405,-0.060940345
5,-0.026679692,0.546647489,0.686493993,0.11549696,0.142765488,0.323141173
5,-0.092737444,0.690987706,0.657372266,-0.013395607,0.02838097,0.031147588
5,-0.054258936,0.486192152,0.713056982,-0.20123668,0.054953609,0.023359058
5,-0.126367033,0.535236225,0.895464092,0.133059338,0.38039206,0.363305572
5,-0.054042328,0.681154549,0.669557095,-0.026376493,0.376421437,0.304662511
5,-0.011032474,0.519576102,0.632027775,-0.032332435,-0.012088854,-0.02047053
5,-0.255228065,0.805585802,0.792989582,0.025088903,-0.016517628,0.11208723
5,-0.083430443,0.66646561,0.676136911,-0.047604069,0.01845441,0.080627673
5,-0.078057813,0.615236372,0.499456689,-0.071275085,0.01265119,-0.076059263
5,-0.098857675,0.726556778,0.617405951,-0.063181117,-0.060347205,-0.097134117
4,-0.03233547,0.772444576,0.661271423,-0.066996247,-0.001777022,0.018150591
4,0.051277311,0.631746292,0.691977203,-0.03843829,-0.013230745,-0.03728543
4,-0.117000095,0.729227483,0.60302785,-0.064802565,-0.010935036,-0.081912172
4,-0.081702597,0.559758276,0.740472883,-0.041742407,0.039766777,0.030487035
4,0.031033076,0.55453828,0.702577978,-0.022708692,-0.032426894,-0.001460323
4,0.001679562,0.600426048,0.739985466,-0.187336877,0.132201292,0.161793415
4,0.07043054,0.50950022,0.87889269,-0.06394209,0.052025224,0.035955173
4,0.052974435,0.51241374,0.8857162,-0.023319557,-0.009977598,-0.063157712
4,0.026669051,0.64157939,0.748514861,-0.041950949,0.002850572,-0.011692316
4,0.035033436,0.664280504,0.676380605,-0.051851332,-0.036263193,-0.091266337
4,0.025335599,0.634781212,0.754851013,-0.033678085,0.018409242,0.001585179
4,0.019516897,0.596541345,0.747174561,-0.037405565,-0.055913989,-0.059241949
4,0.001937372,0.465190575,0.79761982,-0.06240578,0.100113744,0.071062919
4,-0.008887269,0.739424795,0.664805025,-0.051125236,0.038491554,0.015764887
4,-0.038753197,0.587558061,0.569763213,-0.034784593,0.02123461,0.009045369
4,0.068006078,0.734083354,0.616309345,-0.058163598,0.014026025,-0.006346202
4,-0.0077316,0.734326154,0.725729197,-0.053123958,0.027006912,0.04618821
4,0.038548901,0.670350283,0.872556597,-0.031200744,-0.037416771,0.001511051
4,0.025093154,0.567770451,0.757531673,-0.034240171,0.011179124,1.11E-05
4,0.131163239,0.715266943,0.702821702,-0.053940579,-0.121989496,-0.077874205
4,0.003637194,0.585615695,0.767888814,-0.044166736,0.032712123,0.019253363
4,-0.013699378,0.646435231,0.634952128,-0.007929824,0.03127044,0.029167685
4,-0.01521112,0.625190854,0.78738448,-0.017497987,-0.008891053,0.000234424
4,0.066066513,0.631624877,0.662855446,-0.040558144,-0.020955641,-0.047565781
4,-0.035544334,0.579181701,0.782388717,-0.039183699,-0.029355036,-0.030156122
4,0.030123565,0.660153002,0.90143466,-0.00145743,0.000135174,0.002137514
4,-0.0072126,0.536328793,0.894245595,-0.036124028,-0.013609295,-0.003818423
4,-0.020240523,0.680304796,0.543809548,-0.03527151,0.019798265,-0.011519403
4,-0.016580371,0.651169688,0.642019331,-0.019083582,-0.020366126,-0.021140531
4,0.039085116,0.681033164,0.810170174,-0.023512356,0.016285788,-0.056418
4,0.000881135,0.52406776,0.679548681,0.025662296,-0.039455665,-0.081768908
4,-0.010538297,0.664523274,0.763380378,0.053611819,-0.181654103,-0.132876085
4,-0.188968394,0.776814818,0.627884939,-0.000449747,0.127290981,-0.049645703
4,-0.020363941,0.573111862,0.682473004,-0.001881532,-0.000882792,-0.000461478
4,0.005939925,0.516298428,0.826132327,-0.01382082,0.033101799,0.015226009
4,-0.031433728,0.6608814,0.678695738,0.016523063,0.19050733,0.160225011
4,-0.020275136,0.706526428,0.681741953,-0.037538514,0.019617775,0.00140005
4,0.023880923,0.598240882,0.630078197,-0.097380869,-0.04460888,-0.042409811
4,0.056247452,0.634052813,0.730603129,-0.018201105,-0.024378329,-0.03267998
4,-0.070101322,0.535479024,0.794451743,-0.040893242,-0.01892978,-0.008517007
4,-0.055908274,0.573718876,0.678330183,-0.036159039,0.055748498,0.038061468
4,0.088371541,0.481821865,0.819308817,-0.0044742,-0.059467737,-0.055391239
4,0.041265103,0.684189498,0.688199908,-0.071355477,-0.007817797,0.008856659
4,-0.02431331,0.643400311,0.669435263,-0.086016238,-0.033321422,-0.015883382
4,-0.105769075,0.696329087,0.804808855,-0.088459708,0.011119027,0.011300121
4,-0.016784824,0.637330502,0.670044482,-0.04951705,-0.012399287,-0.007331269
4,0.078673698,0.659424603,0.827228993,-0.061887071,0.093585834,0.082313208
4,0.025093152,0.668043762,0.704162031,-0.04631,0.003025061,-0.00397151
4,0.007637046,0.634174168,0.732187212,-0.050738774,-0.008275947,-0.019090426
4,-0.032829141,0.644007295,0.707817525,-0.051411904,0.022428225,0.008909292
4,-0.008474804,0.535478979,0.843922168,-0.040721759,0.000589792,-0.002849865
4,0.00576214,0.614265233,0.803468496,-0.017570764,-0.049753729,-0.050362436
4,0.047276954,0.578574687,0.842947394,-0.034417681,0.037718712,0.041751395
4,0.021577687,0.614265174,0.742178768,-0.030370273,0.006213967,0.006418606
4,0.069218311,0.580395669,0.784947544,-0.019329682,-0.043286596,-0.027002504
4,0.01224352,0.659424633,0.738645166,-0.028187223,-0.01824112,-0.017534092
4,0.030184517,0.639515638,0.724876285,-0.019907363,-0.000406732,-0.005702273
4,-0.128971619,0.591928303,0.675040275,-0.020097695,0.09347032,0.097176453
4,-0.009132919,0.612687051,0.670531869,-0.030150734,0.016524826,0.037435372
4,-0.020363942,0.682975501,0.687225103,-0.025416531,-0.014934734,-0.010670263
4,-0.01419305,0.619728059,0.772031635,-0.024937391,0.020091849,0.014911008
4,0.029457178,0.70579803,0.648721009,-0.02658011,-0.007607616,-0.010338955
4,0.020365457,0.62154898,0.75326696,-0.038460128,-0.00581142,-0.008740234
4,0.010476496,0.670350283,0.796645015,-0.008493014,0.098822683,0.1970312
4,-0.035420917,0.637816101,0.71975866,-0.028040707,-0.00487169,0.001248893
1,0.003262046,0.694993734,0.680645317,-0.035700887,0.01543139,0.003547581
1,0.110070445,0.631503463,0.71293512,-0.038449779,-0.114072034,-0.112211383
1,0.011468904,0.83472088,0.572687581,-0.168564081,-0.709054798,-0.802794516
1,0.00327302,0.765403569,0.606317759,-0.038896441,-0.006969377,-0.00826933
1,-0.008204332,0.776814818,0.593645513,-0.020417765,-0.032473002,-0.034078386
1,-0.013452544,0.755813301,0.600103527,-0.045807563,-0.000155359,-0.031372936
1,0.004848918,0.656268299,0.722317487,-0.037619062,0.007238204,0.008037737
1,0.012485964,0.718301803,0.591574103,-0.04067339,0.00326758,0.018727879
1,-0.055505779,0.739181966,0.675162107,-0.037771776,0.031978246,0.017200716
1,0.019879203,0.724007457,0.66517055,-0.013489895,0.015637602,-0.054423235
1,0.021456464,0.683825314,0.657250434,-0.043172672,-0.001730917,-0.039486685
1,0.058550691,0.690987647,0.69587639,-0.041034654,-0.047851243,-0.04391546
1,-0.021285104,0.693051398,0.576464877,-0.044394411,-0.044033337,-0.030934572
1,0.018062221,0.674477786,0.637632787,-0.0396602,0.021481963,-0.003903785
1,0.024365815,0.708832949,0.663830221,-0.042714529,-0.003105364,-0.005430947
1,0.002858869,0.712231994,0.645918518,-0.042103656,0.000407111,0.014727606
1,-0.052329157,0.676055908,0.608511031,-0.036453158,-0.00035647,-0.019938997
1,-0.019604865,0.671807051,0.666998297,-0.041340083,0.185957439,0.203026816
1,0.015274093,0.707861751,0.684422582,-0.043757364,0.002221315,-0.000400132
1,0.031396746,0.74513042,0.585116118,-0.055211082,-0.003123756,-0.013839168
1,0.005681437,0.759697974,0.637876511,-0.030875899,0.02432983,-0.04318172
1,0.029510863,0.769288242,0.587431282,-0.058006115,0.022614597,0.01925823
1,0.039637712,0.709682703,0.637754649,-0.028054111,0.010990205,0.000255613
1,0.041094583,0.673385203,0.722804844,-0.079214066,-0.000768951,0.001935491
1,0.006720445,0.715873867,0.639338672,-0.03889697,-0.006877603,-0.020208374
1,0.021456464,0.704826832,0.726825833,-0.008048274,-0.174407396,0.128384596
1,0.00293839,0.656753898,0.708914131,-0.027739175,0.020548538,0.000507982
1,-0.041591806,0.752414197,0.629956365,-0.035700887,0.037269823,0.025691446
1,-0.038515819,0.755934685,0.720611542,-0.022414573,0.271383934,0.337232731
1,-0.030854456,0.724614441,0.580851436,-0.069909342,0.505650759,0.509649456
1,0.017815385,0.719273001,0.670166314,-0.016000479,0.457392409,0.451464534
1,-0.003750822,0.703612894,0.639460534,-0.033715576,0.003672234,-0.006989844
1,-0.008268994,0.766010582,0.644821912,-0.046696462,-0.019998794,-0.036158659
1,-0.010367097,0.717573464,0.590599328,-0.030050382,-0.015722738,-0.015847389
1,0.012811137,0.70300588,0.614237934,-0.035395458,-0.013890142,-0.016916403
1,0.026547829,0.766496152,0.623620212,-0.043960981,0.003335883,-0.003597308
1,0.025699267,0.788833052,0.575246423,-0.039532207,-0.015753655,-0.025741173
1,0.058914359,0.793931752,0.611922771,-0.056636438,-0.037744805,-0.030780812
1,0.003464984,0.768074304,0.705380529,-0.025176875,-0.021251443,6.79E-05
1,0.014546755,0.704462677,0.666023493,-0.037944615,0.004142105,-0.00076806
1,0.0073946,0.728013515,0.636658013,-0.03702832,0.010098041,0.014656288
1,0.026426606,0.665008873,0.605464846,-0.026949041,0.024758807,0.028553472
1,0.01430431,0.745737374,0.684178919,-0.012869708,0.037681629,0.011064321
1,-0.04751586,0.766860366,0.650548756,-0.033075042,0.009129471,-0.003125335
1,-0.019760023,0.71672368,0.565376684,-0.029409848,0.01050392,0.012909878
1,-0.065905119,0.712353408,0.625447959,-0.056746073,0.066092659,0.095223967
1,-0.017772166,0.69997099,0.633489966,-0.074766599,0.118779786,0.163640883
1,-0.009839998,0.737118244,0.614481598,-0.016423628,0.003342215,-0.022602529
1,0.033699984,0.769895256,0.650061309,-0.006955214,0.004563946,-0.032987238
1,-0.080098164,0.716845065,0.742178738,-0.064071119,0.004716662,0.03909486
1,-0.016537989,0.693658412,0.653594941,-0.039941937,0.132845648,0.097585212
1,0.034306098,0.676420122,0.734624147,-0.029466011,-0.035770832,-0.059122251
1,0.026583451,0.658939034,0.776783705,-0.039392568,-0.057761982,-0.106769748
1,-0.001219998,0.682732671,0.817237377,0.012683697,-0.009656343,-0.061718427
1,0.043155371,0.64995572,0.717321664,-0.060620137,0.082889743,0.018915783
1,0.031517969,0.688195527,0.691977203,-0.023969509,-0.000820129,-0.001926694
1,0.026184158,0.732383788,0.663952053,-0.021774471,-0.005707464,-0.010691541
1,-0.030347966,0.671564251,0.75801906,-0.0061974,0.024988515,0.054212891
1,-0.023202551,0.673628002,0.731943458,-0.025803104,-0.008912403,-0.002814574
1,-0.052082321,0.762368679,0.613628685,-0.034049779,0.002083171,-0.002814575
1,-0.02505382,0.721215338,0.586456478,-0.033286199,0.009260838,-0.003730872
1,-0.006721804,0.68904534,0.654326022,-0.093456417,-0.014257474,-0.005868901
1,-0.050517396,0.601640016,0.798229009,-0.021527044,0.082564663,0.011998908
1,-0.00962659,0.666344196,0.738035917,-0.025903247,-0.004499852,-0.000181912
1,-0.004813295,0.68066898,0.697460353,-0.021644332,-0.000843849,-0.002773828
3,-0.020063594,0.819060743,0.857812971,-0.046696462,-0.043975256,-0.132828087
3,0.177955294,0.652140856,0.64396888,-0.048681773,-0.418282941,-0.409091895
3,0.280267481,0.699728191,0.662977278,-0.053940162,-0.110712405,-0.091206424
3,0.338818163,0.706890583,0.653716803,-0.05844412,-0.034763768,-0.042783231
3,0.204866804,0.708832949,0.695023388,-0.064066872,-0.653627723,-0.710942805
3,0.249961718,0.619970828,0.648355484,-0.048920073,-0.220919958,-0.181941344
3,0.071642764,0.283096164,0.665048718,0.034157604,-0.556132257,-0.562510408
3,0.145588774,0.709925503,0.657372266,-0.08938989,-0.272996217,-0.37390577
3,0.017556041,0.839455336,0.657859653,-0.018923938,-0.259835407,-0.188235134
3,-0.120332375,0.61341545,0.844409555,-0.055389985,0.183055826,0.26289162
3,0.028893098,0.660031617,0.711351097,-0.046990588,-0.005701541,0.018850947
3,0.182682998,0.498088941,0.700994015,-0.059360608,-0.769283116,-0.851021171
3,0.152619706,0.672535419,0.29073035,-0.232999042,0.097381964,0.076577716
3,-0.053417463,0.617057323,0.743519068,-0.055848137,0.14182242,0.192642108
3,0.269963533,0.651048273,0.888762414,-0.042867243,-0.704684108,-0.663180113
3,0.44500947,0.423673049,0.577439696,-0.158473492,-0.644055754,-0.703955352
3,0.173227601,0.65529716,0.477767676,-0.116171069,-0.722857356,-0.765652746
3,-0.016213322,0.74513039,0.759724915,-0.063178509,-0.213243011,-0.20884908
3,0.211170398,0.635388166,0.623376548,-0.052488372,-0.633060187,-0.725335658
3,0.186881561,0.754113734,0.770569444,-0.045921564,-0.066024482,-0.045442611
3,0.228141621,0.701427728,0.74022916,-0.073257789,-0.632143855,-0.742134452
3,0.20523046,0.662823737,0.715250254,-0.047754169,-0.730951309,-0.705177069
3,0.182682998,0.648256153,0.755703926,-0.081648037,-0.651097775,-0.764906168
3,0.235293761,0.600668848,0.724145174,-0.081037164,-0.71478045,-0.764753461
3,0.142558195,0.583551958,0.900216162,-0.088062111,-0.413776614,-0.360055253
3,0.250931524,0.60783124,0.77848956,-0.033705018,-0.364650907,-0.343426678
3,0.141090687,0.623248547,0.74778378,-0.03248328,-0.371217713,-0.403596892
3,0.090189885,0.791867971,0.76277113,0.097773157,0.060177268,0.047682591
3,0.384034321,0.667679548,0.784216493,-0.060746357,-0.900866538,-0.977043837
3,-0.093920965,0.717573434,0.65152353,-0.025927044,0.010849901,0.022484405
3,0.202078672,0.758362591,0.712325931,-0.040282376,-0.628267854,-0.655423284
3,0.300390489,0.596177191,0.734624147,-0.054651126,-0.325309634,-0.330257475
3,0.189956374,0.731291234,0.609363973,-0.078016721,-0.654260576,-0.722891092
3,-0.039987374,0.785919577,0.754363596,-0.098030612,0.004647847,0.032609433
3,0.283419281,0.607224226,0.722439289,-0.080162816,-0.992895067,-1.056257904
3,0.033093866,0.582580775,0.813094556,-0.050823532,0.08917072,0.08101273
3,0.327665649,0.510835558,0.557943955,-0.070371225,-0.865153462,-0.917293787
3,0.027922809,0.702156126,0.631418556,-0.037867554,-0.109036818,-0.109837685
3,0.156983733,0.692323029,0.670775563,-0.068868965,-0.760219172,-0.863950849
3,0.229111392,0.677512676,0.663708389,-0.024786666,-0.155161047,-0.073014511
3,0.100880459,0.576268166,0.744737536,-0.075030334,-0.786032081,-0.861488819
3,0.380155191,0.603582352,0.836976796,-0.026757076,-0.783861965,-0.842982918
3,0.035998147,0.653840393,0.717687249,-0.070892088,-0.411386922,-0.45584707
3,0.137466833,0.614508033,0.772153497,-0.045083031,-0.586247031,-0.602149315
3,0.076036339,0.675934523,0.760334164,0.001953587,-0.489424948,-0.545644261
3,0.009093741,0.67508474,0.654447854,-0.048748225,0.250485584,0.299945944
3,-0.011851995,0.716359496,0.662733555,-0.053797685,0.041499536,0.037484244
3,0.274569988,0.65833205,0.713178843,-0.071360059,-0.448108956,-0.442044988
3,0.121178376,0.691473246,0.748880446,-0.007830068,-0.469947398,-0.482514799
3,0.209109604,0.550774962,0.60985136,-0.017756626,-0.723303735,-0.813298374
3,0.24632505,0.624948114,0.576221168,-0.054713979,-0.592884004,-0.602549851
3,0.017209776,0.655418575,0.718662024,-0.04967434,-0.196432486,-0.237863258
3,-0.040727879,0.714295745,0.719271272,0.009426869,0.056465735,0.053977603
3,-0.015623076,0.673021019,0.621183276,-0.022079468,0.113129284,0.11110647
3,0.286207408,0.60224697,0.722073764,-0.022079468,-0.821800023,-0.892239749
3,0.251052745,0.673627973,0.742666125,-0.022537619,-0.769723743,-0.806871325
3,0.213594846,0.673142433,0.712813288,-0.035976656,-0.679926544,-0.663470685
3,0.135515444,0.69438675,0.658712596,-0.044065282,-0.186178725,-0.151495092
3,0.160014307,0.668043762,0.679792374,-0.053839125,-0.445338327,-0.512821883
3,0.174561065,1.021428376,1.054841816,0.009232715,-0.429608524,-0.452346248
3,-0.033225228,0.631139278,0.68088901,-0.064223826,-0.308046333,-0.346055679
3,-0.156000126,0.718908817,0.714641035,-0.069263466,0.067483064,0.07055442
3,-0.0851583,0.675813109,0.815044135,-0.004420534,0.049139436,0.051444356
3,0.367426798,0.541427448,0.864758253,-0.065812491,-0.819816381,-0.854774237
3,-0.149335559,0.687709957,0.663220972,-0.017706856,0.175283108,0.173922837
2,-0.218819812,0.654083192,0.696729273,-0.073116392,0.691506505,0.658395141
2,-0.100338686,0.613536865,0.681863785,-0.022872716,0.501832843,0.539734557
2,-0.230791323,0.633688599,0.5797548,-0.072505519,0.50015296,0.601890117
2,-0.105151985,0.692687213,0.640800864,-0.055095859,0.274438247,0.19703915
2,-0.123228393,0.532444105,0.614725292,-0.058674365,0.144476563,0.136340886
2,0.007079724,0.743673682,0.634221017,-0.072799467,-0.025448049,-0.053626077
2,-0.163158365,0.664523304,0.759481221,-0.062262036,0.784406543,0.758213818
2,-0.102807043,0.679333597,0.653229386,-0.009089008,0.373847645,0.315005377
2,0.005894672,0.741974115,0.679061294,-0.074451581,0.176843613,0.212838169
2,-0.171215136,0.570319742,0.636901736,-0.089848049,0.154151302,0.08118885
2,-0.000505358,0.775236696,1.048262,0.069587782,0.416212479,0.312095905
2,-0.175006479,0.659424663,0.548317894,-0.087340847,0.582700521,0.616121665
2,0.072370104,0.665980011,0.742056906,-0.024235852,-0.172773182,-0.218470201
2,-0.331130013,0.118118584,0.628616035,0.243628547,0.465733707,0.655219808
2,0.055520115,0.723521858,0.648233593,-0.060276896,-0.012879207,-0.010928734
2,-0.208452702,0.665494442,0.795548379,-0.037522174,0.864934117,0.859248817
2,-0.255845152,0.520061702,0.733649373,-0.006215326,0.440382801,0.460048357
2,-0.244490705,0.706526369,0.579145551,-0.084838048,0.092629377,0.055341326
2,-0.270408452,0.630775124,0.876090169,-0.038591534,0.935687482,0.928923488
2,0.047640624,0.545312107,0.690149516,0.008445092,0.170731474,0.223985009
2,-0.141313408,0.601882815,0.756800562,-0.038429312,0.44189285,0.40627522
2,-0.366797775,0.738332242,0.753998041,-0.049730316,0.647601724,0.630004615
2,0.013626091,0.649348736,0.796766818,-0.069583446,0.026657191,0.086945413
2,-0.150155773,0.604674906,0.751926631,-0.054474436,0.311118789,0.345782053
2,-0.258930586,0.554902434,0.75935936,-0.054779865,0.599905312,0.63930279
2,0.280752357,0.451108597,0.647868067,-0.015542336,-0.490670457,-0.616327912
2,-0.195975021,0.676784277,0.701603204,-0.039518796,0.233204857,0.205438569
2,-0.149088733,0.799880147,0.691124231,-0.032659978,0.418418807,0.397130303
2,-0.08441779,0.636359334,0.625691622,-0.031285524,0.662917614,0.697981447
2,0.036973003,0.69438678,0.605464786,0.020935386,0.124224719,0.043910441
2,-0.162333944,0.642550558,0.660662144,-0.004873671,0.58985676,0.614763986
2,-0.026477939,0.705919415,0.816018909,-0.060597368,0.836564332,0.771901339
2,-0.03412258,0.600061864,0.561112016,-0.046089329,0.138498083,0.156454585
2,-0.182781801,0.654568762,0.837586075,-0.108880639,0.287720151,0.337162964
2,-0.126688987,0.625312269,0.612166464,-0.074061312,0.366674468,0.428792745
2,-0.219683729,0.719394386,0.623498395,-0.07054884,0.510075103,0.475065785
2,-0.135883024,0.498331755,0.446696348,-0.102161109,0.517863616,0.358237788
2,-0.108905675,0.839819521,0.768863559,-0.072228715,0.228618938,0.168106001
2,-0.128107699,0.696207702,0.79554835,0.040934071,0.726932257,0.737585098
2,0.146801002,0.584158927,0.99635455,0.062276535,-0.137261122,-0.090855094
2,-0.15929595,0.643764496,0.743762761,-0.04309772,0.323178545,0.230460033
2,0.008121938,0.617664307,0.717809051,-0.014539763,0.044776712,0.02230769
2,-0.145262782,0.661366969,0.724388897,-0.010874577,0.596235316,0.608280195
2,-0.004377875,0.684675068,0.746930838,-0.030126654,-0.101442934,-0.045898864
2,-0.288427453,0.631017894,0.793720633,-0.061128065,0.832570046,0.935608834
2,0.002432561,0.648741782,0.641288251,-0.042996265,0.05358588,0.00717715
2,0.108009655,0.670107484,1.185585141,0.114454262,0.242648687,0.030084596
2,-0.172291295,0.643036157,0.704527587,-0.051548384,0.452328173,0.47418363
2,0.044973718,0.615357816,0.717930913,-0.02870243,-0.018972039,-0.138076592
2,-0.03421088,0.645221263,0.714397311,-0.05298432,0.012945672,-0.029953436
2,-0.23745589,0.482186049,0.762892991,-0.060009271,0.785842896,0.711636961
2,-0.07812348,0.569712758,0.751561105,-0.053442471,0.40664833,0.346797682
2,-0.269050851,0.652626425,0.853791922,-0.031145886,0.868156999,0.902379662
2,0.113343466,0.574690044,0.665536106,-0.052373454,-0.095788341,-0.142963504
2,-0.35285157,0.588771969,0.766061038,-0.084443875,0.959328651,0.960564554
2,-0.04134497,0.690866292,0.635683209,-0.01123704,0.012160343,-0.029628365
2,-0.261275537,0.706769198,0.69112426,-0.070643686,0.666549727,0.681571513
2,0.168015011,0.5573304,0.726825833,-0.04128217,-0.670721889,-0.651403174
2,0.017819775,0.653840393,0.679670542,-0.010836899,0.011551583,-6.57E-05
2,-0.079974748,0.777785987,0.765939206,-0.026566677,-0.048618644,-0.082685206
2,0.123283748,0.614022404,0.769350946,-0.038631268,-0.732024133,-0.770519465
2,-0.325082541,0.581366837,0.674187362,-0.066120207,0.553389043,0.545131549
2,-0.002875418,0.692444414,0.58767496,-0.05375018,-0.147578821,-0.158432499
2,-0.14575645,0.677027076,0.726216584,-0.038783982,0.535521235,0.444186084
2,-0.159208994,0.689652294,0.762527436,-0.036798671,0.834387064,0.884772629
5,0.084098003,0.710046887,0.714153618,-0.012640722,-0.067799,0.006601907
5,-0.223386265,0.714052945,0.760699749,-0.102132484,0.503512725,0.389309004
5,-0.136006439,0.695843518,0.866464168,-0.105492242,0.439982742,0.500791892
5,0.014421647,0.686738789,0.765086263,-0.029897667,-0.015111872,0.01927736
5,0.02490152,0.6385445,0.63239333,-0.043336697,-0.080016304,-0.081362691
5,0.004848919,0.273123719,0.390646033,-0.151612572,-0.053138236,-0.11725102
5,0.133734582,0.492019162,0.53028433,-0.123970926,0.10507587,0.007976355
5,0.056974789,0.792717725,0.805905521,-0.06975662,0.050097993,0.010877965
5,-0.122791976,0.759940743,0.806027353,-0.079683185,0.412035655,0.344257679
5,-0.214376763,0.575539783,0.66785121,-0.02623247,0.096829189,0.123735317
5,-0.071814994,0.655418575,1.058131695,0.09166453,0.004741248,0.020040943
5,0.112297872,0.665980011,0.479839087,-0.001645148,-0.027329177,-0.044405343
5,-0.000614389,0.623369902,0.664561301,-0.036006324,0.01130805,0.024469716
5,0.059254892,0.685889035,0.718783855,0.00140918,0.023830788,0.020651808
5,0.007940272,0.714781344,0.766426563,-0.00836467,0.031313887,0.000340539
5,-0.083183613,0.733597755,0.722926676,0.062342983,-0.062453926,0.057761871
5,0.03527588,0.74767971,0.681376427,-0.040282376,-0.030536219,-0.023330489
5,-0.003620819,0.712596178,0.642019391,-0.060593642,-0.169202632,-0.16734197
5,0.037065691,0.596055776,0.589137167,-0.160928257,-0.011293965,-0.083348001
5,-0.006807734,0.729227513,0.716468751,-0.015455648,0.046738114,0.032646507
5,-0.029867115,0.731655419,0.643725216,-0.044319041,-0.006712593,-0.010572209
5,-0.037642436,0.74209553,0.681620121,-0.036683217,-0.012668529,-0.000340216
5,0.022025266,0.720486999,0.697460383,-0.025993079,-0.037866723,-0.035464969
5,0.002424459,0.742702484,0.678086489,-0.041875578,-0.023969537,-0.021567785
5,0.010413015,0.717330635,0.658712596,-0.034697913,0.009475335,-0.01301567
5,-0.030854454,0.719273001,0.703796536,-0.057605356,0.019096464,-0.004158123
5,0.001455181,0.716238081,0.703309089,-0.055772759,0.01298781,0.01554228
5,-0.040727881,0.737118244,1.053501457,0.024708737,0.024441535,-0.062495755
5,-0.011344652,0.638665855,0.609973222,-0.047220647,0.000312356,-0.003241826
5,-0.194876742,0.816390008,0.689783901,-0.06631019,0.06766025,0.098161807
5,-0.066409936,0.845403731,0.858178407,-0.04309731,0.01252966,0.020123769
5,-0.083430447,0.827922672,0.80785507,0.053877551,0.014820406,0.047765421
5,0.000123244,0.73116982,0.580973297,-0.036072351,-0.035270545,0.01264067
5,0.038427679,0.706890613,0.627884939,-0.030116417,0.060482582,0.012335237
5,-0.026805303,0.719879985,0.561477542,-0.020037144,0.076212363,0.054332223
5,0.013455749,0.693294168,0.600225359,-0.033170745,0.103395864,0.087166227
5,0.177106749,0.664644688,0.645431131,-0.06860093,-0.856273413,-0.942599833
5,-0.091629546,0.68649599,0.66102773,-0.054551028,0.65546532,0.692686409
5,0.011273736,0.721579552,0.642750412,-0.035308778,0.00229767,-0.003241826
5,0.066915073,0.721579552,0.634952158,-0.021106154,-0.12079168,-0.007517885
5,0.010399341,0.778757185,0.594742149,-0.003085628,-0.039699316,-0.042795351
5,0.019501865,0.768195719,0.706599027,-0.056689061,0.037116988,-0.008586897
5,-0.083183613,0.778999984,0.628372312,-0.024007767,0.037269706,0.045169243
5,-0.01737507,0.755206317,0.651767224,-0.022633322,-0.049320444,-0.054249078
5,0.000919807,0.670107514,0.587796837,-0.03149087,-0.030841772,-0.022789514
5,-0.028139262,0.770987809,0.570616186,-0.032559887,-0.002589253,0.005310288
5,0.017092438,0.754113734,0.600469053,-0.052374236,0.011484972,-0.040574897
5,0.23771821,0.624826729,0.665048718,-0.137245752,-0.693429202,-0.751539648
5,0.095038798,0.727163792,0.705867916,0.024633549,-0.122728348,-0.196110393
5,0.020250466,0.748650908,0.579632938,-0.055237077,0.087562021,0.061827458
5,-0.008528999,0.756420255,0.724876255,-0.02209764,0.101306489,0.050526449
5,-0.063807014,0.770380825,0.592670739,0.005391292,0.021435856,0.064423636
5,-0.002438307,0.746708542,0.596569896,-0.086238503,0.066334454,0.05999486
5,-0.008357467,0.778514355,0.618868142,-0.023166656,-0.006816659,-0.010101926
5,-0.00549184,0.747801095,0.610826164,-0.036452971,-0.013383462,-0.048586437
5,0.025569264,0.748893708,0.628737897,-0.040576324,0.003415331,0.032200493
5,-0.049737384,0.783855796,0.657737792,-0.09043961,-0.038392656,-0.019046358
5,-0.008805551,0.706769198,0.621183276,-0.049053483,-0.042821428,-0.039357625
5,-0.088783505,0.758484006,0.826010436,0.008825995,0.005284211,0.002639359
5,-0.042085475,0.727042377,0.767035842,0.103204671,0.049266508,0.03776411
5,-0.042702567,0.743795037,0.571347237,-0.075167969,0.039034515,0.031350026
5,-0.005060131,0.707133353,0.576952279,-0.047679044,0.068356048,0.126645006
5,-0.082936775,0.744159251,0.731699795,-0.070586488,0.06911963,0.096865324
5,-0.011298388,0.770502239,0.627641231,-0.049206205,-0.083596684,-0.04607714
5,-0.020802407,0.729106128,0.587918669,-0.026756905,-0.071837528,-0.074787807
