1,-0.039246868,0.711989194,0.729993939,0.028061323,0.079573598,0.074221544
1,0.031789455,0.659424633,0.700141042,-0.00889603,0.036202165,0.043983712
1,0.038791347,0.622277379,0.717809081,-0.014932491,-0.029222086,-0.029246977
1,-0.023285463,0.523824975,0.527481839,-0.135604218,-0.238279566,-0.175965155
1,0.004387315,0.600304663,0.70404017,-0.01159858,0.257590301,0.302647755
1,0.052974436,0.569955587,0.763258517,-0.017554522,-0.139777534,-0.237051681
1,0.020596756,0.727042377,0.725119978,-0.062412187,-0.032924172,0.011944524
1,0.139527626,0.446738362,0.956388235,-0.123040557,-0.034298621,0.088608119
1,0.039155018,0.618514091,0.760943413,-0.05004216,0.011668989,0.001101666
1,0.045055939,0.657603681,0.714519173,-0.018955581,-0.006573319,-0.03225264
1,0.027396389,0.724128872,0.749245971,-0.038961418,0.043975781,0.044716381
1,0.179409981,0.738574982,0.678330153,-0.022468053,-0.067659845,-0.13212911
1,0.037215449,0.655782729,0.778245896,-0.067593493,0.052252088,0.028346716
1,-0.019006345,0.642186373,0.83173731,0.011818998,-0.00669641,-0.01609373
1,0.039276239,0.491533548,0.798107177,-0.079810783,0.00491003,-0.044346246
1,0.05503522,0.589864552,0.754363596,-0.04850395,0.007353491,-0.005098156
1,-0.039704081,0.541913033,0.756800562,0.022352852,-0.133959539,-0.005905671
1,0.031760416,0.521761268,0.839048237,-0.089893639,0.014786152,0.031051677
1,0.06594529,0.629196942,0.717809051,-0.056448773,0.006234038,-0.018122975
1,-0.065164612,0.672778219,0.646649569,-0.093580365,-0.000756539,0.004616595
1,-0.103670975,0.657603681,0.69928813,-0.138631687,0.024441652,0.039283198
1,-0.107496925,0.654204607,0.697338521,-0.077087015,-0.027940042,-0.05769166
1,-0.026164579,0.738575011,0.759481251,-0.026690625,0.023525355,0.026913178
1,-0.041344971,0.797694981,0.599981666,0.124732785,0.107757909,0.024642375
1,-0.171797611,0.638423085,0.69721669,-0.08891733,0.420826346,0.416817859
1,-0.115889344,0.656146944,0.619842947,-0.138855569,0.141660929,0.078398519
1,-0.020989982,0.560972258,0.631052971,-0.122621417,0.074103829,-0.015424568
1,0.094432686,0.648134768,0.630443752,-0.088107534,0.020805835,0.013438813
1,0.004917464,0.7060408,0.611069858,-0.085969508,0.018209659,0.004581268
1,-0.048873456,0.687467188,0.669678956,-0.080929868,0.109839447,0.108122926
1,-0.02978709,0.689895093,0.731212378,-0.031679295,0.07591485,0.003584925
1,0.072612552,0.73651129,0.57366237,-0.130792178,-0.096960012,-0.101178462
1,-0.070101324,0.712110639,0.647624373,0.00558348,-0.466991633,-0.470599204
1,0.001063484,0.688681126,0.705867946,-0.097346984,-0.10275415,-0.107370079
1,0.051156089,0.693779767,0.688078076,-0.045576163,-0.058771849,-0.049337877
1,-0.048379788,0.635145396,0.827472657,-0.062222242,0.013310249,-0.010853367
1,-0.012341782,0.492504746,0.700872153,0.127756849,0.056070816,-0.07453607
1,-0.052329158,0.623248547,0.758262724,-0.068417229,-0.002031512,0.007397505
1,-0.047131933,0.620942026,0.760334194,-0.045357063,0.018890623,0.026181612
1,-0.034063321,0.589500368,0.776418149,-0.035779566,-0.036113812,-0.033457881
1,-0.085775383,0.647649199,0.761552662,-0.124551371,0.036858023,-0.054765578
1,-0.020033195,0.690380692,0.671019286,-0.022562094,-0.008026725,-0.033943837
1,-0.021598119,0.642671943,0.684544444,-0.08028885,0.011062813,0.025157378
1,0.027638834,0.631139278,0.713300675,-0.019507758,-0.060102984,-0.040968783
1,0.004687004,0.669743329,0.726460308,-0.049592882,0.009841084,0.025310095
1,0.017451715,0.662338138,0.71634692,-0.062187195,0.028040125,0.064688077
1,0.262932591,0.642429143,0.791039973,0.003175378,-0.775553077,-0.79831183
1,-0.060968405,0.672171265,0.686250329,-0.024230078,-0.02609163,0.00379998
1,-0.039806735,0.740881532,0.648111731,-0.074779168,0.002008173,0.058166988
1,0.025456823,0.704098463,0.741935045,-0.065246202,0.009235505,0.02423475
1,0.028366172,0.637694687,0.800666004,-0.046767525,0.015191441,0.006519659
1,0.110191666,0.622884333,0.677355409,-0.080517828,-0.033372346,-0.026925215
1,-0.049490549,0.654811561,0.689418375,-0.055734701,0.109812148,0.111245569
1,-0.018148499,0.685767621,0.679304957,-0.050084196,0.030399667,0.015797875
1,0.033821204,0.642064959,0.704649448,-0.035270713,-0.153318055,-0.174792085
1,0.013302614,0.671928436,0.651157975,-0.096815385,0.034828445,0.003427854
1,-0.014439886,0.774144143,0.720124185,-0.037714168,-0.000754458,0.001747973
1,-0.116136171,0.662216723,0.623376578,-0.163399696,0.013142726,0.009689222
1,-0.041344971,0.676298738,0.711960346,-0.06882716,0.063172574,0.025258653
1,-0.07886399,0.716723651,0.735720783,-0.071576051,0.056605773,0.06068884
1,-0.031062966,0.688438356,0.703430951,-0.079822734,-0.019752385,-0.02880292
1,-0.032088635,0.678119659,0.621183246,-0.073182315,0.04640545,-0.003564679
1,-0.05381017,0.700942159,0.669557095,-0.037148423,0.007135884,0.023070436
1,0.011681807,0.70883292,0.659565508,-0.076701947,-0.011342789,-0.053135003
1,0.007373663,0.713567406,0.6610277,-0.026711911,-0.002755326,0.008551811
1,0.065016527,0.752049983,0.658468872,-0.312291406,0.023206446,-0.03329246
1,-0.077259555,0.674599171,0.600712717,-0.098641291,0.005644071,0.075136125
1,-0.108822949,1.092809379,0.647868097,0.414122015,-0.032404249,0.069333914
1,-0.045214821,0.728256315,0.711107373,-0.053953491,-0.027670043,-0.017103516
1,-0.046775353,0.669136345,0.710741878,-0.014399968,-0.088909282,-0.063681997
1,-0.062079165,0.745858788,0.574027926,-0.112291127,-0.003235433,0.008705541
1,-0.079357664,0.75654164,0.662489891,-0.049830154,0.010814467,0.013134314
1,-0.055661442,0.705312431,0.587796807,-0.186663955,-0.032862398,-0.009162268
1,-0.039863955,0.592535287,0.747905612,-0.045401379,-0.110900436,-0.111329481
1,-0.067262715,0.646799415,0.72658214,-0.049219288,-0.000944689,-0.003359048
1,0.007152155,0.686374635,0.680279732,-0.057506546,0.002460652,-0.00170568
1,0.008364384,0.67763406,0.689540207,-0.056590244,0.00337695,-0.003996424
1,0.010297367,0.735904306,0.640435308,-0.062851608,-0.012963695,-0.020795218
1,-0.004320808,0.720365584,0.636292517,-0.06804397,0.054842347,0.014329534
1,0.036427159,0.718787402,0.68356967,-0.026199698,-0.009298503,-0.05790528
1,-0.026534831,0.710653871,0.657372236,-0.059928037,0.005708472,-0.00432709
1,-0.032458888,0.734326154,0.635683209,-0.100703306,-0.012922918,-0.016697111
1,-0.022230572,0.747801125,0.644334435,-0.063745946,-0.089433793,-0.087099336
1,-0.038876615,0.744766235,0.666998267,-0.085737102,-0.048200387,-0.075645609
1,-0.179582912,0.747558326,0.702578008,-0.024345145,0.215998833,0.103490627
1,-0.022882778,0.731776804,0.603515238,-0.066189408,-0.162584908,-0.160097733
1,0.023638477,0.69462955,0.627397537,-0.042518385,-0.168998986,-0.191251859
1,0.064215071,0.694143981,0.624716878,-0.088180557,-0.364781298,-0.37115166
1,0.023032362,0.738574982,0.649939477,-0.045211032,-0.228461787,-0.214992613
1,0.075764349,0.671200067,0.609607667,-0.033910029,-0.342540875,-0.342510745
1,-0.137364041,0.665008843,0.619233698,-0.025663346,0.242057167,0.230022728
1,-0.045788012,0.716845065,0.667729378,-0.061551683,0.061088335,0.051039208
1,0.01232405,0.694265395,0.604124486,-0.078655906,0.056048699,0.073641222
1,-0.005624037,0.742216915,0.648477316,-0.094191238,0.073310873,0.042948389
1,-0.11231022,0.717573464,0.625935346,-0.077239722,0.21884951,0.196428288
1,0.033215089,0.634295613,0.709279656,-0.0705202,-0.004574447,-0.020276162
1,0.071521549,0.641700804,0.63507399,-0.078614168,-0.218835425,-0.275617823
1,0.175409622,0.624341071,0.711716652,-0.07220009,-0.518312111,-0.579981416
1,0.069945648,0.6695005,0.686250329,-0.072200082,-0.168591756,-0.195136338
1,0.167772576,0.67763406,0.654447883,-0.10701941,-0.585660011,-0.669625908
1,0.012682318,0.517148212,0.809317231,-0.062426247,-0.091775458,-0.068839949
1,0.005201613,0.636844903,0.710376322,-0.072200082,-0.004574447,-0.014472943
1,0.069945646,0.701063573,0.684422612,-0.075254411,-0.201578487,-0.224610578
1,0.034548543,0.682368547,0.662368029,-0.061501063,0.006105075,-0.000857051
1,0.008596362,0.707497567,0.652254611,-0.064402677,0.1000256,0.091383601
1,0.004243814,0.657603681,0.669313401,-0.052185372,0.153323591,0.173544981
1,0.036716204,0.633324444,0.641653836,-0.079827018,-0.007944826,0.029686211
1,0.010546397,0.69438678,0.656153738,-0.062417366,-0.006875812,-0.017350413
1,0.032487753,0.746101558,0.642506748,-0.072191201,0.034357592,-0.017350412
1,-0.002098103,0.731412649,0.741203964,-0.060584761,-0.005654081,0.013498282
1,0.065096729,0.689895123,0.659321845,-0.052490808,-0.09774202,-0.130818628
1,0.049701415,0.71441716,0.650670588,-0.030346937,-0.089495331,-0.123030096
1,-0.011759307,0.723400503,0.65761593,-0.049283758,-0.077125315,-0.097221043
1,-0.01641457,0.668043792,0.670653731,-0.072038487,0.0025926,-0.047740959
1,-0.004530332,0.635266751,0.702212453,-0.087004691,-0.010388286,-0.002995079
1,0.031517969,0.690380663,0.666145325,-0.059080154,0.004796139,-0.003161625
1,-0.028139263,0.712839007,0.639947891,-0.063661642,0.18561225,0.192773405
1,-0.092686782,0.683946669,0.721098989,-0.071755603,0.557781905,0.60907805
1,-0.011477858,0.717573434,0.64470005,-0.063203499,0.079474414,0.058688479
1,-0.03468041,0.746223003,0.64055717,-0.051291622,0.169271603,0.181319676
1,0.012364741,0.610866129,0.732309014,-0.064193293,-0.041348331,-0.043900426
1,0.013698194,0.669014931,0.692099035,-0.064346008,0.001412238,-0.009844689
1,0.040852137,0.66925776,0.679183125,-0.05402685,0.001076057,-0.006684411
1,0.020971572,0.728256315,0.650548726,-0.046696462,0.012377063,0.007212773
1,0.031220479,0.758362621,0.697704107,-0.070214771,0.030855739,0.022789838
1,0.033699981,0.765889168,0.812850833,-0.032035694,0.025052518,0.027676756
1,-0.030303385,0.711989224,0.683204114,-0.076017998,-0.013737426,-0.00714256
1,0.080249602,0.66367349,0.610460639,-0.087929875,-0.054970829,-0.002713788
1,0.028972287,0.679212242,0.676867992,-0.061509944,0.000465191,-0.009891454
1,0.074794564,0.720486969,0.606074035,-0.085333683,-0.012057547,-0.051277574
1,-0.035380902,0.695115149,0.725851059,-0.080752194,-0.028856338,0.009656234
1,0.038791346,0.653719038,0.70611161,-0.058297068,-0.025871433,-0.034394669
1,0.081704274,0.640244037,0.702578008,-0.073874131,-0.17186822,-0.178711578
1,-0.004590603,0.727892131,0.591208577,-0.058755219,0.077517517,0.071437736
1,-0.055661436,0.727406561,0.624473155,-0.069903508,0.14532356,0.167496301
1,0.073461112,0.69487235,0.637632787,-0.04180371,0.036436821,-0.010112777
1,-0.117493767,0.692565829,0.751561075,-0.065445095,0.007332888,0.013918739
1,0.048955837,0.669986129,0.679426849,0.005415283,-0.623996332,-0.600611687
1,-0.08910767,0.663430691,0.69721666,-0.040857762,-0.088572958,-0.097716882
1,-0.039987374,0.59107855,0.728409886,-0.045054153,-0.072306785,-0.034637708
1,-0.048132952,0.665251643,0.699775487,-0.05268997,0.002829639,0.004457667
1,-0.093303874,0.777300447,0.617649704,-0.056813307,0.136150975,0.111053649
1,0.029578401,0.80959183,0.542712867,-0.015732616,-0.342614636,-0.310748786
1,-0.076025378,0.754720718,0.632758886,-0.033691771,-0.034229763,-0.036601998
1,-0.078617157,0.714659929,0.684300751,-0.030677788,-0.070420363,-0.033748492
1,-0.002602243,0.754842103,0.68564108,-0.05631759,-0.006865192,-0.016152823
1,-0.035834054,0.697057456,0.712813258,-0.029744945,0.012987929,0.00324215
1,2.18E-05,0.70324868,0.663342804,-0.035853609,0.00962817,-0.002408355
1,0.044852492,0.60783124,0.806392878,-0.038755208,0.005810262,-0.026842964
1,0.038912569,0.638301671,0.884010345,-0.059219204,-0.037866602,-0.02165061
1,-0.097006407,0.778514415,0.621183276,-0.106103107,0.004130384,-0.024552219
1,0.122340806,0.659910232,0.864270866,0.014695495,0.053305033,0.011946979
1,0.075400677,0.667193979,0.597666502,-0.038897596,-0.272341214,-0.261922885
1,0.054307885,0.723279089,0.66309911,-0.053558357,-0.042045018,-0.046592887
1,0.03897335,0.677512676,0.59754467,-0.034621537,-0.11840317,-0.163115427
1,-0.007034816,0.665251642,0.696485579,-0.046533406,0.001631846,-0.010093689
1,-0.002098103,0.659424633,0.710620016,-0.047296986,0.002242711,-0.011315419
1,-0.00172785,0.65784651,0.70611161,-0.049587734,0.000868264,-0.010246405
1,-0.143658347,0.606738657,0.74230057,-0.034285031,-0.001375519,-0.005586761
1,-0.14205391,0.609287947,0.7409603,-0.034132317,-0.000306505,-0.004212315
1,-0.140696324,0.608438194,0.739010721,-0.03229972,0.001220658,-0.005128613
1,-0.024313311,0.692687213,0.571103573,-0.020314708,-0.120272689,-0.167499091
1,-0.097253243,0.732383788,0.527603701,-0.034975477,0.100555103,0.088148011
1,-0.125145677,0.728499115,0.667729378,-0.039251529,0.010605194,0.00125243
1,-0.012115883,0.741488516,0.73888886,-0.014206059,0.022975215,-0.01783711
1,-0.148101397,0.734083354,0.634952128,-0.011695035,0.06008438,0.047937458
1,-0.032705724,0.744037867,0.64396891,-0.008793421,0.042827439,-0.072708428
1,-0.255845144,0.746465728,0.690636873,0.289308824,-0.27757138,-0.214734592
1,-0.035791168,0.740760118,0.621670663,-0.054179564,0.009933602,0.004922028
1,0.003569659,0.699121207,0.678939402,-0.056164876,-0.028245474,0.016375752
1,-0.022462043,0.67204988,0.683082253,-0.058761053,0.030855739,0.034701709
1,0.025237842,0.650077105,0.708061188,-0.050361656,0.050861577,0.044017402
1,0.014633364,0.681154579,0.697825938,-0.067618594,0.029634007,0.040352212
1,-0.026794837,0.739788979,0.770813107,-0.016153194,0.071783708,0.045544565
1,0.020379131,0.785433978,0.591330409,-0.045627452,-0.004116298,-0.008211575
1,0.000977885,0.784584194,0.616553009,-0.042420402,-0.001978269,-0.026232101
1,-0.068743728,0.73675406,0.50091888,-0.005615778,0.037727971,0.00858722
1,0.003244991,0.641943574,0.532112047,-0.080141328,-0.013431993,0.01561217
1,0.03066941,0.773779929,0.597422808,-0.052146062,0.005385361,0.002981043
1,0.022789916,0.760426342,0.613628685,-0.0497026,0.00172017,0.002370178
1,0.035397104,0.734447509,0.588527888,-0.056269407,-0.014620475,-0.022064433
1,0.012485965,0.751078844,0.627397537,-0.055963971,0.013937475,-0.012748738
1,0.090917217,0.715509713,0.629712671,-0.045527339,-0.348970048,-0.366228804
1,-0.079604497,0.76212588,0.707330108,-0.045680061,-0.192741249,-0.225577075
1,-0.024806983,0.629318357,0.724023342,-0.054843038,0.015258363,0.018310873
1,-0.032212052,0.6471636,0.677599072,-0.057133786,0.040761985,0.037705846
1,-0.133880995,0.747801155,0.651645362,-0.219318502,0.039998406,0.048090551
1,-0.09540198,0.614386618,0.719880521,-0.04681363,0.015740345,0.010475954
1,-0.171797611,0.730684251,0.719149411,-0.033221878,0.081561074,0.082863484
1,-0.231778674,0.66925773,0.688687295,-0.017644808,0.070565494,0.080267306
1,0.026790274,0.897725523,0.743397236,0.04451073,0.093472941,0.037354024
1,-0.020363942,0.757148653,0.608998448,-0.042384855,-0.037404932,0.00360372
1,-0.054180425,0.797694981,0.570616186,-0.022073589,-0.01434477,-0.017165699
1,0.000489106,0.777057648,0.623132855,-0.067735769,0.038036926,0.014599294
1,-0.073803857,0.776086479,0.694779724,-0.001915034,-0.011595875,0.040713783
1,0.050186304,0.686738819,0.674187362,-0.045618743,0.017385396,0.015875957
1,0.060126589,0.625797868,0.647136956,-0.06806805,0.032504311,-0.003824446
1,0.051883424,0.709075719,0.728288025,-0.049742095,0.034031473,0.043823043
1,-0.067879802,0.659788847,0.665414244,-0.055545308,-0.01422688,-0.004282597
1,0.015758985,0.707740337,0.652010918,-0.075856574,0.011887609,-0.002602716
1,0.024244592,0.664401889,0.698191464,-0.08043807,0.013872921,-0.008711368
1,0.007758269,0.636116534,0.736086339,-0.031568848,0.006084389,0.004422234
1,0.023759699,0.61924243,0.673090696,-0.022558585,-0.009187242,-0.022608553
1,-0.005691573,0.641093791,0.743275374,-0.047298625,-0.081116624,-0.033145979
1,0.078916149,0.699121237,0.72524184,-0.041495413,-0.051489661,-0.064910974
1,0.032487752,0.715873927,0.646771431,-0.00969068,-0.003305711,0.00840238
1,0.036609333,0.687588573,0.595960647,-0.088492289,0.014714814,0.044596149
1,-0.072322845,0.622398764,0.678695709,-0.153489262,-0.016767612,-0.046017528
1,-0.010783443,0.642550528,0.575490087,0.029312171,-0.022723546,-0.076866219
1,0.000483707,0.673870802,0.862930566,-0.023222238,0.036224948,0.012320107
1,-0.045294341,0.748650908,0.612653881,-0.041419961,0.007267497,0.006679821
1,-0.038629781,0.75884822,0.624107629,-0.027522773,0.012612568,0.021646019
1,-0.030977873,0.735175878,0.633124411,-0.047681324,0.022539129,0.017980827
1,-0.067509551,0.776814818,0.59888503,-0.038742229,-0.015693622,-0.041532419
1,-0.006351046,0.694265366,0.590477467,-0.046378046,-0.171464253,-0.162789173
1,-0.033446231,0.724857241,0.639460534,-0.0740197,-0.271035299,-0.168745108
1,0.003262046,0.694993734,0.680645317,-0.035700887,0.01543139,0.003547581
1,0.110070445,0.631503463,0.71293512,-0.038449779,-0.114072034,-0.112211383
1,0.011468904,0.83472088,0.572687581,-0.168564081,-0.709054798,-0.802794516
1,0.00327302,0.765403569,0.606317759,-0.038896441,-0.006969377,-0.00826933
1,-0.008204332,0.776814818,0.593645513,-0.020417765,-0.032473002,-0.034078386
1,-0.013452544,0.755813301,0.600103527,-0.045807563,-0.000155359,-0.031372936
1,0.004848918,0.656268299,0.722317487,-0.037619062,0.007238204,0.008037737
1,0.012485964,0.718301803,0.591574103,-0.04067339,0.00326758,0.018727879
1,-0.055505779,0.739181966,0.675162107,-0.037771776,0.031978246,0.017200716
1,0.019879203,0.724007457,0.66517055,-0.013489895,0.015637602,-0.054423235
1,0.021456464,0.683825314,0.657250434,-0.043172672,-0.001730917,-0.039486685
1,0.058550691,0.690987647,0.69587639,-0.041034654,-0.047851243,-0.04391546
1,-0.021285104,0.693051398,0.576464877,-0.044394411,-0.044033337,-0.030934572
1,0.018062221,0.674477786,0.637632787,-0.0396602,0.021481963,-0.003903785
1,0.024365815,0.708832949,0.663830221,-0.042714529,-0.003105364,-0.005430947
1,0.002858869,0.712231994,0.645918518,-0.042103656,0.000407111,0.014727606
1,-0.052329157,0.676055908,0.608511031,-0.036453158,-0.00035647,-0.019938997
1,-0.019604865,0.671807051,0.666998297,-0.041340083,0.185957439,0.203026816
1,0.015274093,0.707861751,0.684422582,-0.043757364,0.002221315,-0.000400132
1,0.031396746,0.74513042,0.585116118,-0.055211082,-0.003123756,-0.013839168
1,0.005681437,0.759697974,0.637876511,-0.030875899,0.02432983,-0.04318172
1,0.029510863,0.769288242,0.587431282,-0.058006115,0.022614597,0.01925823
1,0.039637712,0.709682703,0.637754649,-0.028054111,0.010990205,0.000255613
1,0.041094583,0.673385203,0.722804844,-0.079214066,-0.000768951,0.001935491
1,0.006720445,0.715873867,0.639338672,-0.03889697,-0.006877603,-0.020208374
1,0.021456464,0.704826832,0.726825833,-0.008048274,-0.174407396,0.128384596
1,0.00293839,0.656753898,0.708914131,-0.027739175,0.020548538,0.000507982
1,-0.041591806,0.752414197,0.629956365,-0.035700887,0.037269823,0.025691446
1,-0.038515819,0.755934685,0.720611542,-0.022414573,0.271383934,0.337232731
1,-0.030854456,0.724614441,0.580851436,-0.069909342,0.505650759,0.509649456
1,0.017815385,0.719273001,0.670166314,-0.016000479,0.457392409,0.451464534
1,-0.003750822,0.703612894,0.639460534,-0.033715576,0.003672234,-0.006989844
1,-0.008268994,0.766010582,0.644821912,-0.046696462,-0.019998794,-0.036158659
1,-0.010367097,0.717573464,0.590599328,-0.030050382,-0.015722738,-0.015847389
1,0.012811137,0.70300588,0.614237934,-0.035395458,-0.013890142,-0.016916403
1,0.026547829,0.766496152,0.623620212,-0.043960981,0.003335883,-0.003597308
1,0.025699267,0.788833052,0.575246423,-0.039532207,-0.015753655,-0.025741173
1,0.058914359,0.793931752,0.611922771,-0.056636438,-0.037744805,-0.030780812
1,0.003464984,0.768074304,0.705380529,-0.025176875,-0.021251443,6.79E-05
1,0.014546755,0.704462677,0.666023493,-0.037944615,0.004142105,-0.00076806
1,0.0073946,0.728013515,0.636658013,-0.03702832,0.010098041,0.014656288
1,0.026426606,0.665008873,0.605464846,-0.026949041,0.024758807,0.028553472
1,0.01430431,0.745737374,0.684178919,-0.012869708,0.037681629,0.011064321
1,-0.04751586,0.766860366,0.650548756,-0.033075042,0.009129471,-0.003125335
1,-0.019760023,0.71672368,0.565376684,-0.029409848,0.01050392,0.012909878
1,-0.065905119,0.712353408,0.625447959,-0.056746073,0.066092659,0.095223967
1,-0.017772166,0.69997099,0.633489966,-0.074766599,0.118779786,0.163640883
1,-0.009839998,0.737118244,0.614481598,-0.016423628,0.003342215,-0.022602529
1,0.033699984,0.769895256,0.650061309,-0.006955214,0.004563946,-0.032987238
1,-0.080098164,0.716845065,0.742178738,-0.064071119,0.004716662,0.03909486
1,-0.016537989,0.693658412,0.653594941,-0.039941937,0.132845648,0.097585212
1,0.034306098,0.676420122,0.734624147,-0.029466011,-0.035770832,-0.059122251
1,0.026583451,0.658939034,0.776783705,-0.039392568,-0.057761982,-0.106769748
1,-0.001219998,0.682732671,0.817237377,0.012683697,-0.009656343,-0.061718427
1,0.043155371,0.64995572,0.717321664,-0.060620137,0.082889743,0.018915783
1,0.031517969,0.688195527,0.691977203,-0.023969509,-0.000820129,-0.001926694
1,0.026184158,0.732383788,0.663952053,-0.021774471,-0.005707464,-0.010691541
1,-0.030347966,0.671564251,0.75801906,-0.0061974,0.024988515,0.054212891
1,-0.023202551,0.673628002,0.731943458,-0.025803104,-0.008912403,-0.002814574
1,-0.052082321,0.762368679,0.613628685,-0.034049779,0.002083171,-0.002814575
1,-0.02505382,0.721215338,0.586456478,-0.033286199,0.009260838,-0.003730872
1,-0.006721804,0.68904534,0.654326022,-0.093456417,-0.014257474,-0.005868901
1,-0.050517396,0.601640016,0.798229009,-0.021527044,0.082564663,0.011998908
1,-0.00962659,0.666344196,0.738035917,-0.025903247,-0.004499852,-0.000181912
1,-0.004813295,0.68066898,0.697460353,-0.021644332,-0.000843849,-0.002773828
1,0.015699722,0.709804118,0.65627563,-0.032389157,0.003536472,0.001427234
1,-0.09305704,0.772565991,0.591574073,-0.021371201,-0.001221223,8.50E-05
1,-0.100215275,0.809956014,0.561477542,-0.016536243,-0.022573401,-0.018042
1,-0.098981097,0.742216855,0.64811179,0.050353508,-0.127336789,-0.068743818
1,0.015637761,0.636480749,0.673090667,-0.007506147,0.001666972,-0.008796617
1,-0.026905086,0.685524806,0.544540629,-0.071494289,0.012357114,0.030604194
1,0.022789916,0.654690206,0.694048613,-0.011934921,0.010829951,-0.040256176
1,-0.001484393,0.662702352,0.752901405,0.063506939,-0.005205262,0.004489702
1,-0.033199396,0.632717431,0.803468496,-0.002871908,0.047870292,0.034997638
1,0.015450693,0.639030069,0.739985496,-0.012034893,0.00617874,-0.03998607
1,-0.016537989,0.731412649,0.642263055,-0.034331471,-0.018866734,-0.009442808
1,-0.037615594,0.741488546,0.667485654,-0.04441075,0.002208117,-0.006541198
1,0.007081919,0.722672075,0.611679107,-0.02743715,-0.012415865,-0.012469756
1,0.093826568,0.706647784,0.642750472,-0.030491479,-0.008597957,-0.050037971
1,-0.132920992,0.771716177,0.501893625,-0.077528097,0.044241888,-0.045914628
1,0.065460397,0.71672371,0.672968864,-0.040435091,-0.009919517,-0.026384817
1,0.017738565,0.732748002,0.652376473,-0.065175131,-0.056497991,-0.072810574
1,0.074342258,0.626769006,0.622279912,-0.065022416,-0.032521532,0.005991042
1,0.116616484,0.615357757,0.768010646,-0.048834488,-0.023205835,-0.026537532
1,-0.046158265,0.723157674,0.699044436,-0.030355811,0.003977666,-0.016916405
1,-0.060844986,0.706405014,0.786897123,-0.055095859,-0.019540645,-0.009738737
1,-0.103300717,0.587436646,0.600225329,-0.004241325,-0.025496581,0.023400703
1,0.108858217,0.774993867,0.704649419,-0.064258836,0.014667809,0.020499092
1,-0.038713185,0.623248547,0.750464439,0.017444391,-0.077725563,-0.02455222
1,-0.03912345,0.732626587,0.622645468,-0.049292639,0.003519518,-0.000270326
1,0.003266435,0.729227483,0.596326202,-0.047612756,-0.002283702,0.00858722
1,0.02339603,0.768559873,0.701237708,-0.046391033,0.017722134,0.002784
1,-0.007587748,0.773537129,0.693561196,-0.026843339,0.02993944,0.016528469
1,0.048974076,0.676784307,0.65420419,-0.057772189,-0.012431114,0.033642373
1,0.124859652,0.831807345,0.729019135,-0.048761919,-0.006933326,-0.043784796
1,0.015889998,0.671078652,0.584750593,-0.077472597,0.01719585,0.004626273
1,-0.049192395,0.677512676,0.625691682,-0.086330131,0.248866498,0.281959103
1,-0.011477858,0.698028624,0.617527813,-0.045088269,0.001650614,-0.002444347
1,0.023880922,0.774386942,0.547099411,-0.064941391,-0.000640131,0.005496901
1,-0.065658282,0.86543414,0.614481598,-0.179936767,0.059835527,-0.091477955
1,-0.040139325,0.816997021,1.141597897,0.065020189,-0.10387636,-0.061392846
1,0.057580903,0.733112186,0.640435308,-0.05211322,-0.022936711,-0.040928855
1,0.019404958,0.757634252,0.685397357,-0.060512617,0.037997096,0.012063703
1,-0.130822893,0.608923778,0.783241674,0.138629451,0.00760655,0.041996099
1,0.030184516,0.687103003,0.674309224,-0.048753463,0.001497898,-0.002902496
1,0.024002145,0.712474793,0.66102767,-0.047684446,-0.009650393,-0.033293042
1,0.058308244,0.725464225,0.671628505,-0.034550846,-0.037444763,-0.03176588
1,0.040488468,0.636844903,0.740716606,-0.033481836,0.005773954,0.014965313
1,-0.02766754,0.688195556,0.685031831,-0.043866545,0.001345181,-0.002597063
1,0.042306814,0.704705447,0.649086565,-0.047684453,0.015853231,0.006718631
1,-0.015920899,0.72255072,0.667485714,-0.050433345,0.013867918,0.004122454
1,-0.026781669,0.765403599,0.659078121,-0.04127036,-0.00399989,-0.01267634
1,0.023638478,0.672171235,0.677720904,-0.047746718,-0.057136975,-0.067296149
1,-0.019623434,0.718544632,0.68356964,-0.035682119,-0.005518861,-0.016441617
1,0.085340962,0.727163732,0.604490012,-0.050801039,0.151778936,0.029373277
1,0.009697837,0.664766073,0.692342758,-0.041485339,-0.00017379,-0.01460902
1,0.117343822,0.728499115,0.636658013,-0.058742292,-0.024761116,-0.018732361
1,-0.010746131,0.605646074,0.609242111,-0.067294396,0.017846734,-0.03156053
1,0.014995849,0.669743329,0.667485684,-0.004852191,-0.089331999,-0.096176174
1,0.127647772,0.65553996,0.617040426,-0.047001891,-0.002436419,0.009198084
1,0.040246021,0.646435201,0.678208292,-0.023483582,0.100036222,0.064328672
1,0.275176123,0.728499144,0.839048237,-0.024858028,-0.138201222,-0.132828079
1,-0.028646105,0.723400474,0.6562756,-0.023853809,0.002067899,0.005297596
1,0.052610765,0.737846643,0.655178994,-0.031489626,0.036734501,0.057221141
1,0.056368678,0.746222973,0.668826014,-0.03484939,0.025738928,0.017056752
1,0.039246017,0.716602266,0.73413676,-0.019298762,-0.038944876,-0.030483424
1,0.001926903,0.719637215,0.692099065,-0.013155796,-0.021483846,-0.023093731
1,0.06097515,0.74767977,0.641531944,-0.034230649,-0.006823081,0.002257178
1,-0.029990532,0.704826832,0.692220926,-0.026900269,0.000812735,0.004547922
1,0.031760415,0.733476371,0.657372266,-0.027490824,-0.002886615,-0.000738603
1,0.010661036,0.715873897,0.64262861,-0.026989184,0.013749466,0.011788437
1,-0.008639248,0.732262403,0.66651088,-0.021357507,-0.015654759,-0.009357952
1,0.003273526,0.728863329,0.67467472,-0.015053622,0.002222866,-0.001957028
1,0.070915431,0.656753927,0.62959078,-0.0307834,-0.046493638,-0.020282986
1,0.032009954,0.639637023,0.689905792,-0.01841338,-0.040079553,-0.047924638
1,0.011637404,0.740274549,0.658225179,-0.016011171,0.003861225,0.00250623
1,0.026062935,0.723279089,0.635195851,-0.021814391,0.074263442,0.089401808
1,0.056974791,0.736389905,0.732674599,-0.017232902,0.056701066,0.056262372
1,0.009334168,0.73626852,0.710132629,-0.014484003,0.015314949,0.023733797
1,-0.063683596,0.643764496,0.724023342,-0.037037395,0.081441534,0.089346029
1,-0.001464641,0.729470283,0.705380529,-0.027721696,0.295091659,0.148294529
1,-0.05319308,0.71975857,0.685275555,-0.02283477,0.154898081,0.124776218
1,-0.049984217,0.71720925,0.662855446,-0.028022423,0.009368712,0.009408555
1,-0.056401946,0.699849576,0.68356967,-0.030933753,-0.021611146,-0.016785666
1,-0.006664563,0.722186506,0.650061339,-0.054299347,0.0293961,-0.000445022
1,-0.069360815,0.68625319,0.724267036,-0.047427118,0.04268242,0.049645929
1,-0.013699378,0.749257892,0.647015154,-0.027838998,0.002834908,-0.009065453
1,0.01066762,0.723521888,0.578536332,-0.010938443,-0.009126454,0.024992031
1,-0.160196343,0.918120116,0.670288205,-0.102619193,-0.056976147,-0.038230775
1,0.001426142,0.798908949,0.582922846,-0.031161599,-0.028682468,-0.019807365
1,0.000760766,0.771594822,0.598641306,-0.031925179,-0.016923313,-0.041340366
1,0.014546755,0.767588735,0.652985722,-0.072853155,-0.010509226,-0.026832316
1,0.024123367,0.718787402,0.695388973,-0.016927123,0.002587977,-0.008740234
1,0.029820847,0.702034712,0.618990004,-0.017385274,-0.042768767,-0.038061768
1,0.003894323,0.757877022,0.805296242,-0.029755294,-0.014516251,-0.051653516
3,-0.020063594,0.819060743,0.857812971,-0.046696462,-0.043975256,-0.132828087
3,0.177955294,0.652140856,0.64396888,-0.048681773,-0.418282941,-0.409091895
3,0.280267481,0.699728191,0.662977278,-0.053940162,-0.110712405,-0.091206424
3,0.338818163,0.706890583,0.653716803,-0.05844412,-0.034763768,-0.042783231
3,0.204866804,0.708832949,0.695023388,-0.064066872,-0.653627723,-0.710942805
3,0.249961718,0.619970828,0.648355484,-0.048920073,-0.220919958,-0.181941344
3,0.071642764,0.283096164,0.665048718,0.034157604,-0.556132257,-0.562510408
3,0.145588774,0.709925503,0.657372266,-0.08938989,-0.272996217,-0.37390577
3,0.017556041,0.839455336,0.657859653,-0.018923938,-0.259835407,-0.188235134
3,-0.120332375,0.61341545,0.844409555,-0.055389985,0.183055826,0.26289162
3,0.028893098,0.660031617,0.711351097,-0.046990588,-0.005701541,0.018850947
3,0.182682998,0.498088941,0.700994015,-0.059360608,-0.769283116,-0.851021171
3,0.152619706,0.672535419,0.29073035,-0.232999042,0.097381964,0.076577716
3,-0.053417463,0.617057323,0.743519068,-0.055848137,0.14182242,0.192642108
3,0.269963533,0.651048273,0.888762414,-0.042867243,-0.704684108,-0.663180113
3,0.44500947,0.423673049,0.577439696,-0.158473492,-0.644055754,-0.703955352
3,0.173227601,0.65529716,0.477767676,-0.116171069,-0.722857356,-0.765652746
3,-0.016213322,0.74513039,0.759724915,-0.063178509,-0.213243011,-0.20884908
3,0.211170398,0.635388166,0.623376548,-0.052488372,-0.633060187,-0.725335658
3,0.186881561,0.754113734,0.770569444,-0.045921564,-0.066024482,-0.045442611
3,0.228141621,0.701427728,0.74022916,-0.073257789,-0.632143855,-0.742134452
3,0.20523046,0.662823737,0.715250254,-0.047754169,-0.730951309,-0.705177069
3,0.182682998,0.648256153,0.755703926,-0.081648037,-0.651097775,-0.764906168
3,0.235293761,0.600668848,0.724145174,-0.081037164,-0.71478045,-0.764753461
3,0.142558195,0.583551958,0.900216162,-0.088062111,-0.413776614,-0.360055253
3,0.250931524,0.60783124,0.77848956,-0.033705018,-0.364650907,-0.343426678
3,0.141090687,0.623248547,0.74778378,-0.03248328,-0.371217713,-0.403596892
3,0.090189885,0.791867971,0.76277113,0.097773157,0.060177268,0.047682591
3,0.384034321,0.667679548,0.784216493,-0.060746357,-0.900866538,-0.977043837
3,-0.093920965,0.717573434,0.65152353,-0.025927044,0.010849901,0.022484405
3,0.202078672,0.758362591,0.712325931,-0.040282376,-0.628267854,-0.655423284
3,0.300390489,0.596177191,0.734624147,-0.054651126,-0.325309634,-0.330257475
3,0.189956374,0.731291234,0.609363973,-0.078016721,-0.654260576,-0.722891092
3,-0.039987374,0.785919577,0.754363596,-0.098030612,0.004647847,0.032609433
3,0.283419281,0.607224226,0.722439289,-0.080162816,-0.992895067,-1.056257904
3,0.033093866,0.582580775,0.813094556,-0.050823532,0.08917072,0.08101273
3,0.327665649,0.510835558,0.557943955,-0.070371225,-0.865153462,-0.917293787
3,0.027922809,0.702156126,0.631418556,-0.037867554,-0.109036818,-0.109837685
3,0.156983733,0.692323029,0.670775563,-0.068868965,-0.760219172,-0.863950849
3,0.229111392,0.677512676,0.663708389,-0.024786666,-0.155161047,-0.073014511
3,0.100880459,0.576268166,0.744737536,-0.075030334,-0.786032081,-0.861488819
3,0.380155191,0.603582352,0.836976796,-0.026757076,-0.783861965,-0.842982918
3,0.035998147,0.653840393,0.717687249,-0.070892088,-0.411386922,-0.45584707
3,0.137466833,0.614508033,0.772153497,-0.045083031,-0.586247031,-0.602149315
3,0.076036339,0.675934523,0.760334164,0.001953587,-0.489424948,-0.545644261
3,0.009093741,0.67508474,0.654447854,-0.048748225,0.250485584,0.299945944
3,-0.011851995,0.716359496,0.662733555,-0.053797685,0.041499536,0.037484244
3,0.274569988,0.65833205,0.713178843,-0.071360059,-0.448108956,-0.442044988
3,0.121178376,0.691473246,0.748880446,-0.007830068,-0.469947398,-0.482514799
3,0.209109604,0.550774962,0.60985136,-0.017756626,-0.723303735,-0.813298374
3,0.24632505,0.624948114,0.576221168,-0.054713979,-0.592884004,-0.602549851
3,0.017209776,0.655418575,0.718662024,-0.04967434,-0.196432486,-0.237863258
3,-0.040727879,0.714295745,0.719271272,0.009426869,0.056465735,0.053977603
3,-0.015623076,0.673021019,0.621183276,-0.022079468,0.113129284,0.11110647
3,0.286207408,0.60224697,0.722073764,-0.022079468,-0.821800023,-0.892239749
3,0.251052745,0.673627973,0.742666125,-0.022537619,-0.769723743,-0.806871325
3,0.213594846,0.673142433,0.712813288,-0.035976656,-0.679926544,-0.663470685
3,0.135515444,0.69438675,0.658712596,-0.044065282,-0.186178725,-0.151495092
3,0.160014307,0.668043762,0.679792374,-0.053839125,-0.445338327,-0.512821883
3,0.174561065,1.021428376,1.054841816,0.009232715,-0.429608524,-0.452346248
3,-0.033225228,0.631139278,0.68088901,-0.064223826,-0.308046333,-0.346055679
3,-0.156000126,0.718908817,0.714641035,-0.069263466,0.067483064,0.07055442
3,-0.0851583,0.675813109,0.815044135,-0.004420534,0.049139436,0.051444356
3,0.367426798,0.541427448,0.864758253,-0.065812491,-0.819816381,-0.854774237
3,-0.149335559,0.687709957,0.663220972,-0.017706856,0.175283108,0.173922837
3,0.192502059,0.605160475,0.800056785,-0.059092969,-0.746817976,-0.809417486
3,0.136423081,0.590592951,0.813460052,-0.121859379,-0.207729407,-0.140214622
3,0.296996266,0.566677898,0.759603083,-0.03878171,-0.740251154,-0.798574656
3,-0.157727975,0.636480719,0.749367833,-0.036643676,0.471858189,0.505775377
3,0.192138389,0.574568629,0.851233095,-0.068561383,-0.817067474,-0.804683268
3,0.157349925,0.614022434,0.69721669,-0.056496799,-0.238730818,-0.261165945
3,0.368639007,0.628225774,0.798107177,-0.043922126,-0.80336079,-0.820159227
3,-0.064300685,0.590107352,0.711838514,0.00285285,-0.045195865,0.013523643
3,-0.230421077,0.549561009,0.628006786,-0.035784379,0.023984626,0.065141753
3,0.125021375,0.68066901,0.689540267,-0.035118788,-0.112606775,-0.078103721
3,-0.23498752,0.566920668,0.743640929,-0.058178954,0.769177198,0.797113478
3,0.125222456,0.645828247,0.718783855,-0.08169727,0.038429648,0.027117819
3,0.170992921,0.799637347,0.587796777,-0.002766326,-0.093275964,-0.104309576
3,-0.287563533,0.631989092,0.677233547,-0.07026694,0.707568347,0.73227036
3,-0.094538055,0.718423218,0.636170655,-0.042778008,0.339827493,0.34971603
3,0.312095253,0.53475064,0.782510608,-0.020913742,-0.291151717,-0.304376528
3,0.027980886,0.772565961,0.609973222,0.031416684,-0.140317675,-0.225736178
3,0.031517969,0.588407785,0.604002655,-0.062809281,-0.645197794,-0.719773442
3,0.152013589,0.569955558,0.756069452,-0.014092781,-0.240499586,-0.263915256
3,0.065824065,0.576268166,0.794329897,-0.013329193,-0.348164573,-0.304079672
3,-0.045664596,0.600304633,0.788603008,-0.00431893,0.009344308,-0.024303369
3,0.134463606,0.538271144,0.850258321,-0.019285128,-0.488358167,-0.50490161
3,-0.02036394,0.673142403,0.666023463,-0.019412503,0.064383542,0.071049888
3,0.003696455,0.617664307,0.693195701,-0.070114322,0.015972473,-0.066089358
3,0.092319727,0.555873603,0.81467855,-0.055453554,-0.471803427,-0.314253367
3,0.192017168,0.67508477,0.76898542,-0.034073271,-0.194623321,-0.15710827
3,0.297966026,0.460577488,0.473015592,0.134678252,-0.19844123,-0.417031437
3,0.387307368,0.635630935,0.589868218,-0.082484335,-0.597183526,-0.690393627
3,0.172621489,0.62154898,0.7600905,-0.005668037,-1.007226795,-0.979943782
3,-0.130946315,0.734326184,0.687956214,-0.037996672,0.51655665,0.515443161
3,0.331423573,0.671928436,0.753145128,0.019577391,-0.661344275,-0.660625137
3,-0.036531675,0.703370064,0.707086414,-0.030338407,0.016630359,-0.035384856
3,0.027199864,0.59132129,1.050942689,0.02172045,-0.622464627,-0.650383666
3,0.219690077,0.688438356,0.831493616,-0.026079759,-0.539997831,-0.576468974
3,0.13989888,0.707254797,0.707939357,-0.084264681,-0.43538717,-0.47369089
3,0.078067586,0.6834611,0.710010797,-0.06716045,-0.399956971,-0.419934742
3,0.166560344,0.692322999,0.676136911,-0.071363941,-0.780136019,-0.748265147
3,0.297844812,0.492019162,0.924951375,0.052497454,-0.618377626,-0.614073187
3,0.015770797,0.615600586,0.869388491,-0.048295319,-0.370213583,-0.423941389
3,0.151642144,0.65808928,0.705989778,-0.087237976,-0.452527717,-0.426384825
3,0.03030574,0.691716045,0.72524181,-0.114726916,-0.33295083,-0.41691643
3,0.417006992,0.580881238,0.770447582,-0.071508184,-0.856462359,-0.947300136
3,-0.02295521,0.674720556,0.692951977,-0.049822479,-0.219482608,-0.242514379
3,0.061988661,0.665615857,0.700141072,-0.035987556,-0.109365953,-0.117081651
3,0.094796352,0.626040637,0.717930943,-0.053091787,-0.630281299,-0.64166221
3,0.069824422,0.646678001,0.741203964,-0.023159392,-0.624325335,-0.665485948
3,0.292026095,0.522611022,0.707817525,-0.038583733,-0.598363578,-0.691753149
3,0.153589495,0.710289687,0.598275781,-0.05049561,-0.335691527,-0.466954738
3,0.173712499,0.819789112,0.768132448,-0.092492588,-0.011169374,0.023264617
3,0.151528701,0.66950053,0.706233472,-0.034765825,-0.583702832,-0.580575675
3,0.166753653,0.710532457,0.74096024,-0.056756973,-0.058969572,0.011047333
3,0.220124476,0.627497405,0.788846731,-0.043623373,-0.34851969,-0.409686115
3,0.164984446,0.468589678,0.768619865,-0.14716503,-0.812624574,-0.921438485
3,-0.021439932,0.703248709,0.740472883,-0.060727604,-0.01193295,-0.001933567
3,0.31699805,0.551381916,0.749245942,-0.105015323,-0.972671211,-1.024522007
3,0.060853923,0.553202868,0.663708359,-0.065505065,-0.547838502,-0.542097181
3,0.402823895,0.464097992,0.769350916,-0.057563812,-0.839526683,-0.879600197
3,-0.142068438,0.785919547,0.315172967,-0.22934515,-0.371093601,-0.535540968
3,-0.060227903,0.708711505,0.624473155,-0.070062056,-0.278852932,-0.306161091
3,0.037457894,0.627011836,0.737304807,-0.032118119,-0.309841568,-0.363963861
3,0.093462899,0.609288007,0.913253993,-0.028006516,-0.442031801,-0.475427464
3,0.027760057,0.611837298,0.647989929,-0.001433872,-0.069251271,-0.122041937
3,0.198805654,0.641093791,0.931774914,-0.048419453,-0.620454594,-0.680011779
3,-0.077578828,0.520183071,0.73072499,-0.025664724,0.172601223,0.183446229
3,0.166439127,0.61341545,0.708426744,-0.008742414,-0.603090242,-0.590241835
3,0.362577856,0.619485289,0.763989627,-0.086146511,-0.735819697,-0.707793057
3,0.275903456,0.598726481,0.723657787,-0.024601832,-0.965657741,-1.017654508
3,0.254446998,0.629682541,0.775565207,-0.013526462,-0.47608465,-0.461785868
3,0.308148757,0.656389743,0.728288054,-0.04477299,-0.547729433,-0.57333295
3,0.066308957,0.670228899,0.615700096,-0.026984498,-0.306187205,-0.3269049
3,0.231657058,0.416025095,1.511895269,0.16879268,-0.941293508,-0.869493246
3,0.26305382,0.6469208,0.788237453,-0.0387659,-0.695884913,-0.717245758
3,0.249355614,0.658332109,0.724876285,-0.02059266,-0.586234599,-0.680441141
3,-0.049120296,0.793081939,0.756922394,-0.040903926,-0.170540811,-0.161205663
3,0.413370311,0.63296023,0.708914116,-0.050372347,-0.761400223,-0.708388224
3,0.02249293,0.569591403,0.756922394,-0.093859673,-0.76494804,-0.75207895
3,0.224626139,0.637573272,0.701846927,-0.06240011,-0.688437164,-0.684578329
3,0.058429467,0.654083192,0.802006304,-0.05571422,-0.556384012,-0.586865962
3,0.016001431,0.580881238,0.710132629,-0.098932952,0.021036368,-0.005169526
3,0.057829766,0.650805503,0.748514861,-0.026392698,-0.396490043,-0.464082051
3,0.241233687,0.597998083,0.719514936,-0.074305184,-0.694784641,-0.812437624
3,-0.018060199,0.664523274,0.723535955,-0.064106606,-0.245368093,-0.341801301
3,0.147477867,0.716238111,0.747296393,-0.019009046,-0.341050088,-0.385395154
3,0.061290182,0.63296023,0.662733555,-0.046928331,-0.326849453,-0.343955569
3,0.190029137,0.664280474,0.665048718,-0.05635979,-0.368170828,-0.312259102
3,0.060853925,0.687588543,0.674552858,-0.036037281,-0.298206624,-0.284559266
3,0.33227212,0.611351699,0.905821234,-0.098625369,-0.776114494,-0.860689074
3,-0.021042153,0.637087733,0.672968864,-0.005621135,-0.286200605,-0.315033659
3,0.071279101,0.660031646,0.555385113,-0.014941812,-0.22541748,-0.25079558
3,0.228620426,0.734568954,0.719880491,-0.035371087,-0.314733065,-0.231185341
3,0.114434469,0.633445799,0.615090817,-0.040716156,-0.455842957,-0.52501151
3,0.007765864,0.698028624,0.810779423,-0.044738024,0.139693309,0.110530645
3,0.008373668,0.569227189,0.752414018,-0.076003939,-0.09339983,-0.100301962
3,0.084128734,0.701913327,0.675893217,-0.046139084,0.018472157,-0.042179201
3,0.061217596,0.471138999,0.720124215,-0.03667067,-0.161427658,0.014783978
3,0.018816909,0.638665855,0.788603008,-0.080958411,-0.109809548,-0.128005769
3,-0.025183821,0.691473246,0.736330032,-0.016433522,-0.131007493,-0.130172815
3,-0.11739805,0.618878275,0.254327923,-0.107757881,-0.356264025,0.048657976
3,-0.221041322,0.784705609,0.685884774,0.094740368,0.00317971,0.127415666
3,0.102675842,0.647649169,0.766548455,-0.04056628,0.052048935,0.012420284
3,0.075279457,0.625797868,0.614725322,-0.130516186,0.054492392,0.062969385
3,-0.081332344,0.791382372,0.831737339,0.00568524,0.190596994,0.244686648
3,-0.257326171,0.660759985,0.801153421,-0.125039928,0.279325183,0.15733291
3,0.128253892,0.758241206,0.870972544,-0.022414573,0.130579494,0.11564135
3,0.016728768,0.717937678,0.713788092,-0.027759641,-0.054818116,-0.005768115
3,0.031275522,0.654568762,0.67199406,-0.061428398,-0.039155183,0.026169538
3,-0.01916488,0.659910202,0.732309014,-0.021264009,0.029109008,0.025864107
3,0.076734133,0.669621944,0.789943337,-0.066315323,0.010324901,0.004941972
3,0.032124085,0.584037542,0.653716803,-0.067313142,-0.017119399,-0.020055663
3,-0.222028663,0.47915113,0.66785121,-0.1758435,0.454498574,0.661028653
3,0.024885476,0.804371804,0.816140741,0.010470409,0.233518092,0.185317328
3,0.037094226,0.210229464,0.344188441,-0.675531298,0.344390119,0.049247101
3,-0.039123451,0.771109223,0.632758856,-0.079438016,-0.014073987,-0.001232511
3,-0.026781667,0.583309174,0.779464364,-0.055327654,-0.023449594,-0.046736657
3,-0.043813327,0.683825314,0.694414169,-0.098088227,0.002817611,0.002896142
3,0.082431614,0.707133383,0.640922695,-0.077764258,-0.005557464,-0.040686175
3,0.043761488,0.744280636,0.658590704,-0.053635091,-0.046485435,-0.028621588
3,0.010867685,0.714538515,0.631053001,-0.055102684,-0.043259422,-0.036253771
3,-0.022585462,0.708711535,0.5784145,-0.070832461,0.014772775,-0.000518152
3,-0.027092154,0.696814716,0.646405876,-0.065158047,0.017737952,0.005327143
3,0.001679562,0.688074142,0.634830296,-0.054620624,-0.003947765,-0.018802034
3,-0.05220574,0.732262403,0.749489635,-0.028245755,0.05147452,0.002206123
3,-0.01135444,0.638665885,0.733771205,-0.080474734,0.017266067,0.001900691
3,-0.021493951,0.747315526,0.631418526,-0.060163468,-0.018469549,-0.009400317
3,-0.120332379,0.622520149,0.567204416,-0.025883265,-0.039814054,-0.0215469
3,-0.093797542,0.658210695,0.706964552,-0.005471274,-0.055691794,0.005536621
3,-0.132920992,0.675570339,0.707939327,-0.065971717,0.028505082,0.018135537
3,-0.196234342,0.679333627,0.697582245,-0.010841124,0.048510919,0.055703752
3,-0.047886115,0.672535419,0.727435112,-0.041231677,0.000252564,0.032949017
3,-0.007158234,0.593142241,0.198455065,0.226739101,0.174984505,-0.079106338
3,-0.104781728,0.608802348,0.58316654,-0.16116035,0.072511856,-0.076968307
3,-0.233383097,0.621184796,0.651158005,-0.123133987,0.469879687,0.450971961
3,-0.136006439,0.729834467,0.656153768,-0.095339611,0.250884511,0.268323265
3,-0.104411483,0.726678193,0.767279536,-0.034100369,0.185216505,0.239154447
3,-0.078740571,0.607952595,0.77714926,-0.063421905,0.034180063,0.022144576
3,-0.047269026,0.703127295,0.652985722,-0.065254502,0.010203602,-0.033902311
3,0.281358495,0.732383817,0.785434932,-0.049412578,-0.611611649,-0.563243553
3,0.286086172,0.597269714,0.749611527,-0.099656239,-0.986682892,-0.960153222
3,0.028972288,0.608195394,0.656763017,-0.023603521,-0.108716827,-0.16053064
3,0.183046665,0.58549431,0.759115666,-0.041143939,-0.536434419,-0.494546421
3,0.153710701,0.607952595,0.64262861,-0.086653396,-0.969537884,-0.989347279
3,0.14118237,0.608316779,0.647502512,-0.05473569,-0.563465189,-0.571820872
3,-0.0048057,0.681033164,0.662855446,-0.060691625,-0.18350704,-0.19629149
3,0.208382277,0.692808598,0.723657757,-0.057179153,-0.354702035,-0.36992994
3,0.105299186,0.693658382,0.765939206,-0.025872298,-0.621039271,-0.63550359
3,-0.058623468,0.684432268,0.65554449,-0.060691625,0.021743685,-0.018987856
3,-0.042702568,0.735661507,0.703674614,-0.059317179,-0.090044651,-0.106647015
3,-0.056278529,0.630532324,0.61533457,-0.066800274,-0.000247464,0.037211745
3,-0.306569867,0.617907107,0.725363672,-0.081504777,0.688875556,0.657401994
3,-0.233136274,0.643764496,0.693195671,-0.090209603,0.830443591,0.807827562
3,-0.049326614,0.71696648,0.705380559,-0.080741189,-0.175498775,-0.192464277
3,-0.001402171,0.705069602,0.733161956,-0.012018852,0.032806268,-0.01699324
3,0.165590558,0.595812976,0.722682983,-0.114655226,-0.509301864,-0.517673165
3,0.184016444,0.538878113,0.739132553,-0.10106346,-0.561530843,-0.723382026
3,0.086916864,0.69208023,0.634342909,-0.082737505,0.048570829,-0.010807752
3,0.174197391,0.574690014,0.804565161,-0.107935704,-0.640637904,-0.741249859
3,0.055035222,0.709439903,0.671628505,-0.103048779,0.100188944,0.016070321
3,0.211291615,0.592899472,0.644334465,-0.14565663,-0.426529624,-0.495071158
3,0.111692941,0.63550958,0.673212558,-0.109462872,-0.38437991,-0.466665946
3,0.211170397,0.672899634,0.67467472,-0.082890235,-0.243728191,-0.275312394
3,0.035518326,0.676055938,0.749611557,-0.085486412,-0.372773476,-0.412604354
3,0.217231546,0.608316809,0.730237603,-0.107477546,-0.507621966,-0.53080678
3,0.021941355,0.638180315,0.707939327,-0.114960656,0.034826364,0.052722232
3,0.226929367,0.569227189,0.737670392,-0.101368889,-0.327111285,-0.331206564
3,0.114919365,0.579545856,0.725120008,-0.131148577,-0.426376913,-0.562266342
3,0.284752734,0.623855531,0.733893037,-0.133592039,-0.687369078,-0.783094108
3,0.213473625,0.59945485,0.705502361,-0.138937116,-0.555574894,-0.636791885
3,0.19395674,0.641943544,0.738157749,-0.09846729,-0.450047925,-0.5563104
3,0.20644271,0.679819196,0.665536106,-0.146114781,-0.234412491,-0.216669335
3,0.074689215,0.652019471,0.675771385,-0.085486412,-0.342993796,-0.467429504
3,0.248022161,0.636966348,0.812972695,-0.103659645,-0.719897658,-0.85212189
3,0.305239424,0.557937354,0.800909698,-0.133744761,-0.963632882,-1.127316654
3,0.02884211,0.642914742,0.635683239,-0.08029405,-0.231663596,-0.302954057
3,0.278691575,0.620941997,0.732796431,-0.10289605,-0.619104877,-0.715746209
3,0.258932233,0.569955587,0.790430725,-0.10671398,-0.972643167,-1.059663385
3,0.207776152,0.673870772,0.803955913,-0.091289625,-0.570082933,-0.690700769
3,0.055156445,0.674963355,0.754363567,-0.097856417,-0.137437638,-0.182308158
3,0.12649971,0.530623153,0.774346739,-0.081968106,-0.276020736,-0.25354258
3,0.16862113,0.691716045,0.67199406,-0.039054811,-0.397430226,-0.409465928
3,0.00646483,0.687588602,0.736817449,-0.037374936,-0.002200402,-0.001255229
3,0.092129449,0.655054361,0.666267186,-0.076623023,-0.470886752,-0.521254271
3,-0.037148765,0.709197104,0.777392954,-0.026532076,-0.088026972,-0.086929083
3,-0.053069665,0.677998275,0.724998087,0.05351951,-0.125040785,-0.109184599
3,-0.048256372,0.55453822,0.789943337,-0.155549124,0.406717417,0.36331966
3,-0.080727922,0.740638763,0.729750216,-0.032765202,0.411146194,0.43799793
3,-0.200430542,0.639151454,0.571103573,-0.052923754,0.508884616,0.493739396
3,0.201836228,0.637451917,0.853060812,0.026183292,-0.669474483,-0.623838581
3,-0.003638394,0.877088189,1.022064567,-0.169292174,-0.465476826,-0.503025957
3,-0.182082987,0.622884363,0.731943458,-0.062085323,0.409893084,0.352948967
3,0.034642749,0.590957135,0.732552707,-0.015048705,0.048566291,-0.010668585
3,-0.102807047,0.692201614,0.54770866,-0.006649308,0.062310755,0.094400242
3,-0.144398861,0.647770584,0.676867962,-0.058267422,0.272906549,0.263151772
3,0.128738781,0.641700804,0.690880597,-0.01168894,-0.309400745,-0.301898591
3,-0.192038134,0.653233439,0.521511272,-0.095835641,0.084149197,0.13487006
3,0.074915785,0.740881562,0.645187408,-0.035818122,-0.326810405,-0.317017496
3,-0.328044578,0.642793328,0.765329987,-0.091479912,0.886598945,0.849589706
3,-0.146867201,0.648256183,0.772153467,-0.121412307,0.989224255,0.964585096
3,-0.028509517,0.719879985,0.622767299,-0.022299416,-0.242738187,-0.239735715
3,-0.269914784,0.645949632,0.67808646,-0.07315395,0.365378168,0.364868138
3,-0.003742042,0.65553996,0.665048689,-0.062769242,0.23175139,0.222689286
3,0.014061862,0.73396197,0.607170701,-0.036440663,-0.203897588,-0.210393161
3,-0.01010608,0.723643243,0.725363702,-0.046367228,-0.103562966,-0.078598984
3,-0.017155077,0.59387061,0.646162182,-0.112493381,0.021053541,-0.021330368
3,-0.071335502,0.552595884,0.576099366,0.241350323,-0.073783288,-0.024231977
3,-0.084047539,0.716116697,0.718174607,-0.045909077,-0.013613061,-0.000560948
3,-0.07762981,0.685524821,0.719514936,-0.091997013,0.030791812,0.012213765
3,-0.112803886,0.357398481,0.769472808,-0.210199438,-0.197824512,-0.209683038
3,-0.107496925,0.732383817,0.676258743,-0.041632593,-0.049177445,-0.078814134
3,-0.01546184,0.728256315,0.576830417,-0.061204515,-0.192720942,-0.235911593
3,-0.102648173,0.588407815,0.633002579,-0.022872716,-0.057108849,-0.078308359
3,-0.000643428,0.728256345,0.842338145,-0.004546762,0.152570639,0.125720633
3,0.237112105,0.612808466,0.725363672,-0.099230871,-0.822675705,-0.825701952
3,0.333120689,0.594599009,0.74303171,-0.037075333,-0.935991228,-1.032785267
3,0.304269627,0.583430558,0.760699719,-0.045627445,-1.118487298,-1.207492769
3,0.179773647,0.537057191,0.703552783,-0.039366074,-0.901630104,-0.964062929
3,0.199532986,0.833021313,0.769107282,0.01988785,-0.687216341,-0.642136961
3,-0.06886715,0.554174036,0.732918262,0.049667526,-0.43920505,-0.563029915
3,0.057702128,0.730684251,0.553557381,-0.060288206,-0.236550517,-0.108088045
3,0.424037889,0.598483711,0.693073839,-0.063495256,-0.905906171,-0.940544665
3,0.305360623,0.454264924,0.76277113,-0.001950588,-1.058317006,-1.161219716
3,0.145346325,0.581366807,0.670288175,-0.012029856,-0.621090189,-0.653132543
3,-0.197098263,0.696814686,0.710376322,0.007375449,0.301719397,0.305570908
3,0.101584833,0.697664469,0.751561075,-0.115255743,-0.019443005,0.002276301
3,0.219898455,0.611351699,0.845628053,0.024479676,-0.159178428,-0.193658695
3,0.141952088,0.650684118,0.727678746,-0.048213288,-0.115043402,-0.150287285
3,0.151292158,0.584037542,0.701725066,-0.052794777,-0.136576429,-0.122951061
3,-0.247329332,0.514234662,0.607048869,-0.038439445,0.003922582,0.139568299
3,0.057096014,0.627497375,0.713422537,-0.0567654,-0.050597131,-0.063544407
3,0.286328629,0.803036422,0.709767044,-0.130985521,-1.004005075,-0.89707005
3,0.233475409,0.641093791,0.833443224,0.004168414,-1.055317789,-1.077886164
3,0.199896663,0.567649037,0.734502316,-0.00957606,-0.989191592,-1.043524981
3,0.265720725,0.561215073,0.780073613,-0.003161974,-0.936199039,-0.970221162
3,0.261841595,0.597269714,0.781657666,-0.066386521,-0.898783535,-0.966555953
3,0.246688716,0.654447377,0.72524184,-0.029429175,-0.823494405,-0.890808672
3,-0.094433885,0.747194141,0.710985541,-0.027291149,-0.287154712,-0.333394118
3,0.123283744,0.685889035,0.702577978,-0.05829256,-0.248822905,-0.264977209
3,0.155044161,0.598726481,0.736451894,-0.034468815,-0.710026175,-0.769399196
3,0.165711788,0.651048303,0.782145023,-0.042104632,0.099981129,0.090851784
3,0.176621854,0.582944959,0.832955867,-0.045006238,-0.826243311,-0.855989337
3,0.165711783,0.636359334,0.668338627,-0.028393053,-0.672424078,-0.689369678
3,0.21662543,0.660517186,0.759968609,-0.028087616,-0.822696894,-0.874461859
3,0.283661723,0.574204415,0.762040019,-0.021368101,-0.966555685,-1.008699536
3,0.114070802,0.626404852,0.726825833,-0.033279978,-0.041094825,-0.022762984
3,0.176379398,0.691109061,0.739741802,-0.032821827,-0.640964508,-0.672723621
3,0.281479716,0.615600586,0.835514665,-0.004111156,-0.884088844,-0.912182778
3,0.248749517,0.580759853,0.728775412,-0.029309347,-0.919519067,-0.964259028
3,0.143285539,0.606981456,0.717809081,-0.021368101,-0.726791054,-0.771378338
3,0.120131951,0.660638571,0.704405725,-0.032058246,-0.299948983,-0.330028214
3,0.283904165,0.610744715,0.774590462,-0.009914376,-0.976176828,-1.010990262
3,-0.069952417,0.67204988,0.539544821,-0.080405362,0.159587465,0.238301188
3,0.048912946,0.711503655,0.710498154,-0.007865109,-0.183413358,-0.155096035
3,0.315664575,0.638665855,0.738035947,-0.018402532,-1.037250221,-1.113085389
3,-0.018636092,0.786040962,0.663830191,-0.020980537,-0.05237902,-0.02694653
3,0.102361473,0.728013515,0.541250706,-0.090619184,-0.498768821,-0.499603495
3,0.040852136,0.660274416,0.664805025,-0.078048468,-0.284475368,-0.298757576
3,0.166439116,0.646071017,0.64945212,-0.009326123,-0.784926713,-0.803637713
3,0.141830862,0.57408303,0.730481297,0.010068849,-0.721549451,-0.723461628
3,0.058308243,0.603460938,0.684178889,-0.029942825,-0.467124075,-0.532718956
3,0.011774495,0.669379145,0.761187136,-0.041243836,-0.164287627,-0.173530176
3,0.290207744,0.583794743,0.744859397,-0.02093257,-0.72521466,-0.764542297
3,0.002873376,0.634416968,0.700019211,-0.018030956,-0.39000234,-0.46735635
3,0.005135766,0.732383788,0.60643959,-0.020779848,-0.165967505,-0.168795969
3,0.217595205,0.66646564,0.704527587,-0.002148457,-0.708873987,-0.760418981
3,0.160377972,0.65250507,0.638607591,-0.005202785,-0.917637199,-0.997281939
3,-0.078089042,0.557815969,0.709401488,-0.023681462,-0.146114388,-0.145430367
3,-0.050477888,0.69487235,0.693439394,-0.026430346,-0.229497492,-0.239198193
3,0.063278385,0.696086347,0.787993759,-0.002301171,-0.297150806,-0.333882302
3,0.024716313,0.681275994,0.708061188,-0.025208622,-0.342049405,-0.343656138
3,0.234566413,0.614508003,0.692099065,0.013636537,-0.629081801,-0.664406084
3,0.355910614,0.61038053,0.79079625,0.034405962,-1.116094172,-1.172645986
3,0.264387257,0.589743167,0.814191163,0.058535136,-1.114261568,-1.138284802
3,0.315058455,0.637209088,0.723779619,0.039140161,-1.140834212,-1.149127662
3,0.348637223,0.49553965,0.796157598,-0.010240518,-1.111394942,-1.115464926
3,0.250325412,0.628225774,0.888518691,0.044584639,-1.122695982,-1.149215162
3,0.208018605,0.579424471,0.766426593,0.003351234,-1.178437412,-1.189226866
3,-0.050231056,0.717937648,0.676258743,0.007169142,-0.157681622,-0.195654586
3,-0.063356403,0.646071076,0.828081906,0.062910594,-0.776182681,-0.735048622
3,0.089462541,0.660638571,0.698191494,-0.001688398,-0.818485081,-0.844240814
3,0.003750144,0.603218168,0.71086368,0.050540574,-0.456700161,-0.418314964
3,0.093705347,0.805707186,0.804321468,0.012827158,-0.56848833,-0.602959707
3,0.073461114,0.621913165,0.678330153,-0.006415091,-0.676611483,-0.720856696
3,0.047586083,0.469803602,1.004640222,0.059711069,-0.384312466,-0.44245486
3,0.288631856,0.64412871,0.893392652,0.026294321,-1.113204062,-1.159866095
3,0.074552117,0.697785884,0.796644986,-0.027767263,-0.251425929,-0.212566793
3,0.11576793,0.740881503,0.70062843,-0.022740886,0.087375268,0.050903428
3,-0.076025382,0.70324868,0.459368587,-0.036909737,0.011955932,0.018847044
3,0.023865558,0.678726643,0.682107478,0.00264379,-0.75147292,-0.787036881
3,0.065768167,0.58270219,0.659199983,0.003254659,-0.423590943,-0.467248976
3,0.144430732,0.660031617,0.682838559,-0.015224025,-0.314551517,-0.334538504
3,-0.22548437,0.572140694,0.688565493,-0.078433253,0.568973761,0.598564237
3,-0.22091791,0.518726319,0.779708058,-0.11813949,1.038576424,1.120548666
3,0.266326852,0.629682541,0.795426518,0.008615054,-0.728198618,-0.714185156
3,0.029139407,0.681761533,0.795426518,-0.019484751,-0.578536595,-0.697080933
3,-0.138123825,0.59641996,0.7436409,-0.036283545,-0.499429546,-0.491219357
3,-0.156158168,0.625676453,0.637389094,-0.017194003,-0.1396299,-0.185328603
3,0.147528347,0.670471668,0.731943488,-0.005129412,-0.478354692,-0.487554193
3,0.273842677,0.648984551,0.703309119,0.017319884,-1.046917528,-1.045579553
3,0.401490457,0.695236534,0.890712023,0.004158072,-0.559850931,-0.524087273
3,-0.030475598,0.739424795,0.803224802,-0.133592054,-0.274118729,-0.238049619
3,0.068166127,0.630289525,0.766670287,-0.036464468,-0.368039262,-0.358237341
3,-0.036791177,0.64716363,0.701846898,-0.062426239,-0.337648712,-0.361138977
3,0.164257119,0.743430883,0.734989673,-0.080599487,-0.484409099,-0.53477738
3,0.104736636,0.71441716,0.61192283,-0.058865584,-0.018132947,-0.058716345
3,0.194805294,0.625190884,0.748271197,-0.093532182,-0.784005255,-0.764876604
3,0.011273735,0.679454982,0.634830296,-0.071541026,-0.343265995,-0.312530853
3,0.24814339,0.672414035,0.806758404,-0.032778792,-0.781361043,-0.79500398
2,0.079753732,0.561579227,0.642384887,-0.059856936,0.11724402,0.1148067
2,0.039182872,0.650077134,0.744859397,-0.062300399,0.031875602,0.039364838
2,0.25299231,0.570198357,0.665657967,-0.017554514,-0.397562683,-0.412522718
2,0.066793852,0.647891968,0.682351172,-0.06897898,-0.066216327,0.00965378
2,0.087886643,0.671078682,0.65079245,-0.081263825,-0.041392638,-0.051342179
2,-0.430604771,0.524310559,1.015241027,0.7673807,0.181878608,0.097861663
2,-0.015920899,0.636966288,0.711229265,-0.047893077,0.080351889,0.101039682
2,-0.048009532,0.645464063,0.653594941,-0.086988464,0.04339454,0.014602248
2,0.053822992,0.647527814,0.644821852,-0.067135334,-0.033574481,-0.029532765
2,0.114555692,0.664280474,0.715250224,-0.033079602,-0.028382126,-0.01655188
2,0.091462385,0.676420093,0.843312949,-0.072327696,0.025984881,-0.013955702
2,0.0327302,0.665737212,0.578414485,-0.050641984,-0.157580126,0.026361406
2,0.036609333,0.633810014,0.692220926,-0.08485043,-0.034032628,-0.077485691
2,-0.108484263,0.881337047,0.648599178,0.013648011,0.254398048,0.437429786
2,0.080569874,0.58258079,0.653229386,0.031515822,0.473087817,0.342134804
2,-0.007341592,0.576510981,0.430246793,-0.163350187,0.230727009,0.307468198
2,-0.002083085,0.680304796,0.579023734,-0.102110952,-0.005677836,0.010282259
2,0.155892719,0.663916275,0.297998577,-0.242609963,0.289828236,-0.060883543
2,0.024365814,0.461912863,0.368957054,-0.255896285,0.012953556,-0.02163545
2,0.098190598,0.55733037,0.770691276,-0.064237304,0.027919753,0.009060528
2,0.012205359,0.681518734,0.840266764,-0.093406126,-0.025225522,-0.030187564
2,-0.366427526,0.644007295,0.919346303,0.093038969,-0.073602219,-0.085027881
2,0.013202832,0.677148461,0.734502316,0.056692477,-0.095135219,-0.168563709
2,-0.038498764,0.614022419,0.873653203,-0.0782272,-0.360317588,-0.415180594
2,0.224383708,0.611473113,0.874018759,-0.053029001,-0.493180797,-0.461911798
2,0.29141999,0.602732539,0.549780115,-0.105135843,-0.212108105,-0.325824156
2,0.07186107,0.645949662,0.769960195,0.004514471,-0.366504282,-0.392713919
2,0.012173282,0.698999792,0.715615809,-0.058404647,-0.080619369,-0.119962569
2,-0.04541776,0.636237949,0.721342713,-0.053953201,0.10788643,0.124916475
2,0.053216879,0.604067922,0.731699765,-0.056570619,0.018427771,0.00424904
2,-0.07158234,0.604310721,0.706355304,-0.06054125,0.062257349,0.077400155
2,-0.028139264,0.720729768,0.7614308,-0.040102907,-0.032718627,-0.004852729
2,0.263417475,0.577603564,0.780926585,-0.019791633,-0.715513259,-0.753468081
2,0.038747955,0.720608354,0.603149712,-0.043777764,-0.052816983,-0.059730005
2,-0.001974685,0.674234986,0.601687491,-0.060576558,0.094554255,0.100469408
2,0.011691092,0.679455042,0.808098733,-0.035461374,-0.005212661,-0.03578782
2,-0.06800322,0.788347483,0.799934864,0.0642552,0.021491217,0.078048306
2,-0.321379997,0.595691592,0.524557486,0.014316969,0.25896509,0.208009891
2,-0.00657255,0.795509875,0.514809608,-0.04280521,-0.1611441,-0.149661276
2,-0.097623497,0.672535449,0.647136956,-0.062352888,-0.000181107,-0.014201906
2,-0.100832362,0.627861619,0.720124185,-0.049982868,0.031583887,0.018173952
2,-0.035544332,0.605403304,0.708426744,-0.002182662,-0.009191368,0.044288442
2,-0.094044384,0.688438326,0.744615704,-0.008596748,0.001651485,0.030849406
2,-0.150569744,0.640486807,0.711838484,-0.05670239,0.030514871,0.013439747
2,-0.011765048,0.731898218,0.615090847,-0.064338207,-0.107387956,-0.060933098
2,-0.080838677,0.615357816,0.659199983,-0.122675836,0.001346055,-0.017408947
2,-0.038506362,0.73954615,0.594864011,-0.042652488,-0.020797809,-0.024586615
2,-0.138598213,0.622641563,0.745224953,-0.106506519,0.300450936,0.29850935
2,-0.131069727,0.666101426,0.603758931,-0.077643134,0.447211318,0.455807142
2,-0.078508092,0.651048303,0.651036143,-0.056873716,0.392997034,0.376394674
2,0.082674056,0.725100011,0.679426819,-0.065731265,-0.460228994,-0.457283676
2,-0.059981064,0.68601045,0.711838484,0.34736634,0.54113191,0.27208944
2,-0.038266283,0.664766103,0.741082102,-0.063898668,0.516239092,0.508341551
2,0.024608262,0.692323059,0.699653655,-0.11536406,-0.005439818,-0.029983433
2,0.409854829,0.60783118,0.683691502,-0.039769486,-0.822624832,-0.82838428
2,-0.069484237,0.703855693,0.624229491,-0.097592726,0.191355355,0.150915675
2,-0.187595092,0.701670527,0.679183125,-0.060940817,0.52412419,0.485364407
2,-0.090835522,0.690137893,0.622279912,-0.032841019,0.467924595,0.491625778
2,0.023517254,0.598969281,0.759481221,-0.051319689,-0.091017108,-0.078922371
2,0.043025371,0.610501915,0.739498109,-0.102632359,-0.037413687,-0.047310099
2,-0.063313343,0.674720585,0.623254687,-0.057681032,0.045787157,0.124880215
2,-0.002884876,0.634052783,0.540032223,-0.06562227,0.133599034,0.135264926
2,-0.007459437,0.713445961,0.725729227,-0.057070166,0.202168662,0.200932935
2,-0.053933591,0.676420093,0.690515012,-0.063942403,0.040289372,0.021796702
2,0.018629333,0.671685666,0.672115922,-0.088529721,-0.01804826,0.021338555
2,-0.176364064,0.638058901,0.737670362,-0.072647229,0.710103124,0.688403383
2,0.012728411,0.661731154,0.691246092,-0.05172509,0.106873679,0.120298725
2,0.029016688,0.661731154,0.609729499,-0.051572375,-0.093490122,-0.043718593
2,-0.144028604,0.616935939,0.693439394,-0.098314583,0.827118605,0.81523481
2,-0.340386361,0.312838234,-0.183905214,-0.064564265,0.718690008,0.36594339
2,0.045413022,0.621063441,0.632393301,-0.090526044,0.208006658,0.207118437
2,0.08570463,0.595327407,0.642263055,-0.082126647,-0.366359383,-0.375647008
2,-0.132674158,0.592292488,0.777758509,-0.053263262,0.304981519,0.318143196
2,0.082674056,0.652990609,0.763014793,-0.063647971,-0.155152723,-0.12671943
2,-0.098117165,0.675570339,0.80651474,-0.035242736,0.669515342,0.644956112
2,-0.026667882,0.623976916,0.83246842,-0.088840336,-0.011363372,0.121681403
2,0.048815536,0.616814524,0.760699749,-0.044094451,-0.233871035,-0.324861094
2,-0.003337855,0.669136316,0.695754498,-0.046079762,-0.029383902,-0.04890272
2,-0.113886287,0.673385233,0.820039898,-0.049744956,0.336218953,0.419020064
2,-0.07273041,0.672656804,0.670410037,-0.047912359,0.209311691,0.204453636
2,0.100097751,0.653718978,0.702943563,-0.064253002,0.083168022,0.088541958
2,0.084856067,0.829743624,0.563427091,-0.100876682,-0.176658891,-0.122623626
2,-0.052961104,0.693901181,0.679548651,-0.048036836,-0.01798665,-0.070852798
2,-0.08836716,0.726071179,0.656641156,-0.079496391,-0.075102553,-0.077572316
2,-0.046775355,0.730805636,0.589137137,-0.116911888,0.037449369,0.024594893
2,-0.169452681,0.731534034,0.670044482,-0.081176274,0.104491837,0.125387657
2,-0.127984282,0.679819226,0.626666457,-0.062850319,0.097314164,0.088430315
2,0.163644414,0.714295745,0.628372341,0.006482884,-0.557533383,-0.53633213
2,-0.051301472,0.685039252,0.461927384,0.028780174,-0.027470747,0.061788309
2,-0.017155079,0.642793357,0.768741727,-0.063765213,-0.004578985,-0.014944643
2,-0.083307029,0.734568924,0.670288175,-0.055213094,0.068266694,0.05652659
2,0.054822819,0.652383655,0.655910045,0.061004017,-0.366058499,-0.285557933
2,0.049766406,0.699606806,0.64396891,-0.032458358,-0.238387656,-0.226914879
2,-0.057019033,0.73396197,0.699653655,-0.05307506,-0.067039957,-0.02074786
2,-0.174142547,0.690987676,0.787628204,-0.051089756,0.030240334,-0.010668587
2,-0.189693207,0.604917675,0.73206535,-0.095072053,0.713187702,0.651203856
2,0.125586985,0.76164031,0.645309269,-0.046886742,-0.657821149,-0.640768766
2,-0.038382944,0.649227351,0.647136986,-0.086134844,-0.018092495,-0.003025432
2,0.019253007,0.688681155,0.662124336,-0.052995406,-0.281833559,-0.24721881
2,0.226565704,0.605646074,0.706720829,-0.043679699,-1.034572303,-1.025003016
2,0.112494905,0.721943736,0.802981138,-0.01939781,-0.707148463,-0.663523495
2,-0.181917869,0.715631127,0.701725066,-0.062311091,0.27726087,0.186190069
2,-0.237085644,0.651048303,0.690271318,-0.104308076,0.612625897,0.561414048
2,-0.085034881,0.641700804,0.72048974,-0.095814928,0.003150159,0.000301893
2,-0.074050693,0.665008873,0.675283968,-0.097109385,0.03831365,0.041540652
2,-0.09873426,0.671928436,0.674187362,-0.053833216,0.191955544,0.21814356
2,-0.021721537,0.640850991,1.149518043,-0.069410279,0.100631192,0.172939541
2,-0.00463619,0.67204988,0.624716908,-0.059636444,0.046111468,0.035189419
2,-0.003867148,0.661245555,0.683325946,0.010002203,-0.075603431,-0.094619451
2,-0.062924191,0.66112417,0.620695859,-0.088082589,0.295054965,0.285461903
2,-0.134525431,0.620092243,0.869144827,0.007670544,0.629809111,0.597308606
2,-0.10521261,0.747558355,0.842947394,-0.014626034,-0.110712275,-0.146419823
2,-0.052822828,0.647042215,0.664317578,-0.058761053,0.274132833,0.31600517
2,0.035772912,0.472595736,0.606195912,0.054401733,0.125234423,0.091206741
2,-0.132093553,0.760669142,0.726825863,-0.005615778,0.21854409,0.082043767
2,-0.038307816,0.813476533,0.614481628,-0.031119391,0.751982182,0.656867981
2,-0.093550706,0.622398794,0.59169592,-0.106408536,0.762519598,0.784080654
2,-0.155506466,0.479515314,0.613141283,-0.061051793,0.944251984,0.752162963
2,-0.079110824,0.642429173,0.900947213,0.064786445,0.56230849,0.519576028
2,0.045947365,0.678241044,0.665048718,-0.006226636,-0.434623588,-0.422683638
2,-0.386174366,0.595934391,0.834174275,-0.10091076,0.673180535,0.675346643
2,-0.100585534,0.696693301,0.715250283,-0.056012154,0.762977719,0.805155486
2,-0.092724269,0.639515638,0.666389018,-0.084865198,0.359446168,0.407890841
2,0.252507433,0.617664337,0.866220474,0.010277063,-0.618549109,-0.629205644
2,-0.158098236,0.655904114,0.717443526,-0.085170634,0.388309546,0.396589835
2,-0.223633096,0.583673328,0.606805146,-0.076313086,0.256668091,0.27350051
2,-0.091823209,0.715388328,0.802493721,-0.056918122,0.163205698,0.121547759
2,-0.176857742,0.632596046,0.736208171,-0.074022338,0.207798854,0.159726843
2,0.194077964,0.646678001,0.792989522,-0.036454126,-0.206062332,-0.239473581
2,-0.133127145,0.637330502,0.70818302,-0.054627374,0.256515384,0.268613577
2,-0.194506489,0.631503463,0.698678851,-0.097540647,0.371663481,0.355661884
2,-0.245724887,0.593020886,0.770813137,-0.100594983,0.757272154,0.766316026
2,-0.270408452,0.656268358,0.76277113,-0.063637637,0.78689912,0.796248436
2,-0.191667877,0.561822027,0.752901405,-0.053252928,0.891509771,0.902080834
2,-0.278677449,0.554659635,0.830640733,-0.108078077,0.989859104,0.93888548
2,-0.172784947,0.706526369,0.715737641,-0.090243161,0.507156745,0.507926181
2,-0.145015935,0.723036289,0.715250254,-0.067183003,0.43751809,0.418434441
2,-0.262633137,0.690380692,0.596326187,-0.040304922,0.54273963,0.554962814
2,-0.219436884,0.643278956,0.757653475,-0.055423841,0.852906466,0.829394042
2,-0.319035083,0.59666276,0.761065274,-0.063517801,0.913382143,0.94041878
2,-0.21770905,0.6245839,0.732552707,-0.099864289,0.821446896,0.796560049
2,-0.152297594,0.655782759,0.638729423,-0.020604521,0.36711587,0.385142274
2,-0.165873557,0.618028522,0.727678806,-0.074055232,0.582598597,0.563362211
2,-0.098734261,0.614872187,0.628737897,-0.041309983,0.300544642,0.328251108
2,-0.330759764,0.541063249,0.647502512,-0.109574184,0.733648092,0.765019774
2,-0.296202779,0.577724904,0.76959464,-0.086514011,0.989142478,1.036549389
2,-0.253870472,0.602975339,0.729384661,-0.06024681,0.790305853,0.823662817
2,-0.27411098,0.600426048,0.753632486,-0.096745998,0.856126577,0.888109118
2,-0.304718599,0.562671781,0.661393225,-0.112781212,0.960584521,0.996385008
2,-0.313481286,0.60224697,0.8044433,-0.102091074,0.955086738,0.992719799
2,-0.293981262,0.564007133,0.772275329,-0.084681422,1.019838482,0.996232241
2,-0.258066669,0.59362787,0.696729273,-0.088804752,0.943022162,0.96278742
2,-0.293487594,0.64412871,0.744615674,-0.06788262,1.006094009,1.006464273
2,0.027702134,0.639030069,0.730603129,-0.052763708,0.292145234,0.302594773
2,0.007740711,0.737846643,0.7184183,-0.047212191,-0.061609827,-0.028661514
2,-0.17981977,0.662095368,0.692951977,-0.042630702,0.421279132,0.391766503
2,-0.142335534,0.293436001,0.16932711,-0.26529108,0.890423656,1.215976447
2,-0.20857612,0.628347158,0.66858229,-0.037626617,0.088119989,0.089117872
2,-0.264607817,0.560608029,0.648355484,-0.102225617,0.654850185,0.676617563
2,-0.039246869,0.714659929,0.700506598,-0.042055391,-0.259767763,-0.316191211
2,-0.228816636,0.651291072,0.751073718,-0.062519379,0.434938721,0.402644463
2,-0.068631289,0.563885778,0.928972393,-0.035641313,0.251221012,0.369810469
2,-0.257079322,0.567770451,0.619964808,-0.048011325,0.704483002,0.753892004
2,-0.331006616,0.616086155,0.89119941,-0.065879129,0.645229071,0.658291563
2,-0.00087845,0.636723518,0.687225133,-0.031670675,0.241141729,0.199989937
2,-0.151433669,0.699606806,0.646284044,-0.020675108,0.036807306,0.034445427
2,-0.273617312,0.705312431,0.680523455,-0.176751181,0.587655008,0.634620547
2,-0.406414896,0.500638291,0.805296242,-0.12019816,1.17885232,1.233750641
2,-0.300892651,0.528438047,0.878405273,-0.134248063,1.202370584,1.235277832
2,-0.216228031,0.586344063,0.753754377,-0.101108626,0.836156934,0.915947974
2,-0.082433492,0.67763409,0.564889282,-0.033455305,0.251406183,0.247814115
2,0.00015836,0.697907239,0.715859473,-0.012075014,-0.286918804,-0.356637031
2,-0.006877466,0.681397319,0.616431177,-0.009173408,-0.258208163,-0.286998391
2,-0.014702085,0.667558193,0.625447959,-0.074535996,-0.211171523,-0.251720935
2,-0.020487359,0.669743329,0.699166268,-0.011616871,-0.050208543,-0.07197383
2,-0.007528487,0.641822159,0.631296664,-0.036051482,-0.11129507,-0.142528765
2,0.028487395,0.724371672,0.719636828,-0.063540421,-0.167647384,-0.183609463
2,-0.107010871,0.749622047,0.50372139,0.037863217,0.271106578,0.155420765
2,-0.139091898,0.7281349,0.748636693,-0.158529967,0.567376234,0.473223403
2,-0.292623654,0.545554906,0.55794394,-0.138218686,0.976808637,0.864329875
2,0.032349473,0.736389875,0.599128723,-0.003217474,-0.08762404,-0.0782352
2,-0.186337952,0.610016346,0.741082132,-0.073466979,0.447035782,0.421452573
2,-0.047753252,0.617907107,0.675040275,-0.030706413,0.079294905,0.042410672
2,0.291298769,0.608195364,0.746321589,0.012512304,-0.803558111,-0.861517191
2,0.208261035,0.611594498,0.734502316,0.049469654,-0.833948642,-0.873581797
2,0.066519819,0.634295583,0.803712189,0.003960192,-0.602277994,-0.632289991
2,-0.231531838,0.61341545,0.768132448,-0.046380974,0.430311225,0.443856195
2,0.157728456,0.727770746,0.647502512,-0.006081536,0.202141516,0.135168258
2,-0.121319722,0.627254605,0.75935939,-0.088701069,0.276819795,0.293382358
2,-0.189816616,0.580638438,0.720611542,-0.06625177,0.612490207,0.698233277
2,-0.114161488,0.717087865,0.711472958,-0.037520602,-0.011715096,-0.021775497
2,-0.207465366,0.569105804,0.802006334,-0.136938915,1.002015769,1.100536704
2,-0.074174111,0.695479333,0.788115621,-0.097538114,0.794016168,0.765324354
2,0.083886284,0.868104905,0.826132298,0.028452851,0.318304857,0.355739236
2,-0.648684084,0.434355915,0.773250133,-0.055235699,0.801499277,0.931021571
2,-0.465902284,0.596784145,0.774468601,-0.094941929,0.734914944,0.746234879
2,0.185662583,0.586344063,0.691002429,-0.038116135,0.159541368,0.236932039
2,-0.010367097,0.754356533,0.622279942,-0.074796267,-0.013737425,-0.022566907
2,-0.277936935,0.59083575,0.863417923,-0.051736102,0.476329213,0.535153091
2,-0.022367159,0.676905692,0.617771536,-0.047411859,-0.004388482,0.014129333
2,-0.172420285,0.619485259,0.811632365,-0.121937409,0.382594665,0.290087711
2,-0.101943125,0.651898086,0.598275751,-0.053565532,0.293218989,0.321612652
2,-0.068250056,0.661245584,0.639947891,-0.063492082,0.19807674,0.216696568
2,-0.177351408,0.643400311,0.827838212,-0.026382029,0.884383827,0.9361431
2,-0.353838891,0.592535287,0.806027323,-0.077903204,0.761582971,0.705992445
2,-0.166349839,0.700820744,0.822355002,-0.009180859,0.597871095,0.576641679
2,-0.088575836,0.613051265,0.728897274,-0.05178871,0.393536657,0.430034041
2,-0.202898905,0.585858464,0.826741546,-0.031172007,0.587333664,0.49432759
2,-0.323354699,0.594234824,0.777636647,-0.025738776,0.55956316,0.600419059
2,-0.364205971,0.569227189,0.599128693,0.042678133,0.357366748,0.393641166
2,-0.102906996,0.573840261,0.941400915,-0.083007399,0.315827906,0.305371158
2,-0.202158391,0.665980041,0.754729122,-0.048951656,0.918141037,0.87500298
2,-0.223262843,0.505736932,0.738766968,-0.121644624,0.553607201,0.497030119
2,-0.039123452,0.451472782,0.701968789,-0.088226601,0.687199116,0.541983634
2,-0.38247183,0.611351699,0.836367577,-0.021031417,0.787228316,0.86039716
2,-0.434703922,0.594234854,0.849649042,0.012260731,0.395816401,0.35307359
2,0.052610766,0.688195556,0.678573877,-0.059934348,0.018990871,0.053148262
2,-0.152204074,0.564249933,0.723048538,-0.054649331,0.517233573,0.506549721
2,-0.254734375,0.768681288,0.629468977,-0.108743377,0.445351958,0.441300237
2,0.100493833,0.769166887,0.662611723,-0.054763012,-0.278245129,-0.272507049
2,-0.094167799,0.633445829,0.821623921,-0.08443851,0.542000521,0.566309448
2,-0.330389513,0.630775124,0.650548726,-0.085767567,0.465017071,0.449318693
2,-0.08133235,0.626647621,0.730115741,-0.098595746,0.493880417,0.436185081
2,-0.264607817,0.665251672,0.627275676,-0.056140609,0.333681057,0.373113267
2,-0.213883087,0.597269729,0.778611451,-0.112798363,0.82344225,0.843021333
2,-0.249193761,0.728863299,0.630443722,-0.13281548,0.24422954,0.042308837
2,-0.079974746,0.61341545,0.695998192,-0.073866986,0.521715075,0.669056594
2,-0.100338685,0.634295642,0.829787791,-0.013293311,0.593267852,0.608836209
2,-0.030779325,0.676905721,0.651279837,-0.039713234,0.016916477,-0.006305106
2,-0.040752027,0.724978626,0.711472958,-0.042290382,0.107667442,0.034486293
2,-0.082443107,0.643157542,0.783485413,-0.072528213,0.713034898,0.838232249
2,-0.218819812,0.654083192,0.696729273,-0.073116392,0.691506505,0.658395141
2,-0.100338686,0.613536865,0.681863785,-0.022872716,0.501832843,0.539734557
2,-0.230791323,0.633688599,0.5797548,-0.072505519,0.50015296,0.601890117
2,-0.105151985,0.692687213,0.640800864,-0.055095859,0.274438247,0.19703915
2,-0.123228393,0.532444105,0.614725292,-0.058674365,0.144476563,0.136340886
2,0.007079724,0.743673682,0.634221017,-0.072799467,-0.025448049,-0.053626077
2,-0.163158365,0.664523304,0.759481221,-0.062262036,0.784406543,0.758213818
2,-0.102807043,0.679333597,0.653229386,-0.009089008,0.373847645,0.315005377
2,0.005894672,0.741974115,0.679061294,-0.074451581,0.176843613,0.212838169
2,-0.171215136,0.570319742,0.636901736,-0.089848049,0.154151302,0.08118885
2,-0.000505358,0.775236696,1.048262,0.069587782,0.416212479,0.312095905
2,-0.175006479,0.659424663,0.548317894,-0.087340847,0.582700521,0.616121665
2,0.072370104,0.665980011,0.742056906,-0.024235852,-0.172773182,-0.218470201
2,-0.331130013,0.118118584,0.628616035,0.243628547,0.465733707,0.655219808
2,0.055520115,0.723521858,0.648233593,-0.060276896,-0.012879207,-0.010928734
2,-0.208452702,0.665494442,0.795548379,-0.037522174,0.864934117,0.859248817
2,-0.255845152,0.520061702,0.733649373,-0.006215326,0.440382801,0.460048357
2,-0.244490705,0.706526369,0.579145551,-0.084838048,0.092629377,0.055341326
2,-0.270408452,0.630775124,0.876090169,-0.038591534,0.935687482,0.928923488
2,0.047640624,0.545312107,0.690149516,0.008445092,0.170731474,0.223985009
2,-0.141313408,0.601882815,0.756800562,-0.038429312,0.44189285,0.40627522
2,-0.366797775,0.738332242,0.753998041,-0.049730316,0.647601724,0.630004615
2,0.013626091,0.649348736,0.796766818,-0.069583446,0.026657191,0.086945413
2,-0.150155773,0.604674906,0.751926631,-0.054474436,0.311118789,0.345782053
2,-0.258930586,0.554902434,0.75935936,-0.054779865,0.599905312,0.63930279
2,0.280752357,0.451108597,0.647868067,-0.015542336,-0.490670457,-0.616327912
2,-0.195975021,0.676784277,0.701603204,-0.039518796,0.233204857,0.205438569
2,-0.149088733,0.799880147,0.691124231,-0.032659978,0.418418807,0.397130303
2,-0.08441779,0.636359334,0.625691622,-0.031285524,0.662917614,0.697981447
2,0.036973003,0.69438678,0.605464786,0.020935386,0.124224719,0.043910441
2,-0.162333944,0.642550558,0.660662144,-0.004873671,0.58985676,0.614763986
2,-0.026477939,0.705919415,0.816018909,-0.060597368,0.836564332,0.771901339
2,-0.03412258,0.600061864,0.561112016,-0.046089329,0.138498083,0.156454585
2,-0.182781801,0.654568762,0.837586075,-0.108880639,0.287720151,0.337162964
2,-0.126688987,0.625312269,0.612166464,-0.074061312,0.366674468,0.428792745
2,-0.219683729,0.719394386,0.623498395,-0.07054884,0.510075103,0.475065785
2,-0.135883024,0.498331755,0.446696348,-0.102161109,0.517863616,0.358237788
2,-0.108905675,0.839819521,0.768863559,-0.072228715,0.228618938,0.168106001
2,-0.128107699,0.696207702,0.79554835,0.040934071,0.726932257,0.737585098
2,0.146801002,0.584158927,0.99635455,0.062276535,-0.137261122,-0.090855094
2,-0.15929595,0.643764496,0.743762761,-0.04309772,0.323178545,0.230460033
2,0.008121938,0.617664307,0.717809051,-0.014539763,0.044776712,0.02230769
2,-0.145262782,0.661366969,0.724388897,-0.010874577,0.596235316,0.608280195
2,-0.004377875,0.684675068,0.746930838,-0.030126654,-0.101442934,-0.045898864
2,-0.288427453,0.631017894,0.793720633,-0.061128065,0.832570046,0.935608834
2,0.002432561,0.648741782,0.641288251,-0.042996265,0.05358588,0.00717715
2,0.108009655,0.670107484,1.185585141,0.114454262,0.242648687,0.030084596
2,-0.172291295,0.643036157,0.704527587,-0.051548384,0.452328173,0.47418363
2,0.044973718,0.615357816,0.717930913,-0.02870243,-0.018972039,-0.138076592
2,-0.03421088,0.645221263,0.714397311,-0.05298432,0.012945672,-0.029953436
2,-0.23745589,0.482186049,0.762892991,-0.060009271,0.785842896,0.711636961
2,-0.07812348,0.569712758,0.751561105,-0.053442471,0.40664833,0.346797682
2,-0.269050851,0.652626425,0.853791922,-0.031145886,0.868156999,0.902379662
2,0.113343466,0.574690044,0.665536106,-0.052373454,-0.095788341,-0.142963504
2,-0.35285157,0.588771969,0.766061038,-0.084443875,0.959328651,0.960564554
2,-0.04134497,0.690866292,0.635683209,-0.01123704,0.012160343,-0.029628365
2,-0.261275537,0.706769198,0.69112426,-0.070643686,0.666549727,0.681571513
2,0.168015011,0.5573304,0.726825833,-0.04128217,-0.670721889,-0.651403174
2,0.017819775,0.653840393,0.679670542,-0.010836899,0.011551583,-6.57E-05
2,-0.079974748,0.777785987,0.765939206,-0.026566677,-0.048618644,-0.082685206
2,0.123283748,0.614022404,0.769350946,-0.038631268,-0.732024133,-0.770519465
2,-0.325082541,0.581366837,0.674187362,-0.066120207,0.553389043,0.545131549
2,-0.002875418,0.692444414,0.58767496,-0.05375018,-0.147578821,-0.158432499
2,-0.14575645,0.677027076,0.726216584,-0.038783982,0.535521235,0.444186084
2,-0.159208994,0.689652294,0.762527436,-0.036798671,0.834387064,0.884772629
2,-0.208699528,0.641457975,0.732918292,-0.006866276,0.759708792,0.822922528
2,0.217837647,0.61924243,0.573418677,-0.121250793,-0.607407629,-0.663618058
2,-0.176240653,0.565828085,1.002690673,0.115764923,0.495662302,0.508021459
2,-0.064402834,0.68066898,0.886081696,-0.002742939,0.028350377,-0.050309346
2,0.015992651,0.714781344,0.658103347,-0.027688101,-0.025323154,-0.011822297
2,0.025699267,0.73954618,0.630078226,-0.033949472,-0.039525772,-0.024803183
2,-0.005189628,0.787983328,0.759603083,-0.006711118,0.139508286,0.093144055
2,0.335181467,0.382641084,0.388330918,-0.133975077,-0.008218065,-0.054846631
2,-0.054319896,0.669014931,0.718783855,-0.070292383,0.348985389,0.426667891
2,-0.189322948,0.599576265,0.761308968,-0.030433424,0.844549805,0.876570135
2,0.043276596,0.632596046,0.682473034,-0.052862898,0.004874015,-0.041172475
2,-0.148099359,0.603703752,0.473746672,-0.016669124,0.001514249,-0.018570468
2,0.144618984,0.664401889,0.866707802,-0.03254611,-0.376203012,-0.353654161
2,0.005245335,0.543005586,0.564889312,0.006701987,-0.06924323,-0.075252336
2,-0.080591835,0.744037837,0.531746536,-0.080651745,-0.025566364,0.058527153
2,-0.070348162,0.698514253,0.70952338,-0.010249525,0.045294004,-0.006377279
2,-0.164022287,0.636116534,0.74644345,-0.023332782,0.682666227,0.740158468
2,-0.078173456,0.483885586,0.675771356,0.002931312,-0.07674622,-0.027616048
2,-0.23412361,0.577724904,0.831859201,-0.069303505,0.504492039,0.468101084
2,-0.027033746,0.528195247,0.785800487,-0.058460653,-0.232211418,-0.263104603
2,-0.278677441,0.612929851,0.666754603,-0.036927648,0.880785018,0.923653841
2,-0.238566652,0.615479171,0.800178587,-0.065633282,0.724493206,0.766823739
2,-0.079481082,0.651898086,0.776418149,-0.025163464,0.349574685,0.344104968
2,-0.033217127,0.554052666,0.799934924,-0.01096084,0.364999037,0.334789257
2,-0.302990763,0.541548848,0.733649343,-0.024399884,0.26099921,0.282254864
2,-0.027878754,0.614022404,0.647746235,-0.050208941,-0.042448092,-0.063189449
2,-0.116253857,0.593142241,0.679670483,-0.072352797,0.613315746,0.579898953
2,-0.105769075,0.664159089,0.641410112,-0.042420402,0.10370142,0.064175956
2,-0.075901965,0.654325992,0.85367009,-0.032573998,0.619814396,0.695056707
2,-0.196851417,0.761154681,0.707086384,-0.028756082,0.300637301,0.328232143
2,-0.154025441,0.555873618,0.524923012,0.037828222,0.430140756,0.550587088
2,-0.38074398,0.594599023,0.828081906,-0.066324294,0.751150429,0.831279665
2,-0.109348195,0.749622047,0.902653128,0.004544526,0.323729318,0.423328716
2,0.171166819,0.647649199,0.731821656,-0.06631583,0.452163726,0.34208364
2,-0.191421041,0.733112186,0.503112152,-0.09426292,0.449872973,0.412791286
2,-0.335696474,0.608316779,0.878039747,-0.097532235,0.718967319,0.718887389
2,-0.296202779,0.678726643,0.695754498,-0.048663013,0.511883993,0.492256397
2,-0.283243902,0.703370094,0.827107131,-0.048968442,0.826632321,0.817084014
2,0.000834368,0.602489769,0.787140816,-0.048357576,0.417352596,0.332209729
2,-0.241775513,0.645828277,0.650061339,-0.014912702,0.298233882,0.414218381
2,0.004425988,0.607709825,0.691855341,-0.04117991,0.15361153,0.113672682
2,-0.040803872,0.651533902,0.933602601,-0.038736448,0.693158254,0.675363258
2,0.02304095,0.609409332,0.578779995,-0.072792187,-0.385324337,-0.444963597
2,-0.204873577,0.564735517,0.714275479,-0.075846516,0.832435548,0.88412644
2,-0.158505134,0.551260531,0.81199792,-0.106695205,0.527308381,0.557466246
2,0.000991702,0.655418545,0.833565056,-0.056189366,0.133581668,0.08755219
2,-0.270161614,0.522489607,0.615090847,-0.052982315,0.445275649,0.536385417
2,-0.394443378,0.512170941,1.012804121,0.020016074,0.995359838,1.022328705
2,-0.04652852,0.690380692,0.665414214,-0.032493845,0.417227998,0.40977297
2,-0.173895717,0.677269906,0.82016176,-0.029286802,0.506567053,0.521255895
2,-0.039421283,0.587193862,0.812607139,-0.08869344,0.410661209,0.436651054
2,0.089712411,0.698028684,0.745346814,-0.02577433,-0.190888345,-0.208117217
2,-0.116730154,0.491533592,0.769716471,-0.162213847,0.579033479,0.604165494
2,-0.124775415,0.619121075,0.747661948,-0.025715768,0.544210136,0.483325534
2,0.04127185,0.721822321,0.93214047,0.004725821,0.380600836,0.412367977
2,-0.061610494,0.678241044,0.795304656,-0.03653679,0.636660777,0.664933495
2,-0.137364041,0.634052813,0.720733464,-0.027313441,0.733266026,0.803092837
2,-0.305088863,0.562671781,0.848308712,-0.044149525,0.968188912,1.081736624
2,-0.070463982,0.664644688,0.790187031,-0.032390371,0.395502764,0.406425163
2,-0.070534565,0.66391626,0.695632666,-0.049659908,0.295264602,0.322348207
2,-0.143411504,0.679819226,0.720124185,-0.059473157,0.532239068,0.562249758
2,0.023999272,0.723036319,0.784581989,-0.097194083,0.451452136,0.149915734
2,-0.285342008,0.536450177,0.722926706,0.017586421,0.929780275,0.859855592
2,-0.281022385,0.583309203,0.772153467,-0.038423657,0.5476486,0.498973031
2,-0.179106789,0.631503493,0.734380454,-0.041664325,0.563331962,0.602030531
2,-0.304224923,0.587315261,0.636048764,-0.043609209,0.711274415,0.680517018
2,0.199532993,0.704098463,0.939816892,-0.21064043,0.316208765,0.156173609
2,-0.015057161,0.67229262,0.75460732,-0.018370375,0.413366504,0.424054749
2,-0.095832698,0.626162022,0.715981334,-0.018675812,-0.42061726,-0.463990629
2,0.07297622,0.682368547,0.675162107,-0.014705189,0.254999712,0.32723261
2,-0.134196383,0.560608029,0.736573696,0.00583259,0.496317789,0.45771084
2,-0.319281921,0.691837445,0.884741426,-0.063658319,0.693476558,0.882206708
2,-0.203886248,0.673263788,0.741325796,-0.021355897,0.465012968,0.424821362
2,0.1162729,0.688923925,0.840997785,-0.044721499,-0.33399877,-0.382895172
2,-0.274234407,0.560001075,0.781413943,-0.050914504,0.822024733,0.794006228
