acc_x,acc_y,acc_z,gyro_x,gyro_y,gyro_z,datetime,elapsed,Row #,acc_x,acc_y,acc_z,gyro_x,gyro_y,gyro_z,datetime,IGNORE,Elapsed,Label
0.04679206,-0.025087493,0.967720211,-0.031371977,0.005298694,0.00267504,42:29.1,87.9,1,0.043640265,-0.024966881,0.965526909,-0.011092482,0.003163811,0.003651224,42:29.6,0,0.5,5
0.04048847,-0.024846269,0.963333607,0.009187013,0.001028928,0.004627408,42:29.6,88.4,2,0.037215449,-0.018815619,0.96357733,0.011293713,0.000254773,0.005597256,42:30.7,0.5,1.6,5
0.035639551,-0.025087493,0.964552164,0.010271259,0.000709475,0.004172873,42:30.2,89,3,0.036973001,-0.03401285,0.965892464,0.004123665,-0.001496643,0.003202866,42:31.7,1.1,2.6,5
0.038791347,-0.012543746,0.962602496,0.012316167,-0.000199929,0.007021639,42:30.7,89.5,4,0.03770034,-0.025328719,0.965161413,0.006124236,-0.001398453,0.003726419,42:32.8,1.6,3.7,5
0.035154656,-0.039802272,0.9669891,0.003297918,-0.001969826,0.002654069,42:31.2,90,5,0.038548902,-0.025208107,0.965283215,0.006500874,-0.001614526,0.00434322,42:33.9,2.1,4.7,5
0.038791347,-0.028223429,0.964795828,0.004949413,-0.00102346,0.003751663,42:31.7,90.5,6,0.039155014,-0.027258526,0.963821024,0.005829152,-0.000625079,0.002148628,42:34.9,2.6,5.8,5
0.037094224,-0.026052397,0.965283275,0.007431619,-0.001875104,0.003020969,42:32.3,91.1,7,0.038185231,-0.02737914,0.965526879,0.005796894,-0.001913203,0.003449597,42:36.0,3.2,6.8,5
0.038306456,-0.024605041,0.965039551,0.004816853,-0.000921801,0.004431869,42:32.8,91.6,8,0.0385489,-0.028947107,0.965161353,0.00265814,-0.000916668,0.002881244,42:37.0,3.7,7.9,5
0.037579119,-0.024846269,0.965039551,0.005231664,-0.001486628,0.004859515,42:33.3,92.1,9,0.038185231,-0.029067719,0.965283275,0.004016522,-0.00126737,0.001250473,42:38.1,4.2,9,5
0.039518684,-0.025569946,0.965526879,0.007770084,-0.001742424,0.003826926,42:33.9,92.6,10,0.038306454,-0.028102818,0.962724417,0.002168629,-0.00121655,0.001298969,42:39.1,4.7,10,5
0.039276235,-0.026534848,0.964795828,0.005149074,-0.000493244,0.002197874,42:34.4,93.2,11,0.038185233,-0.028102816,0.964308441,0.003588535,0.000598163,0.002497876,42:40.2,5.3,11.1,5
0.039033793,-0.027982203,0.96284622,0.00650923,-0.000756914,0.002099382,42:34.9,93.7,12,0.040246023,-0.032927336,0.962846249,0.003619365,-0.000144946,0.001590872,42:41.2,5.8,12.1,5
0.03733667,-0.027017301,0.965526879,0.006027304,-0.000726639,0.001698826,42:35.4,94.2,13,0.043276599,-0.040405337,0.952976555,0.002184302,0.000551459,0.000892772,42:42.3,6.3,13.2,5
0.039033793,-0.02774098,0.965526879,0.005566485,-0.003099767,0.005200369,42:36.0,94.7,14,0.050549975,0.054628329,0.979783177,0.006355044,0.006185061,0.013136895,42:43.3,6.8,14.2,5
0.039033793,-0.028223429,0.966014266,0.001207046,0.000581909,0.003530588,42:36.5,95.3,15,0.028123725,-0.01481422,0.922636271,0.069553141,0.017354526,0.03301437,42:44.4,7.4,15.3,5
0.038064007,-0.029670786,0.964308441,0.004109234,-0.002415244,0.0022319,42:37.0,95.8,16,0.069703203,-0.037269401,1.006467998,0.015617829,0.001798637,0.044492446,42:45.5,7.9,16.3,5
0.038306456,-0.027258525,0.965283275,0.003931895,-0.002039489,0.001276799,42:37.5,96.3,17,0.045337386,-0.030659167,0.888762414,0.020962901,0.011419764,-0.070350219,42:46.5,8.4,17.4,5
0.038064007,-0.030876914,0.965283275,0.00410115,-0.00049525,0.001224147,42:38.1,96.9,18,0.109343112,0.104886394,0.95943445,0.018214006,0.015390387,0.037925649,42:47.6,9,18.5,5
0.036851779,-0.02774098,0.96357733,0.001912825,-0.000473696,0.000557512,42:38.6,97.4,19,0.026669051,-0.070799805,0.982342035,-0.040887211,0.002562218,0.015018201,42:48.6,9.5,19.5,5
0.03976113,-0.028464656,0.961871505,0.002424434,-0.001959404,0.002040425,42:39.1,97.9,20,0.132739138,0.119696736,0.834417999,0.151382627,0.034938075,0.017767094,42:49.7,10,20.6,5
0.038791347,-0.027982203,0.963821054,0.003509492,0.001648932,0.003448678,42:39.7,98.4,21,-0.048503205,-0.160415225,0.878405273,0.02340636,-0.014847441,-0.010332706,42:50.7,10.5,21.6,5
0.037579119,-0.028223429,0.964795828,0.003667578,-0.000452606,0.001547074,42:40.2,99,22,-0.038382944,-0.13267424,0.95882526,0.019059375,0.011985999,-0.00318756,42:51.8,11.1,22.7,5
0.038791347,-0.028464656,0.964064717,0.004415944,-0.00135356,0.000864628,42:40.7,99.5,23,-0.001234178,-0.045350469,0.978199154,0.002151847,-0.000967639,0.002428406,42:52.8,11.6,23.7,1
0.041700698,-0.037390016,0.961627781,0.002822787,0.001063668,0.002317117,42:41.2,100,24,-0.002344939,-0.023640137,0.977589905,0.004746459,-0.0016664,0.001014506,42:53.9,12.1,24.8,1
0.046307173,-0.026534848,0.955779076,0.000631645,0.00131842,0.001939585,42:41.8,100.5,25,-0.001851267,-0.024846267,0.975762188,0.003685076,-0.002487884,0.000457683,42:55.0,12.6,25.9,1
0.040246025,-0.054275826,0.950174034,0.003736958,-0.000215502,-0.000154041,42:42.3,101.1,26,-0.001974685,-0.011699456,0.978199154,0.005448546,-0.000870196,0.000793845,42:56.0,13.2,26.9,1
0.055035222,0.040546361,0.968207598,0.007882208,0.001603571,0.001683171,42:42.8,101.6,27,-0.001481014,-0.019780524,0.980026871,0.003617395,-0.000953716,0.001618355,42:57.1,13.7,28,5
0.046064727,0.068710297,0.991358757,0.004827879,0.01076655,0.024590619,42:43.3,102.1,28,-0.001851267,-0.024122589,0.976127714,0.001551472,-0.001098337,0.00110859,42:58.1,14.2,29,5
0.009212945,-0.073573895,0.915569067,0.121503145,0.028176209,0.064907722,42:43.9,102.7,29,-0.002344939,-0.020262975,0.977955461,0.003502317,-0.000272817,-0.000706448,42:59.2,14.8,30.1,5
0.047034506,0.043945454,0.929703474,0.017603137,0.006532842,0.001121017,42:44.4,103.2,30,0.000110249,-0.021710331,0.976980686,0.003812354,-0.0010318,0.002551467,43:00.3,15.3,31.1,4
0.075158238,-0.002653485,0.776905537,0.062501736,0.012641495,0.034107737,42:44.9,103.7,31,-0.000987343,-0.015559071,0.977955461,0.004888695,-0.000231334,5.86612E-05,43:01.3,15.8,32.2,4
0.064248167,-0.071885318,1.236030459,-0.031266078,-0.009044221,0.054877155,42:45.5,104.2,32,0.003844017,0.032048618,0.980270565,0.006868675,-0.004245894,0.016004978,43:02.4,16.3,33.2,5
0.030063294,0.03010628,0.937745452,0.049368136,0.020582743,-0.046831906,42:46.0,104.8,33,-0.000993927,0.023550879,0.978077292,0.004389092,-0.008215764,0.088719901,43:03.4,16.9,34.3,5
0.060611479,-0.091424614,0.839779377,-0.007442333,0.002256786,-0.093868531,42:46.5,105.3,34,-0.019376597,-0.005403299,0.979173928,-0.010671426,0.014325509,-0.015420515,43:04.5,17.4,35.4,5
0.120253175,0.080607139,0.900703549,0.013327084,-0.018818066,0.051211968,42:47.0,105.8,35,0.015107786,0.010692273,0.881451517,-0.023121482,-0.009130146,-0.040372977,43:05.5,17.9,36.4,5
0.098433048,0.129165649,1.01816535,0.023100927,0.049598839,0.024639329,42:47.6,106.4,36,-0.049635915,-0.008684132,0.918006003,-0.014713354,-0.001399917,-0.017852159,43:06.6,18.5,37.5,5
0.013334526,-0.066819578,0.938720286,0.059141971,-0.002019271,0.016698081,42:48.1,106.9,37,-0.023825891,-0.052949082,0.985510051,0.035530314,0.009442941,-0.042286768,43:07.6,19,38.5,5
0.040003575,-0.074780032,1.025963783,-0.140916392,0.007143707,0.013338322,42:48.6,107.4,38,0.004970141,0.022579709,1.080673665,-0.056151649,0.003193337,-0.051347211,43:08.7,19.5,39.6,5
0.0977057,0.072352186,0.943106771,-0.054173525,0.00744914,0.022501299,42:49.2,108,39,0.133989195,-0.226028662,0.613994226,0.417674873,0.18844998,-0.115232811,43:09.8,20.1,40.6,5
0.167772576,0.167041287,0.725729227,0.356938779,0.06242701,0.013032889,42:49.7,108.5,40,-0.062572839,-0.109275334,0.953829437,-0.027340442,0.005495844,0.033818308,43:10.8,20.6,41.7,5
-0.075038038,-0.203353435,0.891686738,0.112898119,-0.023399554,-0.023313593,42:50.2,109,41,-0.011463677,-0.091907065,0.958703399,0.045047086,0.022141924,0.021448286,43:11.9,21.1,42.8,1
-0.021968372,-0.117477015,0.865123808,-0.066085398,-0.006295328,0.00264818,42:50.7,109.5,42,-0.094414635,-0.113376172,0.972350419,-0.037180983,-0.023554889,0.012680003,43:12.9,21.6,43.8,1
-0.041468389,-0.158726633,0.944812715,0.029820442,0.018750148,-0.01017999,42:51.3,110.1,43,0.016074196,-0.124231339,0.991724342,-0.026557539,-0.000834791,-0.12330097,43:14.0,22.2,44.9,1
-0.035297498,-0.106621847,0.972837806,0.008298308,0.005221849,0.003804869,42:51.8,110.6,44,-0.097358435,-0.074176964,0.879501909,0.045219127,0.004357563,-0.527999192,43:15.0,22.7,45.9,5
0,-0.061995056,0.980148733,-0.003735378,-0.001127262,0.003963207,42:52.3,111.1,45,0.027376635,0.011467652,0.942132026,-0.021517903,0.030472052,-0.547088742,43:16.1,23.2,47,5
-0.002468356,-0.028705882,0.976249576,0.008039072,-0.000808017,0.000893606,42:52.8,111.6,46,0.102069728,-0.115064748,0.940060586,0.032849107,0.046354549,-0.28212595,43:17.2,23.7,48.1,5
-0.002221521,-0.022192782,0.977955461,0.006524503,-0.001692076,0.001784907,42:53.4,112.2,47,0.002032086,-0.166687094,1.028035194,-0.015867401,0.035511693,-0.073057303,43:18.2,24.3,49.1,5
-0.002468356,-0.025087493,0.97722435,0.002968416,-0.001640724,0.000244106,42:53.9,112.7,48,0.048974076,-0.107104298,1.013535172,0.010399807,0.015811285,-0.107876621,43:19.3,24.8,50.2,5
-0.002468356,-0.019298071,0.977711737,0.003149584,-0.001911572,0.001081349,42:54.4,113.2,49,0.206563927,-0.037028175,1.024623394,-0.002733797,-0.002820103,0.076146534,43:20.3,25.3,51.2,5
-0.001234178,-0.030394463,0.97381264,0.004220568,-0.003064196,-0.000165983,42:55.0,113.8,50,-0.040974719,-0.083222935,1.03120321,0.02078452,-0.044358941,0.035829429,43:21.4,25.9,52.3,5
-0.002962028,-0.012061295,0.977955461,0.004034474,0.000916593,0.000959993,42:55.5,114.3,51,0.046715748,-0.050174986,0.883888483,-0.004871827,-0.048329564,-0.000669771,43:22.5,26.4,53.3,5
-0.000987343,-0.011337617,0.978442848,0.006862618,-0.002656986,0.000627697,42:56.0,114.8,52,0.058914357,-0.114702914,1.040463746,0.047204442,0.007870039,0.018419769,43:23.5,26.9,54.4,5
-0.001481014,-0.021951558,0.978199124,0.00186947,-0.000812053,0.001762549,42:56.5,115.3,53,0.038877452,-0.017247652,1.116740823,-0.153770223,0.009244485,0.05598798,43:24.6,27.4,55.5,5
-0.001481014,-0.01760949,0.981854618,0.00536532,-0.00109538,0.001474161,42:57.1,115.9,54,0.036075305,-0.132794857,1.034371257,0.001084115,0.025585132,-0.033198346,43:25.6,28,56.5,5
-0.000246836,-0.021710331,0.978199124,0.001582898,0.00070255,0.001119679,42:57.6,116.4,55,0.046913285,-0.115426589,0.923732936,0.065703519,0.038007082,-0.073489288,43:26.7,28.5,57.6,5
-0.003455699,-0.026534848,0.974056304,0.001520045,-0.002899223,0.0010975,42:58.1,116.9,56,0.068248525,-0.144011863,1.144887805,0.013189513,0.070434874,-0.017568961,43:27.7,29,58.6,5
-0.002715192,-0.020262975,0.977468073,0.003846534,-0.000450665,-0.001005846,42:58.6,117.4,57,0.030790632,-0.280063272,1.021211654,-0.020713508,0.010264648,-0.02001242,43:28.8,29.5,59.7,5
-0.001974685,-0.020262975,0.978442848,0.0031581,-9.50E-05,-0.00040705,42:59.2,118,58,0.011516181,-0.091062775,0.987825185,0.009291869,0.001780638,-0.008032484,43:29.8,30.1,60.7,5
0.001454675,-0.025328718,0.976493299,0.003714003,-0.000606602,0.001968535,42:59.7,118.5,59,0.014546756,-0.034133466,0.982342005,0.01098115,-0.000337551,-0.002994173,43:30.9,30.6,61.8,5
-0.001234178,-0.018091943,0.977468073,0.003910705,-0.001456998,0.0031344,43:00.3,119,60,0.01187985,-0.041611468,0.977955461,0.007586796,-0.000893269,-0.003533426,43:32.0,31.1,62.9,5
-0.00172785,-0.023881365,0.978686571,0.002543837,-0.00173397,0.000367611,43:00.8,119.6,61,0.016607545,-0.041973306,0.979905009,0.0075427,-0.000677415,-0.002425806,43:33.0,31.7,63.9,5
-0.000246836,-0.007236777,0.97722435,0.007233553,0.001271301,-0.000250288,43:01.3,120.1,62,0.01066762,-0.098178941,0.969182402,0.003566597,0.001176172,-0.001593438,43:34.1,32.2,65,5
0.011637404,0.035447713,0.971863031,0.008025713,-0.000256696,0.00338831,43:01.8,120.6,63,0.020729126,-0.036666336,0.985266358,0.006598055,-0.001387797,-0.003528012,43:35.1,32.7,66,5
-0.00394937,0.028649524,0.988678098,0.005711637,-0.008235091,0.028621646,43:02.4,121.1,64,0.041700698,0.030227677,0.985144556,0.002186041,0.003262844,-0.009929026,43:36.2,33.2,67.1,5
0.000727338,0.036176093,0.986728549,0.006608896,-0.007630026,0.074007124,43:02.9,121.7,65,-0.032504982,0.003152408,0.979052097,-0.06607898,-0.007117591,-0.060042839,43:37.3,33.8,68.2,4
-0.002715192,0.010925665,0.969426036,0.002169289,-0.008801501,0.103432678,43:03.4,122.2,66,0.017354969,-0.009695211,0.920321137,-0.072493061,-0.065760655,-0.017587702,43:38.3,34.3,69.2,4
-0.03677851,-0.018333169,1.003543615,-0.013493001,0.023578549,-0.017193407,43:03.9,122.7,67,-0.110705784,-0.148715757,0.965892434,-0.005603319,-0.04483852,0.100920156,43:39.4,34.8,70.3,4
-0.001974685,0.00752657,0.954804242,-0.00784985,0.00507247,-0.013647623,43:04.5,123.3,68,0.007464664,-0.077674737,0.949564755,-0.040880784,-0.017807732,0.058465019,43:40.4,35.4,71.3,5
-0.032335471,-0.002894711,0.861468375,-0.059773397,-0.034022905,-0.03655507,43:05.0,123.8,69,0.028002503,-0.17561245,0.915690899,0.011195473,-0.01628057,-0.007661142,43:41.5,35.9,72.4,5
0.062551044,0.024279257,0.90143466,0.013530433,0.015762612,-0.044190884,43:05.5,124.3,70,-0.141189989,-0.098540781,0.840023041,-0.04729487,-0.016433286,0.275933063,43:42.6,36.4,73.4,5
0.002424459,-0.001447355,0.935795903,-0.008146554,-0.012548208,0.027199153,43:06.1,124.9,71,-0.094538049,-0.180798806,1.009636015,-0.01633364,-0.058583492,0.194023415,43:43.6,37,74.5,5
-0.10169629,-0.015920909,0.900216103,-0.021280155,0.009748374,-0.062903471,43:06.6,125.4,72,0.124980867,-0.171270378,0.928119451,-0.034852492,0.008916612,-0.436595902,43:44.7,37.5,75.6,1
0.068854645,-0.062477503,0.988190711,0.044387862,0.025325438,-0.054045923,43:07.1,125.9,73,0.046851828,-0.170908548,0.938598394,-0.077307627,0.06236732,-0.091304338,43:45.7,38,76.6,1
-0.116506428,-0.043420661,0.982829392,0.026672766,-0.006439555,-0.030527612,43:07.6,126.4,74,0.007413169,-0.109999008,0.932262301,0.066245705,0.00402969,0.036824645,43:46.8,38.5,77.7,1
0.008970499,0.014810347,0.996963799,-0.046936493,-0.010104746,-0.054962222,43:08.2,127,75,0.067399967,-0.097214034,0.902409405,0.052043088,-0.012005523,0.009030278,43:47.8,39.1,78.7,1
0.000969784,0.03034907,1.164383531,-0.065366805,0.016491421,-0.0477322,43:08.7,127.5,76,-0.027398755,-0.085393966,0.955413461,-0.06043797,0.012284858,-0.011862508,43:48.9,39.6,79.8,5
-0.009379755,-0.097214036,0.848552465,0.076964803,-0.005805162,-0.014440046,43:09.2,128,77,0.153347038,-0.146062292,0.832590252,0.02576489,0.059024535,-0.390722308,43:49.9,40.1,80.8,5
0.277358145,-0.354843289,0.379435986,0.758384943,0.382705122,-0.216025576,43:09.8,128.5,78,0.090068657,-0.137378152,0.972350419,0.014922028,-0.000382109,0.18975237,43:51.0,40.6,81.9,5
-0.09379755,-0.073091447,0.944325268,-0.103545882,0.018629447,0.054587726,43:10.3,129.1,79,-0.010313408,-0.118562527,1.048505723,0.047603318,0.017791131,0.241981342,43:52.0,41.2,82.9,5
-0.031348128,-0.14545922,0.963333607,0.048864998,-0.007637758,0.013048891,43:10.8,129.6,80,0.009842524,-0.026002241,0.899728775,-0.018697916,0.020421965,-0.020735659,43:53.1,41.7,84,5
0.025699267,-0.072126538,1.019871354,0.020154327,0.06291718,0.027404223,43:11.4,130.1,81,0.055246258,-0.090700936,0.936039597,0.05720209,0.036151744,-0.153904296,43:54.2,42.2,85.1,5
-0.04862662,-0.111687593,0.897535443,0.069939844,-0.018633332,0.01549235,43:11.9,130.7,82,0.01828035,-0.082258037,0.988921851,0.036738101,-0.018367979,0.051346435,43:55.2,42.8,86.1,5
-0.044430416,-0.05186357,0.998669684,-0.010694362,0.002441519,0.017935812,43:12.4,131.2,83,0.026305383,-0.109757781,1.026816666,0.011209372,0.014022349,0.116559867,43:56.3,43.3,87.2,5
-0.144398853,-0.174888775,0.946031153,-0.063667603,-0.049551297,0.007424194,43:12.9,131.7,84,0.063763278,-0.10939594,0.922392547,0.060206205,-0.020324351,0.12038134,43:57.3,43.8,88.2,5
-0.059981063,-0.117477015,0.924098432,-0.015714679,-0.022062358,-0.016094118,43:13.5,132.2,85,-0.190063439,-0.153178439,0.99428317,0.142214864,-0.001082096,0.275693834,43:58.4,44.3,89.3,5
0.092129454,-0.130985662,1.059350252,-0.037400398,0.020392776,-0.230507821,43:14.0,132.8,86,0.007381432,-0.133156694,0.9035061,0.075935984,-0.013146684,-0.162449263,43:59.4,44.9,90.3,5
-0.329031914,-0.127849728,0.795913875,0.044455543,-0.030003607,-0.405826151,43:14.5,133.3,87,0.126435544,-0.137016308,1.005005807,-0.003781931,-0.012535819,-0.460093334,44:00.5,45.4,91.4,5
0.134315044,-0.020504201,0.963089943,0.045982711,0.038718734,-0.650172234,43:15.0,133.8,88,-0.013329125,-0.238089956,0.888884246,-0.043946322,0.028086719,-0.096475821,44:01.5,45.9,92.4,5
0.056974791,0.040303569,0.977468073,-0.246316314,0.053990364,-0.475159347,43:15.6,134.4,89,0.04836796,-0.224219471,0.967720181,0.035313442,-0.003678274,-0.022713842,44:02.6,46.5,93.5,5
-0.002221521,-0.017368264,0.906795979,0.203280509,0.00695374,-0.619018137,43:16.1,134.9,90,0.009153684,-0.144494317,0.943716049,-0.000146069,0.005253266,-0.004991408,44:03.7,47,94.6,5
0.128981218,-0.068266928,0.905821204,0.030405648,0.036580704,-0.406437039,43:16.6,135.4,91,0.02909351,-0.099746913,0.956997514,0.005647797,-0.001187972,-0.001992051,44:04.7,47.5,95.6,5
0.075158238,-0.161862567,0.974299967,0.035292566,0.056128394,-0.15781486,43:17.2,136,92,0.032002861,-0.099626299,0.958337873,0.003717404,0.00224354,-0.000416874,44:05.8,48.1,96.7,5
-0.057759538,-0.166928321,1.059593916,-0.125975862,0.065291375,-0.033198345,43:17.7,136.5,93,0.022183802,-0.043661888,0.969669759,0.003998183,-0.00189004,-0.005300325,44:06.8,48.6,97.7,5
0.061823711,-0.166445866,0.996476471,0.09424106,0.00573201,-0.112916261,43:18.2,137,94,0.033942428,-0.044385565,0.942619413,0.004880942,-0.00083383,-0.131177168,44:07.9,49.1,98.8,5
0.008243161,-0.07405635,0.892417848,0.013301417,-0.014731976,-0.101309821,43:18.7,137.5,95,0.083643844,-0.088891741,0.939938754,0.046456065,0.046992853,-0.280123517,44:09.0,49.6,99.9,5
0.08970499,-0.140152246,1.134652495,0.007498197,0.046354547,-0.114443421,43:19.3,138.1,96,0.110676561,-0.086720712,0.932749689,0.031489868,0.093418613,-0.149245631,44:10.0,50.2,100.9,4
0.175288409,-0.034254078,1.03668642,0.089048706,-0.018397167,0.00803506,43:19.8,138.6,97,0.016122653,-0.051381119,0.969426066,0.068905365,0.026376153,-0.260575823,44:11.1,50.7,102,4
0.237839445,-0.039802272,1.012560368,-0.0945163,0.01275696,0.144258007,43:20.3,139.1,98,0.078673702,-0.025690558,0.959556341,0.038820248,-0.020355038,-0.300740227,44:12.1,51.2,103,4
-0.011848111,-0.105656944,1.052770376,0.00994166,-0.025727551,0.107606098,43:20.9,139.7,99,0.000256121,-0.022916459,0.881207794,0.102808382,0.027597883,0.363117589,44:13.2,51.8,104.1,5
-0.070101328,-0.060788926,1.009636045,0.031627379,-0.06299033,-0.035947241,43:21.4,140.2,100,-0.041003249,-0.038596143,0.982220203,-0.003329452,0.001788827,0.259117794,44:14.2,52.3,105.1,5
-0.022215208,-0.096007906,0.871216238,-0.08871308,-0.045275237,0.008340491,43:21.9,140.7,101,0.171166807,0.010798024,0.93969506,-0.087934285,-0.041124457,-0.40993236,44:15.3,52.8,106.2,5
0.115646705,-0.004342066,0.896560729,0.078969426,-0.05138389,-0.009680033,43:22.5,141.2,102,0.062607938,-0.006035326,0.93421185,-0.008521806,0.030804925,-0.245915063,44:16.3,53.3,107.2,1
0.014546755,-0.115305983,1.009392381,0.015134014,-0.006485295,0.00223184,43:23.0,141.8,103,-0.046128722,0.042003116,0.968451262,-0.024557019,0.001330678,-0.011190091,44:17.4,53.9,108.3,1
0.10328196,-0.114099845,1.07153511,0.07927487,0.022225372,0.034607697,43:23.5,142.3,104,-0.034680408,0.003694371,0.954438716,-0.034789013,0.013395267,0.021643915,44:18.4,54.4,109.3,1
-0.00394937,-0.023157686,1.141232371,-0.212413281,0.003288549,0.072481342,43:24.0,142.8,105,0.155165389,0.017602462,0.873165846,-0.027916778,0.025918004,-0.653209448,44:19.5,54.9,110.4,5
0.081704274,-0.011337617,1.092249274,-0.095127165,0.015200421,0.039494619,43:24.6,143.4,106,-0.008639248,-0.004087524,0.908867359,-0.00180229,0.03309567,0.129156202,44:20.6,55.5,111.5,5
0.173106387,-0.198528916,1.03595531,0.043233819,0.071094595,-0.057327524,43:25.1,143.9,107,-0.010086833,0.016412806,0.994039476,0.015301935,-0.026158258,0.302641928,44:21.6,56,112.5,5
-0.100955777,-0.067060798,1.032787204,-0.041065589,-0.019924331,-0.009069168,43:25.6,144.4,108,-0.021721537,0.054992517,1.000497371,0.015454654,-0.011802925,0.20948498,44:22.7,56.5,113.6,5
0.035881996,-0.146424115,0.877065003,0.11592678,0.046354547,-0.054578628,43:26.2,145,109,0.017092436,0.094689101,0.93896395,-0.026542332,-0.011802925,0.056615949,44:23.7,57.1,114.6,5
0.057944573,-0.084429063,0.97040087,0.015480258,0.029659618,-0.092399947,43:26.7,145.5,110,0.046428392,-0.080569451,0.925073266,0.006749824,-0.02111862,-0.004165141,44:24.8,57.6,115.7,2
0.102797069,-0.17392388,1.162677646,0.006011844,0.02629986,-0.076822892,43:27.2,146,111,0.035275881,-0.029746749,0.961627781,0.005065702,0.002810278,0.007811045,44:25.9,58.1,116.8,2
0.033699982,-0.114099845,1.127097964,0.020367183,0.114569888,0.04168497,43:27.7,146.5,112,0.038306454,0.024036463,0.96906051,-0.00018239,0.000141874,0.004851629,44:26.9,58.6,117.8,5
0.050428752,-0.278615922,0.94237572,-0.07065174,0.038822599,-0.042614434,43:28.3,147.1,113,0.032608975,0.047101758,0.971497476,0.006655596,-0.000633276,0.00645785,44:28.0,59.2,118.9,5
0.011152512,-0.281510621,1.100047588,0.029224724,-0.018293303,0.002589595,43:28.8,147.6,114,0.035518329,0.049044099,0.956875682,0.012879342,-0.014359289,0.12214694,44:29.0,59.7,119.9,3
0.010910066,-0.121336624,0.97381264,0.008613504,0.006338391,-0.0097662,43:29.3,148.1,115,-0.025677159,0.01373817,1.07007283,-0.01231885,-0.051469354,0.220038086,44:30.1,60.2,121,3
0.012122296,-0.060788926,1.00183773,0.009970233,-0.002777115,-0.006298768,43:29.8,148.6,116,0.021089921,-0.003052118,0.984169692,0.006087527,0.013707178,0.013458058,44:31.2,60.7,122.1,5
0.018183446,-0.032324273,0.985997438,0.014006861,0.00087315,-0.003189914,43:30.4,149.2,117,0.091038436,0.008619136,0.97381258,0.019606981,-0.00801187,-0.174796015,44:32.2,61.3,123.1,5
0.010910066,-0.035942659,0.978686571,0.007955439,-0.001548252,-0.002798432,43:30.9,149.7,118,0.0328656,-0.007116164,0.873165786,-0.030789401,0.011841249,-0.271312729,44:33.3,61.8,124.2,4
0.011152512,-0.041249629,0.97722435,0.006814606,0.000590306,-0.002995364,43:31.5,150.2,119,0.024559974,0.005635929,0.941766471,-0.032011131,0.002372837,-0.101492187,44:34.3,62.3,125.2,4
0.012607188,-0.041973308,0.978686571,0.008358985,-0.002376844,-0.004071488,43:32.0,150.8,120,0.021698909,-0.048365792,1.062030852,0.012429316,0.009245072,0.110325336,44:35.4,62.9,126.3,4
0.010910066,-0.040284727,0.979661286,0.007505007,6.94E-05,-0.002174361,43:32.5,151.3,121,6.17877E-05,0.018330839,0.917518646,0.070003361,0.00267827,0.032287301,44:36.5,63.4,127.4,5
0.022305025,-0.043661885,0.980148733,0.007580392,-0.001424273,-0.002677251,43:33.0,151.8,122,0.006209215,-0.018100537,1.021089852,-0.021779137,0.00145654,0.252504235,44:37.5,63.9,128.4,5
0.010910066,-0.177783489,0.959190845,0.002082601,0.002851783,-0.001455519,43:33.6,152.4,123,-0.011849474,0.014264489,0.98270759,0.039154671,-0.011982496,0.220739229,44:38.6,64.5,129.5,1
0.010425175,-0.018574392,0.979173958,0.005050592,-0.000499438,-0.001731357,43:34.1,152.9,124,0.080734493,-0.038716756,0.925926179,0.007236961,0.009092357,-0.213891394,44:39.6,65,130.5,1
0.032730199,-0.023881365,0.991846144,0.006068304,-0.000207727,-0.003735366,43:34.6,153.4,125,0.062243268,-0.035942657,0.924220294,0.021745013,0.012146682,-0.0538447,44:40.7,65.5,131.6,1
0.008728053,-0.049451306,0.978686571,0.007127807,-0.002567868,-0.003320658,43:35.1,153.9,126,0.084128727,0.023452202,0.964308441,0.04159813,-0.031072035,-0.155553769,44:41.7,66,132.6,1
0.061823711,0.024036465,1.000131965,0.003462613,-0.001040705,-0.005764118,43:35.7,154.5,127,0.177106746,0.010035179,0.977346212,-0.01872481,0.065139239,-0.827047348,44:42.8,66.6,133.7,5
0.021577686,0.036418889,0.970157146,0.00090947,0.007566392,-0.014093935,43:36.2,155,128,0.10291829,0.019180614,0.992699087,0.005709797,-0.017632999,-0.133104462,44:43.8,67.1,134.7,5
0.005091364,0.042488702,0.979173958,-0.015224449,-0.016127853,-0.056530364,43:36.7,155.5,129,0.029699626,-0.019177458,0.950539559,-0.046213748,0.023600406,-0.062244095,44:44.9,67.6,135.8,5
-0.070101328,-0.036183886,0.978930235,-0.11693351,0.001892671,-0.063555315,43:37.3,156.1,130,0.035760773,-0.03558082,0.927144676,0.015143849,-0.018069427,0.02963743,44:46.0,68.2,136.9,5
-0.065905116,0.060455348,0.862930536,-0.154501721,-0.106535912,-0.05286517,43:37.8,156.6,131,0.001008613,0.058877197,1.016215861,0.037440427,-0.003866811,-0.011290543,44:47.0,68.7,137.9,5
0.100615054,-0.079845771,0.977711737,0.009515598,-0.024985399,0.017689766,43:38.3,157.1,132,-0.108501828,-0.029670785,0.891686767,0.125710454,-0.099925369,-0.106585525,44:48.1,69.2,139,5
-0.046158265,-0.151489854,1.026694775,0.040058859,-0.054306932,0.134975895,43:38.8,157.6,133,-0.028262683,-0.015197231,0.955535352,0.001704812,-0.022803633,-0.211348906,44:49.1,69.7,140,5
-0.175253302,-0.14594166,0.905090094,-0.051265497,-0.035370108,0.066864416,43:39.4,158.2,134,0.021456465,-0.003859614,0.944325298,0.013616685,0.004838019,-0.070544471,44:50.2,70.3,141.1,5
-0.046651937,-0.056205634,1.062761903,-0.000258245,-0.039646164,0.082441479,43:39.9,158.7,135,-0.011381963,-0.023640139,0.888518691,0.025223125,0.006212466,-0.03251811,44:51.3,70.8,142.2,5
0.061581265,-0.09914384,0.836367607,-0.081503324,0.0040307,0.034488559,43:40.4,159.2,136,0.038427679,-0.045109245,1.087984562,-0.07663865,0.032479672,-0.054051109,44:52.3,71.3,143.2,5
0.013334526,-0.176094905,0.924098432,0.066936925,-0.02620713,0.021965822,43:40.9,159.7,137,0.058550689,0.053050982,0.819065124,-0.080914717,0.01888792,-0.080318317,44:53.4,71.8,144.3,5
0.042670481,-0.175129995,0.907283366,-0.044545978,-0.00635401,-0.037288107,43:41.5,160.3,138,-0.020610777,-0.059944635,0.935186684,0.013318235,0.004927451,0.020952925,44:54.4,72.4,145.3,5
-0.034063317,-0.162586257,0.861955762,-0.008504927,-0.036897272,-0.013769794,43:42.0,160.8,139,-0.044553833,0.049569635,1.069098085,0.005220119,-0.018390604,0.076110432,44:55.5,72.9,146.4,5
-0.248316661,-0.034495305,0.81809032,-0.086084813,0.0040307,0.56563592,43:42.6,161.3,140,-0.011799492,-0.146062278,0.865123808,-0.044412686,-0.01976505,0.110013448,44:56.6,73.4,147.4,5
-0.173525453,-0.215655953,0.986484826,-0.019500501,-0.081490435,0.524707913,43:43.1,161.9,141,0.014639445,0.002678618,0.953951299,0.020033598,-0.004340703,0.124674216,44:57.6,74,148.5,5
-0.015550646,-0.14594166,1.032787204,-0.013166778,-0.03567655,-0.136661083,43:43.6,162.4,142,0.014061863,-0.006246806,0.970766395,0.001480259,-0.007730718,0.143000968,44:58.7,74.5,149.5,5
0.16825746,-0.139911011,0.957484901,-0.020802591,0.014719832,-0.493711799,43:44.1,162.9,143,0.004770408,-0.071041025,1.000010073,0.044635598,-0.004292364,0.026711013,44:59.7,75,150.6,5
0.081704274,-0.202629745,0.898754001,-0.048902392,0.003113392,-0.379480004,43:44.7,163.5,144,0.019638119,-0.074418187,0.963821024,0.007754527,0.000823637,-0.028717977,45:00.8,75.6,151.6,5
-0.006911398,-0.14401187,0.997938573,-0.099909641,0.039765306,-0.151016414,43:45.2,164,145,0.017940998,-0.043661885,0.942619413,0.004900001,-0.006028379,0.079410505,45:01.8,76.1,152.7,5
0.100615054,-0.197805226,0.879258215,-0.054705612,0.084969334,-0.031592261,43:45.7,164.5,146,0.022426247,-0.043782501,0.966867268,-0.003495719,0.009818133,-0.210813202,45:02.9,76.6,153.8,5
-0.025177237,-0.116029657,0.890468299,0.030815519,0.016552428,0.016666092,43:46.2,165,147,-0.013699378,-0.028223429,0.954073161,0.006150935,0.008475397,-0.12967154,45:03.9,77.1,154.8,5
0.040003575,-0.10396836,0.974056304,0.10167589,-0.008493048,0.056983199,43:46.8,165.6,148,0.020365457,-0.004699205,0.981123537,0.000617214,-0.005665222,0.067220598,45:05.0,77.7,155.9,5
0.054307885,-0.146424115,0.928972363,0.099232428,-0.046366692,-0.007768516,43:47.3,166.1,149,0.00533381,-0.011819286,0.961993277,0.001796823,-0.000190357,0.004900489,45:06.1,78.2,156.9,4
0.080492049,-0.048003953,0.875846446,0.004853748,0.022355646,0.025829073,43:47.8,166.6,150,0.00654604,-0.030394463,0.962602496,0.003551371,-0.000165891,0.000199924,45:07.1,78.7,158,4
-0.049860798,-0.026293622,1.01816535,-0.130452901,0.007694881,-0.020291254,43:48.4,167.2,151,0.0073946,-0.028344044,0.96284622,0.002885491,0.000120214,-0.002623716,45:08.2,79.3,159.1,4
-0.004936713,-0.14449431,0.892661572,0.009576961,0.016874835,-0.003433763,43:48.9,167.7,152,0.007879493,-0.028344042,0.962846249,0.00311698,0.000690686,-0.001224831,45:09.2,79.8,160.1,5
0.108858213,-0.158485427,0.806636512,0.138469532,0.067271218,-0.048026927,43:49.4,168.2,153,0.007637047,-0.029308946,0.96357733,0.002702285,-0.000255574,-0.00100903,45:10.3,80.3,161.2,5
0.197835863,-0.133639157,0.858543992,-0.086939752,0.050777853,-0.73341769,43:49.9,168.7,154,0.007030932,-0.033892237,0.963211775,0.00258458,0.001331234,0.000201239,45:11.3,80.8,162.2,5
0.046064727,-0.152213544,0.912888408,0.066998288,-0.017944485,0.173717156,43:50.5,169.3,155,0.005455033,-0.03147998,0.962237,0.004071429,-3.28531E-05,0.001073844,45:12.4,81.4,163.3,5
0.134072587,-0.122542761,1.031812429,-0.037154231,0.017180268,0.205787584,43:51.0,169.8,156,0.002164454,-0.022192783,0.964308441,0.003946785,-0.001753469,-0.003524428,45:13.5,81.9,164.4,5
-0.041962057,-0.090942159,1.013047814,-0.022188034,0.03520079,0.241217762,43:51.5,170.3,157,0.006909709,-0.031359366,0.961749643,0.000490133,0.001383143,0.000148946,45:14.5,82.4,165.4,5
0.02133524,-0.146182895,1.083963633,0.117394671,0.000381473,0.242744923,43:52.0,170.8,158,0.005455033,-0.031479979,0.961505949,0.002010856,0.000999539,-0.00135521,45:15.6,82.9,166.5,5
-0.038259525,-0.104933262,0.937014401,0.010776334,-0.026767377,0.083875015,43:52.6,171.4,159,0.006182371,-0.030032624,0.961871505,0.001042653,-0.000104582,0.00073188,45:16.6,83.5,167.5,5
0.057944573,0.052928779,0.862443149,-0.048172165,0.067611307,-0.125346333,43:53.1,171.9,160,0.006788486,-0.030876914,0.962602496,0.000250317,0.0007664,0.002224579,00:00.0,84,0,5
-0.044430416,-0.080086999,0.909964025,0.100878954,0.012633432,-0.170550376,43:53.7,172.4,161,#DIV/0!,#DIV/0!,#DIV/0!,#DIV/0!,#DIV/0!,#DIV/0!,00:00.0,84.5,0,5
0.154922932,-0.101314873,0.962115169,0.013525225,0.059670057,-0.137258217,43:54.2,173,162,#DIV/0!,#DIV/0!,#DIV/0!,#DIV/0!,#DIV/0!,#DIV/0!,00:00.0,85.1,0,5
0.09382657,-0.146906585,0.932871521,0.085912749,0.00652478,0.029202571,43:54.7,173.5,163,#DIV/0!,#DIV/0!,#DIV/0!,#DIV/0!,#DIV/0!,#DIV/0!,00:00.0,85.6,0,5
-0.05726587,-0.01760949,1.044972181,-0.012436546,-0.043260738,0.073490299,43:55.2,174,164,#DIV/0!,#DIV/0!,#DIV/0!,#DIV/0!,#DIV/0!,#DIV/0!,00:00.0,86.1,0,5
0.040246025,-0.140393466,1.028156996,-0.009382226,0.016604057,0.134576827,43:55.8,174.5,165,#DIV/0!,#DIV/0!,#DIV/0!,#DIV/0!,#DIV/0!,#DIV/0!,00:00.0,86.6,0,5
0.012364741,-0.079122096,1.025476336,0.03180097,0.011440642,0.098542906,43:56.3,175.1,166,#DIV/0!,#DIV/0!,#DIV/0!,#DIV/0!,#DIV/0!,#DIV/0!,00:00.0,87.2,0,5
0.106191315,-0.093113191,0.955291629,0.048599765,-0.016048294,0.077162623,43:56.8,175.6,167,#DIV/0!,#DIV/0!,#DIV/0!,#DIV/0!,#DIV/0!,#DIV/0!,00:00.0,87.7,0,5
0.02133524,-0.125678688,0.889493465,0.071812645,-0.024600409,0.163600057,43:57.3,176.1,168,#DIV/0!,#DIV/0!,#DIV/0!,#DIV/0!,#DIV/0!,#DIV/0!,00:00.0,88.2,0,5
-0.107126668,-0.226993561,0.679670513,0.131066576,-0.012993968,0.330671698,43:57.9,176.7,169,#DIV/0!,#DIV/0!,#DIV/0!,#DIV/0!,#DIV/0!,#DIV/0!,00:00.0,88.8,0,5
-0.273000211,-0.079363316,1.308895826,0.153363153,0.010829777,0.22071597,43:58.4,177.2,170,#DIV/0!,#DIV/0!,#DIV/0!,#DIV/0!,#DIV/0!,#DIV/0!,00:00.0,89.3,0,5
-0.001481014,-0.079122096,0.872922122,-0.016762819,-0.033152521,-0.045621291,43:58.9,177.7,171,#DIV/0!,#DIV/0!,#DIV/0!,#DIV/0!,#DIV/0!,#DIV/0!,00:00.0,89.8,0,5
0.016243877,-0.187191293,0.934090078,0.168634787,0.006859153,-0.279277235,43:59.4,178.2,172,#DIV/0!,#DIV/0!,#DIV/0!,#DIV/0!,#DIV/0!,#DIV/0!,00:00.0,90.3,0,5
0.084613629,-0.097696491,1.028156996,-0.045168053,-0.043842662,-0.632968187,44:00.0,178.8,173,#DIV/0!,#DIV/0!,#DIV/0!,#DIV/0!,#DIV/0!,#DIV/0!,00:00.0,90.9,0,5
0.16825746,-0.176336125,0.981854618,0.03760419,0.018771024,-0.287218481,44:00.5,179.3,174,#DIV/0!,#DIV/0!,#DIV/0!,#DIV/0!,#DIV/0!,#DIV/0!,00:00.0,91.4,0,5
-0.010120261,-0.114099845,1.044728398,-0.077238478,0.013884103,-0.1403054,44:01.0,179.8,175,#DIV/0!,#DIV/0!,#DIV/0!,#DIV/0!,#DIV/0!,#DIV/0!,00:00.0,91.9,0,5
-0.016537989,-0.362080067,0.733040094,-0.010654166,0.042289335,-0.052646242,44:01.5,180.3,176,#DIV/0!,#DIV/0!,#DIV/0!,#DIV/0!,#DIV/0!,#DIV/0!,00:00.0,92.4,0,5
0.050186306,-0.203594655,0.99501425,0.047072597,-0.02001892,-0.020575814,44:02.1,180.9,177,#DIV/0!,#DIV/0!,#DIV/0!,#DIV/0!,#DIV/0!,#DIV/0!,00:00.0,93,0,5
0.046549615,-0.244844288,0.940426111,0.023554288,0.012662372,-0.02485187,44:02.6,181.4,178,#DIV/0!,#DIV/0!,#DIV/0!,#DIV/0!,#DIV/0!,#DIV/0!,00:00.0,93.5,0,5
-0.006664563,-0.14545922,0.946274877,0.010726117,0.005637422,-0.006831346,44:03.2,181.9,179,#DIV/0!,#DIV/0!,#DIV/0!,#DIV/0!,#DIV/0!,#DIV/0!,00:00.0,94,0,5
0.02497193,-0.143529415,0.941157222,-0.011018254,0.004869111,-0.003151469,44:03.7,182.5,180,#DIV/0!,#DIV/0!,#DIV/0!,#DIV/0!,#DIV/0!,#DIV/0!,00:00.0,94.6,0,5
0.031275522,-0.10010875,0.955291629,0.007684916,-0.000918115,-0.002471064,44:04.2,183,181,#DIV/0!,#DIV/0!,#DIV/0!,#DIV/0!,#DIV/0!,#DIV/0!,00:00.0,95.1,0,5
0.026911497,-0.099385075,0.958703399,0.003610678,-0.001457829,-0.001513038,44:04.7,183.5,182,#DIV/0!,#DIV/0!,#DIV/0!,#DIV/0!,#DIV/0!,#DIV/0!,00:00.0,95.6,0,5
0.032730199,-0.097696491,0.958216012,0.004090928,0.001818348,-0.000286642,44:05.3,184.1,183,#DIV/0!,#DIV/0!,#DIV/0!,#DIV/0!,#DIV/0!,#DIV/0!,00:00.0,96.2,0,5
0.031275522,-0.101556107,0.958459735,0.00334388,0.002668733,-0.000547105,44:05.8,184.6,184,#DIV/0!,#DIV/0!,#DIV/0!,#DIV/0!,#DIV/0!,#DIV/0!,00:00.0,96.7,0,5
0.022062579,-0.002653485,0.988434374,0.004789174,0.001122384,-0.005042399,44:06.3,185.1,185,#DIV/0!,#DIV/0!,#DIV/0!,#DIV/0!,#DIV/0!,#DIV/0!,00:00.0,97.2,0,5
0.022305025,-0.08467029,0.950905144,0.003207192,-0.004902465,-0.005558251,44:06.8,185.6,186,#DIV/0!,#DIV/0!,#DIV/0!,#DIV/0!,#DIV/0!,#DIV/0!,00:00.0,97.7,0,5
0.029335955,-0.039802272,0.944812715,0.002706625,0.003263031,-0.067751966,44:07.4,186.2,187,#DIV/0!,#DIV/0!,#DIV/0!,#DIV/0!,#DIV/0!,#DIV/0!,00:00.0,98.3,0,5
0.038548902,-0.048968859,0.940426111,0.00705526,-0.004930691,-0.19460237,44:07.9,186.7,188,#DIV/0!,#DIV/0!,#DIV/0!,#DIV/0!,#DIV/0!,#DIV/0!,00:00.0,98.8,0,5
0.132617921,-0.08828868,0.938476563,0.079442792,0.040578768,-0.274320304,44:08.4,187.2,189,#DIV/0!,#DIV/0!,#DIV/0!,#DIV/0!,#DIV/0!,#DIV/0!,00:00.0,99.3,0,5
0.034669768,-0.089494802,0.941400945,0.013469338,0.053406939,-0.285926729,44:09.0,187.8,190,#DIV/0!,#DIV/0!,#DIV/0!,#DIV/0!,#DIV/0!,#DIV/0!,00:00.0,99.9,0,5
0.124617197,-0.065372221,0.937989175,0.013163909,0.068373136,-0.186966553,44:09.5,188.3,191,#DIV/0!,#DIV/0!,#DIV/0!,#DIV/0!,#DIV/0!,#DIV/0!,00:00.0,100.4,0,5
0.096735924,-0.108069204,0.927510202,0.049815826,0.11846409,-0.111524709,44:10.0,188.8,192,#DIV/0!,#DIV/0!,#DIV/0!,#DIV/0!,#DIV/0!,#DIV/0!,00:00.0,100.9,0,5
0.030548185,-0.065372221,0.988190711,0.048288658,0.04516026,-0.242249861,44:10.5,189.3,193,#DIV/0!,#DIV/0!,#DIV/0!,#DIV/0!,#DIV/0!,#DIV/0!,00:00.0,101.4,0,5
0.001697121,-0.037390016,0.950661421,0.089522071,0.007592047,-0.278901786,44:11.1,189.9,194,#DIV/0!,#DIV/0!,#DIV/0!,#DIV/0!,#DIV/0!,#DIV/0!,00:00.0,102,0,5
0.115646705,-0.018333169,1.072022438,-0.012492433,-0.027838137,-0.296616882,44:11.6,190.4,195,#DIV/0!,#DIV/0!,#DIV/0!,#DIV/0!,#DIV/0!,#DIV/0!,00:00.0,102.5,0,5
0.041700698,-0.033047948,0.847090244,0.090132929,-0.012871939,-0.304863572,44:12.1,190.9,196,#DIV/0!,#DIV/0!,#DIV/0!,#DIV/0!,#DIV/0!,#DIV/0!,00:00.0,103,0,5
0.012607188,-0.03111814,0.907283366,0.131671757,0.057988428,-0.005234155,44:12.6,191.4,197,#DIV/0!,#DIV/0!,#DIV/0!,#DIV/0!,#DIV/0!,#DIV/0!,00:00.0,103.5,0,5
-0.012094947,-0.014714779,0.855132222,0.073945008,-0.002792662,0.731469333,44:13.2,192,198,#DIV/0!,#DIV/0!,#DIV/0!,#DIV/0!,#DIV/0!,#DIV/0!,00:00.0,104.1,0,5
-0.085158296,-0.015438457,1.047652841,0.003695495,0.006370316,0.535381615,44:13.7,192.5,199,#DIV/0!,#DIV/0!,#DIV/0!,#DIV/0!,#DIV/0!,#DIV/0!,00:00.0,104.6,0,5
0.003151797,-0.061753828,0.916787565,-0.0103544,-0.002792662,-0.017146027,44:14.2,193,200,#DIV/0!,#DIV/0!,#DIV/0!,#DIV/0!,#DIV/0!,#DIV/0!,00:00.0,105.1,0,5
0.059156805,-0.035460208,0.999644458,0.016829103,-0.054105345,-0.267906219,44:14.8,193.6,201,#DIV/0!,#DIV/0!,#DIV/0!,#DIV/0!,#DIV/0!,#DIV/0!,00:00.0,105.7,0,5
0.28317681,0.057056256,0.879745662,-0.192697674,-0.02814357,-0.551958501,44:15.3,194.1,202,#DIV/0!,#DIV/0!,#DIV/0!,#DIV/0!,#DIV/0!,#DIV/0!,00:00.0,106.2,0,5
0.173348829,0.035933301,0.978199124,-0.040286802,0.057072129,-0.39007926,44:15.8,194.6,203,#DIV/0!,#DIV/0!,#DIV/0!,#DIV/0!,#DIV/0!,#DIV/0!,00:00.0,106.7,0,5
-0.048132952,-0.048003953,0.890224576,0.023243189,0.004537721,-0.101750866,44:16.3,195.1,204,#DIV/0!,#DIV/0!,#DIV/0!,#DIV/0!,#DIV/0!,#DIV/0!,00:00.0,107.2,0,5
0.024002146,0.04418825,0.955291629,0.005222663,-0.003098095,-0.036999147,44:16.9,195.7,205,#DIV/0!,#DIV/0!,#DIV/0!,#DIV/0!,#DIV/0!,#DIV/0!,00:00.0,107.8,0,5
-0.11625959,0.039817981,0.981610894,-0.054336701,0.005759451,0.014618965,44:17.4,196.2,206,#DIV/0!,#DIV/0!,#DIV/0!,#DIV/0!,#DIV/0!,#DIV/0!,00:00.0,108.3,0,5
-0.058500048,-0.016162137,0.976005912,-0.026542332,0.024696274,0.038442709,44:17.9,196.7,207,#DIV/0!,#DIV/0!,#DIV/0!,#DIV/0!,#DIV/0!,#DIV/0!,00:00.0,108.8,0,5
-0.010860768,0.023550879,0.932871521,-0.043035693,0.002094259,0.004845122,44:18.4,197.2,208,#DIV/0!,#DIV/0!,#DIV/0!,#DIV/0!,#DIV/0!,#DIV/0!,00:00.0,109.3,0,5
0.193471849,0.030834658,0.959678233,-0.068997465,0.018587621,-0.695511878,44:19.0,197.8,209,#DIV/0!,#DIV/0!,#DIV/0!,#DIV/0!,#DIV/0!,#DIV/0!,00:00.0,109.9,0,5
0.116858929,0.004370267,0.786653459,0.013163909,0.033248387,-0.610907018,44:19.5,198.3,210,#DIV/0!,#DIV/0!,#DIV/0!,#DIV/0!,#DIV/0!,#DIV/0!,00:00.0,110.4,0,5
-0.008886083,0.004127474,0.917274892,0.035765924,0.024390841,0.035082951,44:20.1,198.8,211,#DIV/0!,#DIV/0!,#DIV/0!,#DIV/0!,#DIV/0!,#DIV/0!,00:00.0,110.9,0,5
-0.008392412,-0.012302521,0.900459826,-0.039370503,0.041800499,0.223229453,44:20.6,199.4,212,#DIV/0!,#DIV/0!,#DIV/0!,#DIV/0!,#DIV/0!,#DIV/0!,00:00.0,111.5,0,5
0.009940282,0.077693626,0.954316854,0.016523667,-0.0302816,0.288897455,44:21.1,199.9,213,#DIV/0!,#DIV/0!,#DIV/0!,#DIV/0!,#DIV/0!,#DIV/0!,00:00.0,112,0,5
-0.030113949,-0.044868015,1.033762097,0.014080204,-0.022034917,0.316386402,44:21.6,200.4,214,#DIV/0!,#DIV/0!,#DIV/0!,#DIV/0!,#DIV/0!,#DIV/0!,00:00.0,112.5,0,5
-0.013575961,0.023550879,0.985753715,0.04340174,-0.00829045,0.260186791,44:22.2,201,215,#DIV/0!,#DIV/0!,#DIV/0!,#DIV/0!,#DIV/0!,#DIV/0!,00:00.0,113.1,0,5
-0.029867113,0.086434156,1.015241027,-0.012492433,-0.0153154,0.158783168,44:22.7,201.5,216,#DIV/0!,#DIV/0!,#DIV/0!,#DIV/0!,#DIV/0!,#DIV/0!,00:00.0,113.6,0,5
0.031517968,0.113141336,0.989165485,-0.014019594,-0.000654634,0.094336875,44:23.2,202,217,#DIV/0!,#DIV/0!,#DIV/0!,#DIV/0!,#DIV/0!,#DIV/0!,00:00.0,114.1,0,5
0.002666905,0.076236866,0.888762414,-0.03906507,-0.022951216,0.018895023,44:23.7,202.5,218,#DIV/0!,#DIV/0!,#DIV/0!,#DIV/0!,#DIV/0!,#DIV/0!,00:00.0,114.6,0,5
0.089947432,-0.016162137,0.965283275,0.024770349,-0.016231697,-0.014702566,44:24.3,203.1,219,#DIV/0!,#DIV/0!,#DIV/0!,#DIV/0!,#DIV/0!,#DIV/0!,00:00.0,115.2,0,5
0.002909351,-0.144976765,0.884863257,-0.011270702,-0.026005544,0.006372284,44:24.8,203.6,220,#DIV/0!,#DIV/0!,#DIV/0!,#DIV/0!,#DIV/0!,#DIV/0!,00:00.0,115.7,0,5
0.030790633,-0.073332675,0.962358892,0.010415018,0.00331599,0.010342909,44:25.3,204.1,221,#DIV/0!,#DIV/0!,#DIV/0!,#DIV/0!,#DIV/0!,#DIV/0!,00:00.0,116.2,0,5
0.03976113,0.013839177,0.960896671,-0.000283614,0.002304567,0.005279182,44:25.9,204.7,222,#DIV/0!,#DIV/0!,#DIV/0!,#DIV/0!,#DIV/0!,#DIV/0!,00:00.0,116.8,0,5
0.035881996,0.02840673,0.974299967,-0.000941046,-0.001673989,0.005195589,44:26.4,205.2,223,#DIV/0!,#DIV/0!,#DIV/0!,#DIV/0!,#DIV/0!,#DIV/0!,00:00.0,117.3,0,5
0.040730912,0.019666197,0.963821054,0.000576265,0.001957737,0.004507669,44:26.9,205.7,224,#DIV/0!,#DIV/0!,#DIV/0!,#DIV/0!,#DIV/0!,#DIV/0!,00:00.0,117.8,0,5
0.041215803,0.021608539,0.963089943,0.005652048,-0.000184376,0.005604045,44:27.5,206.3,225,#DIV/0!,#DIV/0!,#DIV/0!,#DIV/0!,#DIV/0!,#DIV/0!,00:00.0,118.4,0,5
0.024002146,0.072594978,0.979905009,0.007659145,-0.001082175,0.007311655,44:28.0,206.8,226,#DIV/0!,#DIV/0!,#DIV/0!,#DIV/0!,#DIV/0!,#DIV/0!,00:00.0,118.9,0,5
0.046064727,0.054385535,0.934577405,0.021126024,-0.007639772,0.058006089,44:28.5,207.3,227,#DIV/0!,#DIV/0!,#DIV/0!,#DIV/0!,#DIV/0!,#DIV/0!,00:00.0,119.4,0,5
0.02497193,0.043702662,0.979173958,0.004632659,-0.021078806,0.186287791,44:29.0,207.8,228,#DIV/0!,#DIV/0!,#DIV/0!,#DIV/0!,#DIV/0!,#DIV/0!,00:00.0,119.9,0,5
-0.120208964,-0.043661885,1.133190274,-0.006362915,-0.114846624,0.233324409,44:29.6,208.4,229,#DIV/0!,#DIV/0!,#DIV/0!,#DIV/0!,#DIV/0!,#DIV/0!,00:00.0,120.5,0,5
0.068854645,0.071138225,1.006955385,-0.018274784,0.011907916,0.206751764,44:30.1,208.9,230,#DIV/0!,#DIV/0!,#DIV/0!,#DIV/0!,#DIV/0!,#DIV/0!,00:00.0,121,0,5
0.083401397,0.025978805,1.04960227,0.039451979,-0.012221261,0.085800454,44:30.7,209.4,231,#DIV/0!,#DIV/0!,#DIV/0!,#DIV/0!,#DIV/0!,#DIV/0!,00:00.0,121.5,0,5
-0.041221555,-0.032083042,0.918737113,-0.027276926,0.039635617,-0.058884338,44:31.2,210,232,#DIV/0!,#DIV/0!,#DIV/0!,#DIV/0!,#DIV/0!,#DIV/0!,00:00.0,122.1,0,5
0.044852495,0.007769363,0.903384209,-0.007118374,-0.033973642,-0.137991384,44:31.7,210.5,233,#DIV/0!,#DIV/0!,#DIV/0!,#DIV/0!,#DIV/0!,#DIV/0!,00:00.0,122.6,0,5
0.137224376,0.00946891,1.044240952,0.046332337,0.017949902,-0.211600646,44:32.2,211,234,#DIV/0!,#DIV/0!,#DIV/0!,#DIV/0!,#DIV/0!,#DIV/0!,00:00.0,123.1,0,5
-0.025670907,-0.000482452,0.892905235,-0.053238697,0.017949902,-0.237562418,44:32.8,211.6,235,#DIV/0!,#DIV/0!,#DIV/0!,#DIV/0!,#DIV/0!,#DIV/0!,00:00.0,123.7,0,5
0.091402106,-0.013749876,0.853426337,-0.008340105,0.005732597,-0.305063039,44:33.3,212.1,236,#DIV/0!,#DIV/0!,#DIV/0!,#DIV/0!,#DIV/0!,#DIV/0!,00:00.0,124.2,0,5
0.054550331,0.027192768,0.967720211,-0.039494231,0.026807446,-0.178003058,44:33.8,212.6,237,#DIV/0!,#DIV/0!,#DIV/0!,#DIV/0!,#DIV/0!,#DIV/0!,00:00.0,124.7,0,5
-0.005430384,-0.015920909,0.915812731,-0.02452803,-0.022061773,-0.024981316,44:34.3,213.1,238,#DIV/0!,#DIV/0!,#DIV/0!,#DIV/0!,#DIV/0!,#DIV/0!,00:00.0,125.2,0,5
0.019880565,-0.04052595,1.061787128,-0.012005292,-0.006484708,0.089861348,44:34.9,213.7,239,#DIV/0!,#DIV/0!,#DIV/0!,#DIV/0!,#DIV/0!,#DIV/0!,00:00.0,125.8,0,5
0.023517253,-0.056205634,1.062274575,0.036863923,0.024974853,0.130789325,44:35.4,214.2,240,#DIV/0!,#DIV/0!,#DIV/0!,#DIV/0!,#DIV/0!,#DIV/0!,00:00.0,126.3,0,5
-0.061215241,0.014810347,0.958947122,-0.010172695,-0.004041247,0.060539819,44:35.9,214.7,241,#DIV/0!,#DIV/0!,#DIV/0!,#DIV/0!,#DIV/0!,#DIV/0!,00:00.0,126.8,0,5
0.061338816,0.021851331,0.876090169,0.150179416,0.009397788,0.004034783,44:36.5,215.3,242,#DIV/0!,#DIV/0!,#DIV/0!,#DIV/0!,#DIV/0!,#DIV/0!,00:00.0,127.4,0,5
0.023032364,0.034719341,1.027182221,-0.025138896,0.01428471,-0.030784536,44:37.0,215.8,243,#DIV/0!,#DIV/0!,#DIV/0!,#DIV/0!,#DIV/0!,#DIV/0!,00:00.0,127.9,0,5
-0.010613933,-0.070920415,1.014997482,-0.018419378,-0.01137163,0.535793006,44:37.5,216.3,244,#DIV/0!,#DIV/0!,#DIV/0!,#DIV/0!,#DIV/0!,#DIV/0!,00:00.0,128.4,0,5
-0.105645664,-0.056205634,0.922148883,0.037474789,-0.02755956,0.433473051,44:38.0,216.8,245,#DIV/0!,#DIV/0!,#DIV/0!,#DIV/0!,#DIV/0!,#DIV/0!,00:00.0,128.9,0,5
0.081946716,0.084734611,1.043266296,0.040834554,0.003594568,0.008005408,44:38.6,217.4,246,#DIV/0!,#DIV/0!,#DIV/0!,#DIV/0!,#DIV/0!,#DIV/0!,00:00.0,129.5,0,5
0.047761846,-0.044385564,0.922636271,0.012734748,-0.008317304,-0.208851755,44:39.1,217.9,247,#DIV/0!,#DIV/0!,#DIV/0!,#DIV/0!,#DIV/0!,#DIV/0!,00:00.0,130,0,5
0.11370714,-0.033047948,0.929216087,0.001739174,0.026502017,-0.218931034,44:39.6,218.4,248,#DIV/0!,#DIV/0!,#DIV/0!,#DIV/0!,#DIV/0!,#DIV/0!,00:00.0,130.5,0,5
0.145467564,-0.040767174,0.944568992,0.07168325,0.009703221,-0.105310097,44:40.2,219,249,#DIV/0!,#DIV/0!,#DIV/0!,#DIV/0!,#DIV/0!,#DIV/0!,00:00.0,131.1,0,5
-0.020981029,-0.03111814,0.903871596,-0.028193224,0.014590142,-0.002379302,44:40.7,219.5,250,#DIV/0!,#DIV/0!,#DIV/0!,#DIV/0!,#DIV/0!,#DIV/0!,00:00.0,131.6,0,5
0.031033078,-0.006995551,0.912400961,0.016094506,-0.091700412,-0.057051741,44:41.2,220,251,#DIV/0!,#DIV/0!,#DIV/0!,#DIV/0!,#DIV/0!,#DIV/0!,00:00.0,132.1,0,5
0.137224376,0.053899955,1.01621592,0.067101754,0.029556341,-0.254055798,44:41.7,220.5,252,#DIV/0!,#DIV/0!,#DIV/0!,#DIV/0!,#DIV/0!,#DIV/0!,00:00.0,132.6,0,5
0.214564636,-0.024846269,0.951148808,0.011818454,0.120575257,-0.979152799,44:42.3,221.1,253,#DIV/0!,#DIV/0!,#DIV/0!,#DIV/0!,#DIV/0!,#DIV/0!,00:00.0,133.2,0,5
0.139648855,0.044916626,1.003543615,-0.049268074,0.009703221,-0.674941897,44:42.8,221.6,254,#DIV/0!,#DIV/0!,#DIV/0!,#DIV/0!,#DIV/0!,#DIV/0!,00:00.0,133.7,0,5
0.04679206,0.03107745,1.027669549,0.00815326,-0.013815091,-0.191442087,44:43.3,222.1,255,#DIV/0!,#DIV/0!,#DIV/0!,#DIV/0!,#DIV/0!,#DIV/0!,00:00.0,134.2,0,5
0.159044519,0.007283777,0.957728624,0.003266335,-0.021450907,-0.074766837,44:43.8,222.6,256,#DIV/0!,#DIV/0!,#DIV/0!,#DIV/0!,#DIV/0!,#DIV/0!,00:00.0,134.7,0,5
0.053095657,-0.024363814,0.947980762,-0.056903891,0.046966001,-0.093398221,44:44.4,223.2,257,#DIV/0!,#DIV/0!,#DIV/0!,#DIV/0!,#DIV/0!,#DIV/0!,00:00.0,135.3,0,5
0.006303594,-0.013991102,0.953098357,-0.035523605,0.00023481,-0.031089969,44:44.9,223.7,258,#DIV/0!,#DIV/0!,#DIV/0!,#DIV/0!,#DIV/0!,#DIV/0!,00:00.0,135.8,0,5
0.062066156,-0.040284727,0.979905009,-0.01265052,-0.0009652,0.02307063,44:45.4,224.2,259,#DIV/0!,#DIV/0!,#DIV/0!,#DIV/0!,#DIV/0!,#DIV/0!,00:00.0,136.3,0,5
0.00945539,-0.030876914,0.874384344,0.042938218,-0.035173655,0.03620423,44:46.0,224.8,260,#DIV/0!,#DIV/0!,#DIV/0!,#DIV/0!,#DIV/0!,#DIV/0!,00:00.0,136.9,0,5
-0.036531676,0.008254947,1.019140244,0.065845661,0.00147826,-0.00228028,44:46.5,225.3,261,#DIV/0!,#DIV/0!,#DIV/0!,#DIV/0!,#DIV/0!,#DIV/0!,00:00.0,137.4,0,5
0.038548902,0.109499447,1.013291478,0.009035192,-0.009211882,-0.020300806,44:47.0,225.8,262,#DIV/0!,#DIV/0!,#DIV/0!,#DIV/0!,#DIV/0!,#DIV/0!,00:00.0,137.9,0,5
0.001939567,-0.046315372,1.019140244,0.015449278,0.008808644,-0.078333005,44:47.6,226.3,263,#DIV/0!,#DIV/0!,#DIV/0!,#DIV/0!,#DIV/0!,#DIV/0!,00:00.0,138.4,0,5
-0.218943223,-0.013026198,0.764233291,0.23597163,-0.208659381,-0.134838045,44:48.1,226.9,264,#DIV/0!,#DIV/0!,#DIV/0!,#DIV/0!,#DIV/0!,#DIV/0!,00:00.0,139,0,5
-0.017525332,-0.01881562,0.936770737,-0.004098408,0.00025653,-0.1925648,44:48.6,227.4,265,#DIV/0!,#DIV/0!,#DIV/0!,#DIV/0!,#DIV/0!,#DIV/0!,00:00.0,139.5,0,5
-0.039000034,-0.011578843,0.974299967,0.007508032,-0.045863796,-0.230133012,44:49.1,227.9,266,#DIV/0!,#DIV/0!,#DIV/0!,#DIV/0!,#DIV/0!,#DIV/0!,00:00.0,140,0,5
0.014061864,-0.006995551,0.926779091,-0.028227583,0.006670615,-0.141862988,44:49.7,228.4,267,#DIV/0!,#DIV/0!,#DIV/0!,#DIV/0!,#DIV/0!,#DIV/0!,00:00.0,140.5,0,5
0.028851066,-0.000723678,0.961871505,0.055460952,0.003005424,0.000774045,44:50.2,229,268,#DIV/0!,#DIV/0!,#DIV/0!,#DIV/0!,#DIV/0!,#DIV/0!,00:00.0,141.1,0,5
-0.053069666,-0.040284727,0.963333607,0.050268598,0.014611863,-0.048400607,44:50.7,229.5,269,#DIV/0!,#DIV/0!,#DIV/0!,#DIV/0!,#DIV/0!,#DIV/0!,00:00.0,141.6,0,5
0.030305739,-0.006995551,0.813703775,0.000177652,-0.002186931,-0.016635614,44:51.3,230.1,270,#DIV/0!,#DIV/0!,#DIV/0!,#DIV/0!,#DIV/0!,#DIV/0!,00:00.0,142.2,0,5
0.026669051,-0.080569454,1.141719699,-0.154065818,0.055539835,-0.042291954,44:51.8,230.6,271,#DIV/0!,#DIV/0!,#DIV/0!,#DIV/0!,#DIV/0!,#DIV/0!,00:00.0,142.7,0,5
0.050186306,-0.009649036,1.034249425,0.000788517,0.009419508,-0.065810263,44:52.3,231.1,272,#DIV/0!,#DIV/0!,#DIV/0!,#DIV/0!,#DIV/0!,#DIV/0!,00:00.0,143.2,0,5
0.073461115,0.143733203,0.668947875,-0.240197837,0.0280509,-0.106127374,44:52.8,231.6,273,#DIV/0!,#DIV/0!,#DIV/0!,#DIV/0!,#DIV/0!,#DIV/0!,00:00.0,143.7,0,5
0.043640263,-0.03763124,0.969182372,0.078368403,0.009724941,-0.05450926,44:53.4,232.2,274,#DIV/0!,#DIV/0!,#DIV/0!,#DIV/0!,#DIV/0!,#DIV/0!,00:00.0,144.3,0,5
-0.02270888,-0.028464656,0.933358967,0.044018365,0.033285141,0.027187377,44:53.9,232.7,275,#DIV/0!,#DIV/0!,#DIV/0!,#DIV/0!,#DIV/0!,#DIV/0!,00:00.0,144.8,0,5
-0.018512674,-0.091424614,0.937014401,-0.017381895,-0.023430239,0.014718473,44:54.4,233.2,276,#DIV/0!,#DIV/0!,#DIV/0!,#DIV/0!,#DIV/0!,#DIV/0!,00:00.0,145.3,0,5
-0.04862662,0.111441791,1.155366778,-0.035096988,-0.038701873,0.05350842,44:54.9,233.7,277,#DIV/0!,#DIV/0!,#DIV/0!,#DIV/0!,#DIV/0!,#DIV/0!,00:00.0,145.8,0,5
-0.040481046,-0.012302521,0.982829392,0.045537226,0.001920666,0.098712444,44:55.5,234.3,278,#DIV/0!,#DIV/0!,#DIV/0!,#DIV/0!,#DIV/0!,#DIV/0!,00:00.0,146.4,0,5
0.062793493,-0.005548195,0.854157448,-0.025017712,-0.032287788,0.089549467,44:56.0,234.8,279,#DIV/0!,#DIV/0!,#DIV/0!,#DIV/0!,#DIV/0!,#DIV/0!,00:00.0,146.9,0,5
-0.086392477,-0.28657636,0.876090169,-0.063807659,-0.007242313,0.130477428,44:56.6,235.3,280,#DIV/0!,#DIV/0!,#DIV/0!,#DIV/0!,#DIV/0!,#DIV/0!,00:00.0,147.4,0,5
-0.003208863,-0.1145823,0.9491992,0.008885309,0.003142396,0.125590518,44:57.1,235.9,281,#DIV/0!,#DIV/0!,#DIV/0!,#DIV/0!,#DIV/0!,#DIV/0!,00:00.0,148,0,5
0.032487754,0.119939536,0.958703399,0.031181887,-0.011823802,0.123757914,44:57.6,236.4,282,#DIV/0!,#DIV/0!,#DIV/0!,#DIV/0!,#DIV/0!,#DIV/0!,00:00.0,148.5,0,5
0.006303594,-0.020262975,0.948955536,-0.002415702,-0.001744526,0.162853286,44:58.1,236.9,283,#DIV/0!,#DIV/0!,#DIV/0!,#DIV/0!,#DIV/0!,#DIV/0!,00:00.0,149,0,5
0.021820132,0.007769363,0.992577255,0.00537622,-0.013716911,0.12314865,44:58.7,237.4,284,#DIV/0!,#DIV/0!,#DIV/0!,#DIV/0!,#DIV/0!,#DIV/0!,00:00.0,149.5,0,5
-0.022462046,-0.082981706,1.035467982,0.090591922,-0.013716911,0.134144232,44:59.2,238,285,#DIV/0!,#DIV/0!,#DIV/0!,#DIV/0!,#DIV/0!,#DIV/0!,00:00.0,150.1,0,5
0.032002863,-0.059100345,0.964552164,-0.001320727,0.005132182,-0.080722205,44:59.7,238.5,286,#DIV/0!,#DIV/0!,#DIV/0!,#DIV/0!,#DIV/0!,#DIV/0!,00:00.0,150.6,0,5
0.023274807,-0.074538805,0.95261097,0.006235823,-0.000974206,-0.069138758,45:00.2,239,287,#DIV/0!,#DIV/0!,#DIV/0!,#DIV/0!,#DIV/0!,#DIV/0!,00:00.0,151.1,0,5
0.016001431,-0.07429757,0.975031078,0.009273231,0.00262148,0.011702804,45:00.8,239.5,288,#DIV/0!,#DIV/0!,#DIV/0!,#DIV/0!,#DIV/0!,#DIV/0!,00:00.0,151.6,0,5
0.018668335,-0.002171033,0.961627781,0.001942851,-0.001349144,0.071567602,45:01.3,240.1,289,#DIV/0!,#DIV/0!,#DIV/0!,#DIV/0!,#DIV/0!,#DIV/0!,00:00.0,152.2,0,5
0.017213661,-0.085152738,0.923611045,0.007857151,-0.010707614,0.087253407,45:01.8,240.6,290,#DIV/0!,#DIV/0!,#DIV/0!,#DIV/0!,#DIV/0!,#DIV/0!,00:00.0,152.7,0,5
0.042912927,-0.057894215,0.950174034,-0.007619061,0.002335034,-0.038396493,45:02.4,241.2,291,#DIV/0!,#DIV/0!,#DIV/0!,#DIV/0!,#DIV/0!,#DIV/0!,00:00.0,153.3,0,5
0.001939567,-0.029670786,0.983560503,0.000627622,0.017301232,-0.383229911,45:02.9,241.7,292,#DIV/0!,#DIV/0!,#DIV/0!,#DIV/0!,#DIV/0!,#DIV/0!,00:00.0,153.8,0,5
-0.02665825,-0.036907561,0.963821054,0.012234062,0.018828396,-0.314813018,45:03.4,242.2,293,#DIV/0!,#DIV/0!,#DIV/0!,#DIV/0!,#DIV/0!,#DIV/0!,00:00.0,154.3,0,5
-0.000740507,-0.019539297,0.944325268,6.78E-05,-0.001877601,0.055469938,45:03.9,242.7,294,#DIV/0!,#DIV/0!,#DIV/0!,#DIV/0!,#DIV/0!,#DIV/0!,00:00.0,154.8,0,5
0.016728768,0.001456755,1.00866127,0.010877445,-0.012957118,0.091174185,45:04.5,243.3,295,#DIV/0!,#DIV/0!,#DIV/0!,#DIV/0!,#DIV/0!,#DIV/0!,00:00.0,155.4,0,5
0.024002146,-0.010855165,0.953585804,-0.009643018,0.001626674,0.043267012,45:05.0,243.8,296,#DIV/0!,#DIV/0!,#DIV/0!,#DIV/0!,#DIV/0!,#DIV/0!,00:00.0,155.9,0,5
0.00533381,0.000242793,0.961384058,0.000921376,0.000992044,0.010232892,45:05.5,244.3,297,#DIV/0!,#DIV/0!,#DIV/0!,#DIV/0!,#DIV/0!,#DIV/0!,00:00.0,156.4,0,5
0.00533381,-0.023881365,0.962602496,0.00267227,-0.001372757,-0.000431914,45:06.1,244.8,298,#DIV/0!,#DIV/0!,#DIV/0!,#DIV/0!,#DIV/0!,#DIV/0!,00:00.0,156.9,0,5
0.006061148,-0.03111814,0.962602496,0.003458865,0.000739764,0.001109214,45:06.6,245.4,299,#DIV/0!,#DIV/0!,#DIV/0!,#DIV/0!,#DIV/0!,#DIV/0!,00:00.0,157.5,0,5
0.007030932,-0.029670786,0.962602496,0.003643878,-0.001071547,-0.000709366,45:07.1,245.9,300,#DIV/0!,#DIV/0!,#DIV/0!,#DIV/0!,#DIV/0!,#DIV/0!,00:00.0,158,0,5
0.007273377,-0.03063569,0.96284622,0.002331316,-0.000470562,-0.002502657,45:07.7,246.4,301,#DIV/0!,#DIV/0!,#DIV/0!,#DIV/0!,#DIV/0!,#DIV/0!,00:00.0,158.5,0,5
0.007515823,-0.026052397,0.96284622,0.003439665,0.00071099,-0.002744775,45:08.2,247,302,#DIV/0!,#DIV/0!,#DIV/0!,#DIV/0!,#DIV/0!,#DIV/0!,00:00.0,159.1,0,5
0.00775827,-0.027258525,0.962358892,0.004230969,0.001613425,-0.000917104,45:08.7,247.5,303,#DIV/0!,#DIV/0!,#DIV/0!,#DIV/0!,#DIV/0!,#DIV/0!,00:00.0,159.6,0,5
0.008000716,-0.029429559,0.963333607,0.002002992,-0.000232054,-0.001532557,45:09.2,248,304,#DIV/0!,#DIV/0!,#DIV/0!,#DIV/0!,#DIV/0!,#DIV/0!,00:00.0,160.1,0,5
0.007273377,-0.030394463,0.963821054,0.002867416,-0.000850153,-0.001471383,45:09.8,248.5,305,#DIV/0!,#DIV/0!,#DIV/0!,#DIV/0!,#DIV/0!,#DIV/0!,00:00.0,160.6,0,5
0.008000716,-0.028223429,0.963333607,0.002537154,0.000339004,-0.000546677,45:10.3,249.1,306,#DIV/0!,#DIV/0!,#DIV/0!,#DIV/0!,#DIV/0!,#DIV/0!,00:00.0,161.2,0,5
0.007030932,-0.032083042,0.963333607,0.004269525,0.002094171,0.000657601,45:10.8,249.6,307,#DIV/0!,#DIV/0!,#DIV/0!,#DIV/0!,#DIV/0!,#DIV/0!,00:00.0,161.7,0,5
0.007030932,-0.035701431,0.963089943,0.000899635,0.000568297,-0.000255123,45:11.3,250.1,308,#DIV/0!,#DIV/0!,#DIV/0!,#DIV/0!,#DIV/0!,#DIV/0!,00:00.0,162.2,0,5
0.005818702,-0.029188333,0.963821054,0.004728116,-0.000952142,-0.000872453,45:11.9,250.7,309,#DIV/0!,#DIV/0!,#DIV/0!,#DIV/0!,#DIV/0!,#DIV/0!,00:00.0,162.8,0,5
0.005091364,-0.033771627,0.960652947,0.003414743,0.000886436,0.003020141,45:12.4,251.2,310,#DIV/0!,#DIV/0!,#DIV/0!,#DIV/0!,#DIV/0!,#DIV/0!,00:00.0,163.3,0,5
0.006303594,-0.024846269,0.961627781,0.004552595,-0.002360602,-0.004461831,45:12.9,251.7,311,#DIV/0!,#DIV/0!,#DIV/0!,#DIV/0!,#DIV/0!,#DIV/0!,00:00.0,163.8,0,5
-0.001974685,-0.019539297,0.9669891,0.003340974,-0.001146336,-0.002587024,45:13.5,252.3,312,#DIV/0!,#DIV/0!,#DIV/0!,#DIV/0!,#DIV/0!,#DIV/0!,00:00.0,164.4,0,5
0.007515823,-0.032806721,0.961140394,0.002359003,0.000648245,0.001057371,45:14.0,252.8,313,#DIV/0!,#DIV/0!,#DIV/0!,#DIV/0!,#DIV/0!,#DIV/0!,00:00.0,164.9,0,5
0.006303594,-0.029912012,0.962358892,-0.001378737,0.00211804,-0.00075948,45:14.5,253.3,314,#DIV/0!,#DIV/0!,#DIV/0!,#DIV/0!,#DIV/0!,#DIV/0!,00:00.0,165.4,0,5
0.004606472,-0.031841818,0.961871505,0.004317388,0.001477128,-0.001650205,45:15.0,253.8,315,#DIV/0!,#DIV/0!,#DIV/0!,#DIV/0!,#DIV/0!,#DIV/0!,00:00.0,165.9,0,5
0.006303594,-0.03111814,0.961140394,-0.000295676,0.000521949,-0.001060215,45:15.6,254.4,316,#DIV/0!,#DIV/0!,#DIV/0!,#DIV/0!,#DIV/0!,#DIV/0!,00:00.0,166.5,0,5
0.006303594,-0.030394463,0.961871505,9.42E-06,-0.000396346,-0.00017445,45:16.1,254.9,317,#DIV/0!,#DIV/0!,#DIV/0!,#DIV/0!,#DIV/0!,#DIV/0!,00:00.0,167,0,5
0.006061148,-0.029670786,0.961871505,0.002075881,0.000187181,0.001638209,45:16.6,255.4,318,#DIV/0!,#DIV/0!,#DIV/0!,#DIV/0!,#DIV/0!,#DIV/0!,00:00.0,167.5,0,5
0.006788486,-0.030876914,0.962602496,0.000250317,0.0007664,0.002224579,45:17.2,256,319,#DIV/0!,#DIV/0!,#DIV/0!,#DIV/0!,#DIV/0!,#DIV/0!,00:00.0,168.1,0,5