acc_x,acc_y,acc_z,gyro_x,gyro_y,gyro_z,datetime,elapsed,Row #,acc_x,acc_y,acc_z,gyro_x,gyro_y,gyro_z,datetime,IGNORE,Elapsed,Label
-0.07084183395,0.8053429723,0.6306874752,-0.04852905869,0.006879276596,0.001562269521,2022-06-30 12:06:19,31.7,1,-0.07022474334,0.76746732,0.6332462728,-0.04975079,0.006421127357,0.002784000069,06:19.3,0,0.5,
-0.06960765272,0.7295916677,0.6358050704,-0.05097252131,0.005962978117,0.004005730618,2022-06-30 12:06:19,32.2,2,-0.07207600772,0.7311698198,0.6404353082,-0.04730732739,0.004588531679,0.003547581495,06:20.4,0.5,1.6,
-0.06936081499,0.7334763408,0.6436033845,-0.04761275649,0.005962978117,0.003700297792,2022-06-30 12:06:20,32.8,3,-0.07207601145,0.7326265872,0.6379983425,-0.04730732739,0.003366801422,0.003853014088,06:21.5,1.1,2.7,
-0.07479120046,0.7288632989,0.6372672319,-0.04700189829,0.003214085242,0.003394865198,2022-06-30 12:06:20,33.3,4,-0.07219942659,0.7315340042,0.6401916146,-0.04547473788,0.004283099086,0.003547581495,06:22.6,1.6,3.8,
-0.0715823397,0.7337191701,0.6360487938,-0.0494453609,0.003824950429,0.004311162978,2022-06-30 12:06:21,33.8,5,-0.06911398098,0.7292275131,0.6389731467,-0.0502089411,0.004893964506,0.004311163095,06:23.7,2.1,4.9,
-0.07256968319,0.7315340042,0.6399478912,-0.04516929388,0.002908652415,0.003394865198,2022-06-30 12:06:22,34.4,6,-0.07627221569,0.7261925936,0.6389731467,-0.04562745243,0.002908652299,0.003700297908,06:24.8,2.7,6,
-0.0715823397,0.7308056355,0.6465277672,-0.04669646919,0.003824950429,0.003394865198,2022-06-30 12:06:22,34.9,7,-0.07133550197,0.7300772667,0.6408008635,-0.04700189084,0.004893964622,0.004158446798,06:25.9,3.2,7.1,
-0.07281651348,0.732262373,0.6338554621,-0.04425300658,0.004741247743,0.003700297792,2022-06-30 12:06:23,35.5,8,-0.07466778532,0.7445234358,0.6431159675,-0.04233214259,-0.0004652823554,-0.0001102050301,06:27.0,3.8,8.2,
-0.07010132819,0.7293488979,0.6387294531,-0.04822362959,0.003214085242,0.005838326178,2022-06-30 12:06:23,36,9,-0.07602537796,0.7547207177,0.6327588856,-0.03369177133,-0.03422976285,-0.03660199791,06:28.1,4.3,9.3,1
-0.06812663376,0.7291061282,0.6392168403,-0.05219425261,0.00657384377,0.002784000011,2022-06-30 12:06:24,36.6,10,-0.03134812741,0.762368679,0.5602590442,-0.03842597455,-0.2159621716,-0.1874857172,06:29.2,4.9,10.4,5
-0.08046842366,0.7235218883,0.6370235682,-0.04700189829,0.004741247743,0.003394865198,2022-06-30 12:06:24,37.1,11,-0.1318102367,0.7140529752,0.5962043703,-0.06331873685,-0.05301386793,-0.01567986421,06:30.3,5.4,11.5,5
-0.07207600772,0.7288632989,0.6409227252,-0.04425300658,0.001076056855,0.004005730618,2022-06-30 12:06:25,37.7,12,-0.155383043,0.7522927821,0.7340149283,-0.02620866895,0.06350867637,0.0553332204,06:31.4,6,12.6,5
-0.07133550197,0.7295916677,0.6428722739,-0.04516929388,0.004435815848,0.004005730618,2022-06-30 12:06:25,38.3,13,0.02720728517,0.6046749353,0.5681792051,-0.1511306092,0.1213881578,0.1245137136,06:32.5,6.6,13.7,5
-0.07133550197,0.7305628657,0.6387294531,-0.0488344878,0.005352113396,0.004311162978,2022-06-30 12:06:26,38.8,14,-0.069607649,0.7765720487,0.6203303039,-0.02437607199,0.1968300194,0.210951142,06:33.6,7.1,14.8,5
-0.07084183395,0.7278921604,0.641166389,-0.04516929388,0.0007706240285,0.004005730618,2022-06-30 12:06:26,39.3,15,-0.2586837634,0.6273759902,0.3550663227,-0.3084284216,0.1117670313,0.2543225735,06:34.7,7.6,15.9,5
-0.07849373668,0.7611547112,0.645065546,-0.0394949913,-0.001701188739,-0.004226140678,2022-06-30 12:06:27,39.9,16,-0.0635601785,0.7076189518,0.6799142063,-0.03521893173,0.06473040581,0.1258881576,06:35.8,8.2,17,5
-0.07182916999,0.7512001991,0.6321496367,-0.02758312225,-0.01941628009,-0.01919233799,2022-06-30 12:06:28,40.4,17,0.01491734013,0.7195158005,0.6584689021,-0.03720425069,-0.1396040171,-0.1428925544,06:36.9,8.7,18.1,5
-0.08022158593,0.7582412362,0.6333681345,-0.0398004204,-0.04904324561,-0.05401165783,2022-06-30 12:06:28,41,18,0.01406186237,0.7339619696,0.607170701,-0.03644066304,-0.203897588,-0.2103931606,06:38.0,9.3,19.2,3
-0.007158233784,0.7410029173,0.5665951371,-0.02452878654,-0.2387169003,-0.1496120691,2022-06-30 12:06:29,41.5,19,0.03048942983,0.7234004438,0.6578596234,-0.08347728848,-0.1162384227,-0.1308279596,06:39.1,9.8,20.3,5
-0.05553802103,0.7837344408,0.5539229512,-0.05232316256,-0.1932074428,-0.2253593653,2022-06-30 12:06:29,42.1,20,0.1352848262,0.7853125632,0.7042838931,-0.0634714514,-0.1182237305,-0.2058116794,06:40.2,10.4,21.4,5
-0.09750007838,0.7082259655,0.6214269996,-0.06118071079,-0.1003559232,-0.06378550082,2022-06-30 12:06:30,42.6,21,-0.1447691061,0.7145385444,0.7052586973,-0.2116062567,-0.1631223261,-0.1531245485,06:41.3,10.9,22.5,5
-0.1661203951,0.7198799849,0.570981741,-0.06545676291,-0.005671812687,0.0324257724,2022-06-30 12:06:30,43.2,22,0.02010477148,0.7195158005,0.662977308,-0.03430262953,-0.07897564396,-0.05370622652,06:42.4,11.5,23.6,5
-0.08120892942,0.8072853088,0.7749559879,-0.02758312225,0.04319740459,0.02814971842,2022-06-30 12:06:31,43.7,23,0.01200107345,0.8208816946,1.080064446,0.04908047616,0.009752534097,0.07197929919,06:43.5,12,24.7,5
-0.2295571566,0.6973002553,0.6930738688,-0.02483421564,0.08381994814,0.08251672238,2022-06-30 12:06:31,44.3,24,0.02085034875,0.7996373475,0.7123259008,0.03640501946,0.01158512942,0.00218794588,06:44.6,12.6,25.8,5
-0.1303292215,0.7028845549,0.7240233421,-0.05507205427,0.03403442726,0.06052557752,2022-06-30 12:06:32,44.9,25,0.09411611781,0.636844933,0.4661920816,0.186219722,0.01998452749,0.02204106562,06:45.7,13.2,26.9,5
0.1847437918,0.5064653158,0.412335068,-0.2471891642,0.2087418884,0.1885018498,2022-06-30 12:06:33,45.4,26,-0.1290950365,0.5585443228,1.31389153,-0.03735695779,-0.008726139786,0.09565032832,06:46.8,13.7,28,5
-0.06368359178,0.6727781892,0.5414943695,-0.05690464377,0.2035495341,0.2214885652,2022-06-30 12:06:33,46,27,-0.2317786813,0.5935064554,0.632637009,-0.09569458663,0.03357627802,0.03150947765,06:47.9,14.3,29.1,5
-0.07553170621,0.8803659081,0.6991662383,0.008152499795,0.1901105046,0.2004137188,2022-06-30 12:06:34,46.5,28,-0.04044998437,0.7865265608,0.5594061017,-0.1367752701,0.02288613748,0.01135092275,06:49.0,14.8,30.2,5
-0.1014494449,0.7766934037,0.6843007803,-0.03308090568,0.1595672369,0.1399380565,2022-06-30 12:06:34,47,29,-0.03660107777,0.7040984631,0.6193555444,-0.006813693792,0.02426058426,0.0104346252,06:50.1,15.3,31.3,5
-0.415918082,0.4780585766,0.02583186515,-0.5837759376,0.0639668256,0.3687070906,2022-06-30 12:06:35,47.6,30,0.01578565687,0.7828846574,0.6791831255,-0.02620866895,-0.02079072874,-0.04087805375,06:51.2,15.9,32.4,5
-0.04171522334,0.6892881393,0.6867377162,-0.01200605929,0.07190807164,0.1799497306,2022-06-30 12:06:35,48.1,31,-0.02565082163,0.5643713474,0.6022967398,-0.1059265882,-0.000937609002,0.00356239127,06:52.3,16.4,33.5,5
-0.08540513366,0.7259497643,0.6730906963,-0.05843180418,0.05755273998,0.07182658464,2022-06-30 12:06:36,48.7,32,-0.02924243081,0.6793336272,0.6008345783,0.05931246281,-0.01422392577,0.03089861246,06:53.4,17,34.6,5
-0.06738612801,0.6994854212,0.6496958137,-0.0391895622,-0.07928107679,-0.09921568632,2022-06-30 12:06:36,49.2,33,-0.01010608021,0.7236432433,0.7253637016,-0.04636722803,-0.103562966,-0.07859898359,06:54.5,17.5,35.7,3
0.09722080827,0.7395461798,0.6672419906,-0.03521893919,-0.1999269575,-0.1865694225,2022-06-30 12:06:37,49.8,34,-0.08059183508,0.6868602037,0.5904774666,-0.0633187294,0.004254747182,0.0122672217,06:55.6,18.1,36.8,5
0.02254746854,0.7640682459,0.6128975749,-0.03369176388,-0.2133660018,-0.2375766635,2022-06-30 12:06:37,50.3,35,-0.07651904784,0.7247358263,0.7002629042,-0.08485174179,0.03204911482,0.02509539202,06:56.8,18.6,37.9,5
0.005576256197,0.7038556933,0.6014438272,-0.0391895622,-0.1944291741,-0.1832096577,2022-06-30 12:06:38,50.9,36,-0.2127723247,0.6989998221,0.6894184053,-0.08454629779,0.2673849463,0.2529481277,06:57.8,19.2,39,5
-0.02024052292,0.7145385146,0.6182588935,-0.03369176388,-0.1040211171,-0.1022700146,2022-06-30 12:06:39,51.4,37,-0.149335565,0.5585443079,0.6574940979,-0.1485344321,0.6792608202,0.5822044909,06:58.9,19.7,40.1,5
0.08121938258,0.732262373,0.6974603534,-0.1332628131,-0.1284557283,-0.1593859047,2022-06-30 12:06:39,52,38,0.03243828006,0.6940225959,0.6133849621,-0.05705736578,0.144295603,0.1008426845,07:00.0,20.3,41.2,5
0.2463250607,0.7958740592,0.830275178,-0.1308193505,-0.046599783,-0.3307336271,2022-06-30 12:06:40,52.5,39,-0.05331650004,0.6964504719,0.6496958137,-0.06881652027,0.04350283928,0.002493376844,07:01.1,20.8,42.3,5
0.02424459159,0.7747510672,0.5782926083,0.003876447678,-0.1898476779,-0.08088973165,2022-06-30 12:06:40,53.1,40,-0.01845240127,0.6503199339,0.8730439544,-0.07553604245,0.01250142814,0.05487507302,07:02.3,21.4,43.4,5
-0.08688614517,0.7380894423,0.6560319662,-0.07095454633,-0.1855716258,-0.1829042286,2022-06-30 12:06:41,53.6,41,-0.04998422042,0.7305628359,0.7048931122,-0.06515133381,-0.006282678805,-0.002546261065,07:03.4,21.9,44.6,5
-0.2026520669,0.6909876466,0.7544854283,-0.352257967,-0.1406730264,-0.1233448684,2022-06-30 12:06:41,54.2,42,-0.1534083523,0.6078311801,0.6390949935,0.01533016935,0.03785233572,0.0142525332,07:04.5,22.5,45.6,5
-0.04294940457,0.68904531,0.585116148,-0.008951723576,-0.08264083415,-0.1080732346,2022-06-30 12:06:42,54.7,43,-0.05109497719,0.7218223214,0.6339773536,-0.09416743368,0.01570847048,0.008907462354,07:05.6,23,46.8,5
0.08315894753,0.7499862909,0.7408384681,-0.05965353549,-0.07531045377,0.0006607815158,2022-06-30 12:06:42,55.3,44,-0.04368990846,0.7083473504,0.5938892066,-0.08286642283,0.008836236317,-0.008044048212,07:06.7,23.6,47.9,5
0.01600143127,0.9510185122,1.52700448,0.2094326019,0.01418130659,0.1231392622,2022-06-30 12:06:43,55.8,45,-0.01715507684,0.59387061,0.6461621821,-0.1124933809,0.02105354075,-0.02133036777,07:07.8,24.1,49,3
0.008000715636,0.6907448769,0.6331244111,-0.1112716496,0.005323761608,0.02081933618,2022-06-30 12:06:43,56.4,46,0.01280235685,0.6676795781,0.6649268568,-0.09172397107,0.0173883494,-0.01735974289,07:08.9,24.7,50.1,5
0.0286086183,0.7286205292,0.5166373253,-0.07370343804,-0.02552493289,-0.01858147234,2022-06-30 12:06:44,56.9,47,-0.02885292936,0.635873735,0.6411664188,-0.01811470091,0.00822537113,0.016543278,07:10.0,25.2,51.2,5
0.0130920792,0.8706541657,0.9080144763,0.146513477,0.04869519174,0.0229573641,2022-06-30 12:06:45,57.5,48,-0.02406647662,0.7002137601,0.5258978009,0.00448731333,0.005934627727,0.05808211677,07:11.1,25.8,52.3,5
0.2102006078,0.6285899878,0.2831757367,0.560069263,-0.0298009906,0.01837587357,2022-06-30 12:06:45,58,49,-0.257572988,0.6037037373,0.8774305284,-0.8352996856,0.02563503105,-0.002851693542,07:12.2,26.3,53.4,5
-0.02196837217,0.6450998783,0.6492084265,-0.1876298189,0.06977004558,0.02570625767,2022-06-30 12:06:46,58.6,50,0.005131882615,0.7005779743,0.637023598,-0.03506621718,-0.01330762892,0.008754746057,07:13.3,26.9,54.5,5
-0.1414368153,0.3743861616,1.799213767,-0.004064798355,-0.02521950193,0.1396326274,2022-06-30 12:06:46,59.1,51,0.01600143034,0.6913518608,0.5129818767,0.02739475667,0.006850924343,0.01929217298,07:14.4,27.4,55.6,5
-0.1167532578,0.7427024841,0.828569293,-0.07064911723,0.007767222356,0.05166802928,2022-06-30 12:06:47,59.7,52,-0.02464743797,0.4525653645,0.5673262477,0.1940082535,0.06809016503,0.04250505148,07:15.5,28,56.7,5
-0.2947217822,0.5266171098,0.3745620549,-0.1543376446,0.05022235587,0.01868130639,2022-06-30 12:06:47,60.2,53,-0.09281020053,0.7934461832,0.7497333288,0.09856055677,0.0001314096153,0.01654327847,07:16.6,28.5,57.8,5
-0.1688355803,0.6603958011,0.8907119632,-0.03705152869,0.01693020016,0.0443376489,2022-06-30 12:06:48,60.8,54,-0.07133550197,0.5525958836,0.5760993659,0.241350323,-0.07378328778,-0.0242319773,07:17.7,29.1,58.9,3
0.06473305821,0.8021866679,0.5302843451,-0.1839646101,0.02945293859,0.03425836936,2022-06-30 12:06:48,61.3,55,-0.05689561833,0.7226721048,0.5723220408,0.06313037127,0.0204426758,0.02769156825,07:18.8,29.6,60,5
-0.145633027,0.7708664536,0.5885278583,-0.08958593011,0.01631933637,-0.01155652385,2022-06-30 12:06:49,61.9,56,-0.03844777495,0.7498648465,0.5222423375,-0.05201773345,0.01937366184,0.02845515031,07:19.9,30.2,61.1,5
-0.1626646966,0.7414885163,0.3899149597,-0.116769433,-0.05148670822,0.01074005757,2022-06-30 12:06:50,62.4,57,-0.1911742128,0.3651600331,-0.1432700157,-1.47121048,0.8912310749,0.4146746993,07:21.0,30.7,62.2,5
0.08946254104,0.6667084098,0.8487961292,0.1031420454,0.1000078768,0.01012919284,2022-06-30 12:06:50,63,58,-0.06605487887,0.6676795781,0.7702038884,-0.1311247796,0.3669559993,0.3749684691,07:22.1,31.3,63.3,5
-0.06516461074,0.768438518,0.70135957,0.02953279018,-0.05148670822,-0.04576497525,2022-06-30 12:06:51,63.6,59,-0.07972791418,0.6828540862,0.6812545359,-0.0752306059,-0.04018569831,-0.09142715484,07:23.2,31.9,64.4,5
0.09673592448,0.7973307967,0.657006681,-0.08195012808,0.009905250743,-0.03599113226,2022-06-30 12:06:51,64.1,60,-0.1594558321,0.6877099574,0.7647207081,0.4759225622,-0.005671813153,-0.05019374937,07:24.3,32.4,65.5,5
-0.1172469333,0.6679223776,0.680645287,-0.1244052649,-0.05637362972,0.01501611434,2022-06-30 12:06:52,64.7,61,-0.08404753916,0.7161166966,0.7181746066,-0.04590907693,-0.01361306128,-0.0005609476939,07:25.4,33,66.6,3
0.06594529003,0.4608203173,0.5239481926,-0.0874479115,0.05449841172,-0.007891331799,2022-06-30 12:06:52,65.2,62,-0.0736804381,0.7110180557,0.7498551905,-0.0631660223,0.01265414432,-0.002393544652,07:26.5,33.5,67.7,5
-0.08491146564,0.6696219444,0.5924270153,-0.117380321,-0.01666738652,-0.01064022537,2022-06-30 12:06:53,65.8,63,-0.09737666696,0.6781196594,0.6949015558,-0.09325113147,-0.00445008208,-0.001935395412,07:27.6,34.1,68.8,5
0.02642660402,0.68904531,0.6092421412,0.2360052466,-0.01178046502,0.07243745029,2022-06-30 12:06:53,66.3,64,-0.06553486548,0.7138101757,0.6595655382,-0.07691048086,-0.01514022471,-0.0004082331434,07:28.8,34.6,70,5
-0.04591142759,0.76188308,0.6986789107,-0.07400888205,-0.07286699116,-0.07936256379,2022-06-30 12:06:54,66.9,65,-0.1289716288,0.7147813439,0.7028217018,-0.04633484781,0.03338798787,0.01374092884,07:29.9,35.2,71.1,5
0.02569926716,0.6854034066,0.7520484924,-0.01872557402,-0.1342589408,-0.07783540338,2022-06-30 12:06:55,67.4,66,-0.05121839885,0.6684079468,0.7316997945,-0.06328635663,-0.09275568649,-0.06414439064,07:30.9,35.7,72.1,5
-0.06763296574,0.671564281,0.4459652305,-0.09752717614,-0.0450726226,-0.01797060855,2022-06-30 12:06:55,68,67,-0.06812663935,0.7027631104,0.6566411555,-0.01258454472,-0.01410678495,-0.03405927774,07:32.1,36.3,73.2,5
-0.09355070442,0.7021561265,0.7349897027,-0.02911028266,0.05358211696,0.04250505194,2022-06-30 12:06:56,68.5,68,-0.0493671298,0.6821257472,0.6832041144,-0.07336563617,-0.003874791786,-0.03741903696,07:33.2,36.8,74.3,5
-0.1155190766,0.7257069945,0.7542417645,-0.06759479642,0.02028995939,0.03089861199,2022-06-30 12:06:56,69.1,69,-0.07528487034,0.640729636,0.7026998401,-0.02816160023,0.03262440674,0.03405219875,07:34.3,37.4,75.5,5
-0.0375190191,0.723764658,0.6462840438,-0.1021086872,0.04380827025,0.01929217204,2022-06-30 12:06:57,69.6,70,-0.0776298102,0.6855248213,0.7195149362,-0.0919970125,0.03079181165,0.01221376529,07:35.4,37.9,76.5,3
-0.1920381337,0.709682703,0.7113510966,-0.09447285533,0.1299402714,0.1341348439,2022-06-30 12:06:57,70.2,71,-0.1773514152,0.6414580345,0.6784520149,-0.08588837087,0.1702218056,0.218838945,07:36.5,38.5,77.6,5
-0.2335065156,0.6883169413,0.667485714,-0.07461974025,0.4048296213,0.3717614114,2022-06-30 12:06:58,70.7,72,-0.2364685535,0.6219131947,0.6881998777,-0.1135300249,0.256201081,0.3568944782,07:37.6,39,78.8,5
-0.2480698228,0.4273149371,0.6272757053,-0.1094390452,0.7469141483,0.6884950399,2022-06-30 12:06:58,71.3,73,-0.3289085031,0.4194241464,0.63373366,-0.1112392768,0.3586737216,0.2532001287,07:38.7,39.6,79.9,5
-0.0506013073,0.6897736788,0.6877124906,-0.1876298189,0.611607492,0.4759139419,2022-06-30 12:06:59,71.8,74,0.06085392646,0.5727476925,0.693683058,-0.06802055985,0.06744372845,0.008701294661,07:39.8,40.1,80.9,5
0.0977056995,0.6994854212,0.6014438272,-0.0636241734,0.2206537575,0.1936942041,2022-06-30 12:06:59,72.4,75,0.1040093005,0.6169359088,0.7018469274,-0.03640827537,-0.3965084553,-0.4158500582,07:40.9,40.7,82,5
-0.03282913938,0.6885597706,0.625326097,-0.05049055815,0.06793744862,0.007991164923,2022-06-30 12:07:00,72.9,76,-0.1128038857,0.3573984805,0.7694728076,-0.210199438,-0.1978245117,-0.2096830375,07:42.0,41.2,83.2,3
-0.03900003433,0.7135673761,0.7033091187,-0.04621450603,0.04167024419,-0.009723927826,2022-06-30 12:07:01,73.5,77,-0.01524623786,0.5095002204,0.7315779328,-0.002199821174,-0.09886433557,-0.06811501272,07:43.1,41.8,84.3,5
-0.06763296574,0.6793335676,0.5960825086,-0.09141853452,0.04533543438,0.01471068151,2022-06-30 12:07:01,74,78,-0.08503488079,0.6417008042,0.7204897404,-0.09581492841,0.003150158562,0.0003018928692,07:44.2,42.3,85.4,2
-0.05751270428,0.6820043921,0.8098046184,-0.1204346418,0.02120625786,0.01715414412,2022-06-30 12:07:02,74.6,79,-0.1151488293,0.657118082,0.7923803031,0.006239116192,0.03242131229,0.02382668061,07:45.3,42.9,86.5,5
0.02060790174,0.6186354756,0.9362832904,-0.03063744307,0.003796598408,0.09259600192,2022-06-30 12:07:02,75.1,80,0.09543183818,0.6191210747,0.8533045352,1.203229502,0.1956750415,-0.1519498043,07:46.4,43.4,87.6,5
-0.07800006866,0.8172397614,0.7500988841,-0.121350944,-0.02430320345,0.01226722077,2022-06-30 12:07:03,75.7,81,-0.046651938,0.5927780867,0.7928676903,-0.02644217759,0.003252496943,0.003362695221,07:47.5,44,88.7,5
-0.02196837217,0.6438859105,0.6596873403,-0.008951723576,0.01173784584,-0.01735974289,2022-06-30 12:07:03,76.3,82,-0.09663615376,0.7491364777,0.7143973112,-0.04568443447,0.02371648327,-0.008701893035,07:48.6,44.6,89.8,5
-0.1853735596,0.6429147124,0.7983508706,0.1107778624,0.02456601709,0.01532154717,2022-06-30 12:07:04,76.8,83,-0.06985449046,0.5351148397,0.7531451285,-0.1111997366,-0.01430987939,0.03802929819,07:49.7,45.1,90.8,5
-0.121443145,0.5727476478,0.4798391163,-0.08011752367,0.05113865435,0.01318351924,2022-06-30 12:07:04,77.3,84,-0.2165982798,0.2500411309,0.9626025558,-0.3734136224,-0.226890998,-0.237929075,07:50.8,45.6,91.9,5
-0.0814557597,0.6735066175,0.6265445948,-0.003148511052,0.03433986008,0.01562697999,2022-06-30 12:07:05,77.9,85,-0.1079905964,0.734326154,0.6520109475,-0.04751703143,0.0877046166,0.01909247646,07:51.9,46.2,93.1,5
-0.02073419467,0.7701380253,0.6414101124,-0.1851863563,-0.002922919113,0.002187944716,2022-06-30 12:07:06,78.5,86,-0.1021899618,0.6026111841,0.6821074784,0.07965990901,0.09844699502,0.04260306433,07:53.0,46.8,94.2,5
-0.05751270428,0.6688935757,0.624595046,-0.09783262014,-0.007504408248,-0.006669601426,2022-06-30 12:07:06,79,87,-0.1074969247,0.7323838174,0.6762587428,-0.04163259268,-0.04917744547,-0.078814134,07:54.1,47.3,95.3,3
-0.02986711264,0.747801125,0.5631833673,-0.06790022552,0.02517688088,-0.009418494999,2022-06-30 12:07:07,79.6,88,0.0811358057,0.2994572483,1.778134018,-0.08928008378,-0.0293243241,0.2302836962,07:55.2,47.9,96.4,5
-0.009379754774,0.6077097654,0.7167124152,-0.1073010266,0.03800505027,-0.03843459487,2022-06-30 12:07:07,80.1,89,-0.1139146574,0.7014277875,0.648355484,-0.04957383871,-0.00336255203,0.01693899697,07:56.3,48.4,97.5,5
-0.02493039891,0.5800314546,0.575611949,-0.1176857352,0.004102031235,-0.004226140678,2022-06-30 12:07:08,80.7,90,-0.07505069859,0.5998190343,0.8523296714,-0.07141227275,-0.02382653765,0.03205791302,07:57.4,49,98.6,5
0.05818701908,0.6174215078,0.7435191274,-0.1045521498,0.02517688088,-0.02713358589,2022-06-30 12:07:08,81.2,91,-0.1213197224,0.7403959632,0.6350739896,-0.109285906,-0.04612311814,-0.03101392416,07:58.5,49.5,99.7,5
-0.03258230537,0.7179376483,0.5863345861,-0.07889579237,0.009599817917,-0.007585899904,2022-06-30 12:07:09,81.8,92,-0.05800637417,0.7328693867,0.6818637848,-0.04071629047,-0.04902472813,0.00960861519,07:59.6,50.1,100.8,5
0.01066762023,0.7104110718,0.7544854283,-0.04926882684,0.03495072573,0.006158568896,2022-06-30 12:07:09,82.3,93,-0.1123102121,0.6993640065,0.6602966487,-0.05598793179,0.03573282342,-0.002608686686,08:00.7,50.6,101.9,5
-0.06837347895,0.5613363981,0.5278474092,0.01303942502,-0.01849998347,0.02692798711,2022-06-30 12:07:10,82.9,94,-0.2209179029,0.6526264548,0.6953889728,-0.06469274312,0.5581753254,0.4891378134,08:01.8,51.2,103,5
-0.009626590647,0.7295916677,0.4890995622,0.03472514451,0.05327668414,0.08007326722,2022-06-30 12:07:11,83.4,95,-0.04014270473,0.544947952,0.5895026624,0.05610585213,0.1501173526,0.0412208885,08:02.9,51.7,104.1,5
-0.03850636259,0.6708358526,0.5626960397,-0.02575051785,-0.04140742868,0.03609096631,2022-06-30 12:07:11,84,96,-0.1170000955,0.7604263425,0.7146410048,-0.006355121732,-0.09667221643,-0.2075539827,08:04.0,52.3,105.2,5
-0.01184811071,0.6701074839,0.6294689775,-0.002537637949,0.01418130659,0.00340967509,2022-06-30 12:07:12,84.5,97,-0.1435349323,0.7149027288,0.6646831334,-0.07232856005,-0.04398509115,-0.01054993831,08:05.1,52.8,106.3,5
-0.5032978654,0.5372999907,1.125392079,-1.668061733,0.03708875552,-0.009113062173,2022-06-30 12:07:12,85.1,98,-0.09453805257,0.6611241698,0.6728469729,-0.08362957835,0.00854931958,0.007012438029,08:06.2,53.4,107.4,5
0.03297264501,0.6603958011,0.6267883182,-0.0135332197,-0.02247060835,0.02204106562,2022-06-30 12:07:13,85.6,99,-0.05775954481,0.6820043325,0.682351172,-0.05690421909,0.01114549767,0.003805395449,08:07.3,53.9,108.5,5
-0.02270887978,0.7407601476,0.6472588778,-0.05659921467,-0.004144649487,-0.004531573504,2022-06-30 12:07:13,86.2,100,-0.07146331265,0.7175734639,0.7493678033,-0.03430220485,-0.1446251348,-0.08339562453,08:08.4,54.5,109.6,5
0.01575898379,0.6356309652,0.570981741,0.07809656858,-0.006282677874,-0.01613801159,2022-06-30 12:07:14,86.7,101,-0.06146207824,0.680061996,0.6949015558,-0.04957383126,-0.178680867,-0.1394425109,08:09.5,55,110.7,5
0.01624387689,0.7470727563,0.4549820125,-0.02330705523,0.01998452656,0.05472235754,2022-06-30 12:07:14,87.3,102,-0.1235412396,0.6594246328,0.7920147479,-0.0356766507,-0.04474866763,-0.1363881826,08:10.6,55.6,111.8,5
-0.07256968319,0.6589390635,0.5912085176,-0.04621450603,0.0334235616,0.07060485333,2022-06-30 12:07:15,87.8,103,-0.009703410324,0.6952365339,0.5753682703,-0.0338440612,0.1357620098,-0.01543685887,08:11.7,56.1,112.9,5
0.02327480726,0.2461916655,0.5434439778,0.4342310131,0.1027567685,0.01440524962,2022-06-30 12:07:16,88.4,104,-0.01881438121,0.6999709904,0.7610652745,-0.005286104977,-0.1204959638,-0.09958354943,08:12.8,56.7,114,5
-0.1476077139,0.7339619994,0.7191493511,0.08725954592,0.0639668256,0.04311591759,2022-06-30 12:07:16,89,105,-0.04329450242,0.5498038083,0.5525826067,-0.1453269646,-0.1188160758,-0.07698153332,08:13.9,57.3,115.1,5
-0.03801268712,0.852930367,0.7803173065,0.1098615676,-0.06370400637,-0.01002936065,2022-06-30 12:07:17,89.5,106,-0.1109526195,0.7537495494,0.3844317608,0.2914416902,0.1600439027,0.1039872915,08:15.1,57.8,116.2,5
-0.06763296574,0.4994243383,0.5400322676,0.6043570042,-0.08905491978,-0.05981487781,2022-06-30 12:07:17,90.1,107,-0.1545191109,0.670471698,0.6667545736,-0.1419671997,-0.005806012778,0.0219786372,08:16.2,58.4,117.3,5
-0.07503803819,0.6057674289,0.6121664643,-0.1216563582,-0.05851165578,0.01135092322,2022-06-30 12:07:18,90.6,108,-0.136006441,0.6952365637,0.8061491847,-0.05384989828,0.0145052576,0.04503880208,08:17.3,58.9,118.4,5
-0.09453805536,0.7487723231,0.5951076746,-0.02819398046,-0.03224445134,0.04067245498,2022-06-30 12:07:18,91.1,109,-0.06467093853,0.6932941675,0.6130194366,-0.09829033911,-0.00840218924,-0.0006233779714,08:18.4,59.4,119.6,5
-0.01925318129,0.6965718865,0.549536407,0.154454723,0.07312980294,0.01471068151,2022-06-30 12:07:19,91.7,110,0.01263605058,0.6284685731,0.5724439025,-0.05446075648,0.03832899965,-0.0103972205,08:19.5,60,120.7,5
-0.1113228723,0.7662533522,0.5985194445,-0.008340865374,0.01815193146,0.02662255429,2022-06-30 12:07:19,92.3,111,-0.003666579723,0.8220956326,0.6570067108,0.01838492602,-0.08674565516,-0.02307267487,08:20.6,60.6,121.8,5
0.03442732245,0.7334763408,0.4459652305,-0.09569460154,0.02059539221,0.03028774634,2022-06-30 12:07:20,92.8,112,0.1783189643,0.5122923553,1.132665627,-0.6053084582,-0.148290325,-0.1481473222,08:21.7,61.1,122.9,5
-0.06837347895,0.4938400984,-1.215025067,-3.516234636,0.3935286105,-0.1496120691,2022-06-30 12:07:20,93.4,113,-0.0763956341,0.7936889231,0.7117166519,-0.1844223365,-0.06536537409,-0.06522237509,08:22.8,61.7,124,5
-0.3139749467,0.2364799678,0.9284850359,0.5738136768,1.388933539,0.9789614677,2022-06-30 12:07:21,93.9,114,0.01788933389,0.582580775,0.7503425777,-0.06331829727,-0.09377060644,-0.1449402934,08:23.9,62.2,125.1,5
-0.1350191087,0.6875885725,0.9080144763,-0.08530989289,0.6146618724,0.6051119566,2022-06-30 12:07:22,94.5,115,0.09843304008,0.7284991145,0.8338087797,-0.02040502429,0.2020408958,0.2351706028,08:25.0,62.8,126.2,5
0.002909350907,0.6477705836,0.6323933005,-0.1769396663,0.1192501262,0.1448249817,2022-06-30 12:07:22,95,116,0.008461289108,0.7695310712,0.8123634458,-0.1215032265,-0.09942111,-0.1165350601,08:26.1,63.3,127.3,5
-0.05998106301,0.6909876466,0.677720964,-0.04529820383,-0.02277603932,-0.05798228085,2022-06-30 12:07:23,95.5,117,0.009039045312,0.6600316167,0.7749559879,-0.01903057098,-0.02672814718,-0.041245915,08:27.2,63.8,128.4,5
-0.09947476536,0.6747205257,0.6847881079,-0.105163008,-0.0575953573,-0.1248720288,2022-06-30 12:07:23,96.1,118,-0.003562742844,0.6568753123,0.606074065,-0.06301286817,0.07498091646,0.03175247926,08:28.3,64.4,129.5,5
-0.2337533683,0.6824899316,0.7315779328,0.9861477613,0.01021068357,-0.0818060264,2022-06-30 12:07:24,96.6,119,-0.04578801338,0.6986356378,0.7847038209,-0.05476619303,-0.04902472906,-0.08644994721,08:29.4,64.9,130.6,5
-0.08515829593,0.6929299831,0.7978634834,-0.03430263698,-0.02155430987,-0.01858147234,2022-06-30 12:07:24,97.2,120,-0.04097471852,0.7277707458,0.7273132205,-0.07339757681,-0.0963667836,-0.01940748841,08:30.5,65.5,131.7,5
-0.04270256683,0.7300772667,0.6877124906,-0.03430263698,-0.02949555777,-0.03018791229,2022-06-30 12:07:25,97.8,121,-0.05035447143,0.6860104203,0.6550571322,-0.08301870525,0.07299560495,0.06412833557,08:31.6,66.1,132.8,5
-0.1253925115,0.7021561265,0.7486367226,-0.05751551688,0.002269435208,0.0290660169,2022-06-30 12:07:25,98.3,122,-0.07454437017,0.7184232473,0.7513173819,-0.006660558283,0.1472157389,0.1191062052,08:32.7,66.6,133.9,5
-0.05973422527,0.6883169413,0.6989225149,-0.09569460154,0.02884207293,-0.01216738857,2022-06-30 12:07:26,98.9,123,-0.06183232926,0.7235219181,0.624229461,-0.06545633823,-0.005195146427,-0.01268796669,08:33.8,67.2,135,5
-0.08762665093,0.7337191701,0.8007878661,-0.03063744307,-0.0035337843,0.00738029927,2022-06-30 12:07:27,99.4,124,-0.07207600772,0.7015491426,0.6911242604,-0.03888370097,-0.04169434682,-0.08064673003,08:35.0,67.7,136.1,5
-0.09651274234,0.6919588447,0.6981914639,-0.1546430886,-0.0004794583656,0.02387366071,2022-06-30 12:07:27,100,125,-0.1945064813,0.6833396852,0.4069737345,-0.06744164973,-0.01664886996,-0.04231492849,08:36.1,68.3,137.2,5
-0.09824059159,0.6642804742,0.6916116476,-0.03185917437,-0.008420705795,-0.02774445154,2022-06-30 12:07:28,100.5,126,-0.1158893369,0.6588176489,0.59413293,-0.1150891334,0.09559761826,0.1426245179,08:37.2,68.8,138.4,5
-0.05430384353,0.7101683021,0.7437627912,-0.06667849422,-0.03346618265,-0.01491628308,2022-06-30 12:07:28,101.1,127,-0.1961109191,0.6245839,0.7293846905,-0.09309798479,0.3069570065,0.2574671879,08:38.3,69.4,139.5,5
-0.07676588744,0.7174520493,0.5753682852,-0.0871424675,0.003185733221,0.01409981679,2022-06-30 12:07:29,101.7,128,-0.1099652797,0.731534034,0.664195776,-0.09218168259,0.1015535593,0.123534983,08:39.4,70,140.6,5
-0.1431646794,0.6871029735,0.7593593597,-0.001894399524,0.05568457022,0.04779666662,2022-06-30 12:07:29,102.2,129,-0.1092247777,0.7147813439,0.6669982374,-0.03873097897,-0.05696597579,-0.08354833536,08:40.5,70.5,141.7,5
-0.1147785783,0.7424597144,0.6462840438,-0.09077529609,0.01109140553,-0.02031480893,2022-06-30 12:07:30,102.8,130,0.01694909297,1.012566447,0.6576159596,-0.5407094806,-0.1386692002,-0.07484350447,08:41.6,71.1,142.8,5
-0.02616457827,0.6742349863,0.7011158466,-0.03885173798,-0.09947520494,-0.02764519118,2022-06-30 12:07:30,103.3,131,-0.1790792644,0.6596674323,0.7352333665,0.005251318216,-0.0003082256299,0.03190519474,08:42.7,71.6,143.9,5
-0.07627221942,0.6625809073,0.7622837424,-0.08772097528,-0.08603616804,-0.1006435901,2022-06-30 12:07:31,103.8,132,-0.10218996,0.6329602897,0.7053804994,-0.02941528708,0.07589721587,0.08337059431,08:43.8,72.1,145,5
-0.04368991032,0.6533548236,0.6752839684,-0.01319541037,-0.04052670673,-0.08384479582,2022-06-30 12:07:32,104.4,133,-0.3031141683,0.7630970478,0.8310062587,-0.06224928796,0.2591568008,0.3283275664,08:44.9,72.7,146.1,5
-0.09256336838,0.7521713972,0.6379983425,-0.01197367907,0.01231313683,0.01572624035,2022-06-30 12:07:32,104.9,134,-0.07837031875,0.7650394142,0.749002248,-0.0107838884,0.1340821311,0.1133029889,08:46.0,73.2,147.2,5
-0.05998106301,0.6917160153,0.6379983425,-0.0006726682186,0.02422500774,-0.06246451288,2022-06-30 12:07:33,105.5,135,-0.01962343464,0.6580892801,0.7397417724,-0.04529777914,-0.18219335,-0.1650988534,08:47.1,73.8,148.3,5
-0.0387531966,0.6725354791,0.7284098864,-0.1460586041,-0.03197459131,-0.01237356104,2022-06-30 12:07:33,106,136,-0.06874372996,0.776936233,0.6782083511,-0.009867593646,-0.2302989885,-0.2413042858,08:48.2,74.3,149.4,5
-0.1014494449,0.6251909137,0.737670362,-0.05839942396,0.0553791374,0.07620190084,2022-06-30 12:07:34,106.6,137,-0.1599495038,0.4227018356,0.4804483503,-0.2216851115,-0.05146818981,-0.06262620166,08:49.3,74.9,150.5,5
-0.04912029579,0.6562683582,0.6677293181,0.002076223493,0.009869676083,-0.008097503334,2022-06-30 12:07:34,107.2,138,-0.2024052292,0.5967841446,0.6448218524,-0.0585841015,0.2939761132,0.2791529149,08:50.4,75.5,151.6,5
-0.0481329523,0.6662228107,0.7418131828,-0.1271217614,0.008647944778,0.003814368742,2022-06-30 12:07:35,107.7,139,-0.131316565,0.6475278139,0.6860066354,-0.0352184996,0.1330131162,0.1071943399,08:51.5,76,152.7,5
-0.1071266681,0.7048268318,0.6972166896,-0.05687226355,0.05293567851,0.02061316185,2022-06-30 12:07:35,108.2,140,-0.0518354848,0.6512910724,0.6086328924,-0.03873097897,-0.0311569206,-0.03727529291,08:52.7,76.5,153.8,5
-0.1688355803,0.61038059,0.7586282492,-0.06328634918,0.1650294513,0.1901282817,2022-06-30 12:07:36,108.8,141,-0.09157602489,0.6216704249,0.5812169909,-0.04056356847,-0.0864402242,-0.06338977814,08:53.8,77.1,154.9,5
-0.18586725,0.6725354791,0.5982757807,-0.1084903926,0.1754141599,0.2475496083,2022-06-30 12:07:36,109.3,142,-0.05763612129,0.6603958011,0.6707755923,-0.06515090168,0.03038775269,0.04015187733,08:54.9,77.6,156.1,5
-0.2014178932,0.6385444999,0.6801578999,-0.1228457242,0.2160366923,0.2988622785,2022-06-30 12:07:37,109.9,143,-0.1800666004,0.6379374862,0.7081830502,-0.1121875197,0.06535978988,0.0135792396,08:56.0,78.2,157.2,5
-0.2715192139,0.6052818894,0.6962418556,-0.1042143255,0.2963654697,0.4149266779,2022-06-30 12:07:38,110.5,144,-0.1205792129,0.7011849284,0.7276788056,-0.06072212756,0.01481068972,0.05664523877,08:57.1,78.8,158.3,5
-0.2194368839,0.5727476478,0.7167124152,0.03964443505,0.3537867963,0.5361834764,2022-06-30 12:07:38,111,145,-0.1899400353,0.7133245766,0.6866158843,-0.102108255,0.1203376614,0.08382873796,08:58.2,79.3,159.4,5
-0.4383801222,0.2661006451,0.5507549047,-0.2621229887,0.3635606468,-0.0297832191,2022-06-30 12:07:39,111.6,146,-0.08602222055,0.6929300129,0.6694352329,-0.01429636776,0.1522553712,0.08566133305,08:59.3,79.9,160.5,5
0.03127552196,0.709682703,0.6884436011,-0.1368956119,0.2193964571,0.1519491971,2022-06-30 12:07:39,112.1,147,-0.155383043,0.7118678391,0.7793425322,-0.05797322839,0.03985616309,0.04167904146,09:00.4,80.4,161.6,5
0.09043233097,0.4358126819,0.6989225149,0.0008544921875,-0.08450900018,-0.1345466077,2022-06-30 12:07:40,112.6,148,-0.1173703484,0.7240074575,0.6699226201,-0.03384405375,0.02840244235,0.02717099246,09:01.5,80.9,162.7,5
0.09673592448,0.6781196594,0.7615526319,-0.03640827537,-0.3401561379,-0.3920263052,2022-06-30 12:07:40,113.2,149,-0.1302058026,0.6448570788,0.6305655837,-0.04545050114,0.02076662425,0.02991988428,09:02.6,81.5,163.8,5
0.1112826765,0.5557521582,0.642141223,-0.03640827537,-0.4528607726,-0.4396738112,2022-06-30 12:07:41,113.7,150,-0.1980856061,0.713688761,0.6649268568,-0.04621408135,0.08567105606,0.0897846818,09:03.7,82,164.9,5
-0.03282913938,0.7172092199,0.5990068913,-0.1582758874,-0.3236627579,-0.4195152521,2022-06-30 12:07:41,114.3,151,-0.1371172071,0.674477756,0.6682167351,-0.05354445428,0.02886058902,0.04900942277,09:04.8,82.6,166,5
-0.192778632,-0.00241225888,0.939938724,-0.2621229887,-0.07198626548,0.0001491771545,2022-06-30 12:07:42,114.9,152,-0.1128038913,0.725464195,0.6891746819,-0.02208489925,-0.002598971128,0.04580237903,09:05.9,83.2,167.1,5
0.007273377385,0.3731721938,0.7822668552,0.09462231398,-0.09855890274,-0.08750998229,2022-06-30 12:07:43,115.4,153,-0.06047473289,0.7321409881,0.6093639731,-0.1028718203,-0.009929353371,0.02121505514,09:07.0,83.7,168.2,5
-0.03776585311,0.6458282471,0.6808890104,-0.09902195632,-0.09916976839,-0.04872004315,2022-06-30 12:07:43,116,154,-0.1469906271,0.6778768897,0.8548885584,-0.1022609621,0.01328352466,0.08688306622,09:08.1,84.3,169.3,5
-0.07676588744,0.6264048815,0.7747123241,-0.1048251837,0.03002822958,0.0132827796,2022-06-30 12:07:44,116.5,155,-0.0328105716,0.7514429986,0.5104230344,-0.03338591009,0.038481717,0.01342652319,09:09.2,84.8,170.4,5
-0.09330387414,0.656996727,0.6662671566,-0.08680467308,-0.02372791246,-0.01267899387,2022-06-30 12:07:44,117.1,156,-0.07702825405,0.5919283032,0.7564350069,0.05350967497,-0.00779132545,0.02961445227,09:10.3,85.4,171.5,5
-0.05430384353,0.6834610701,0.8385608196,-0.02018080652,0.02081487142,0.008555050008,2022-06-30 12:07:45,117.6,157,-0.1435349248,0.7213367522,0.6457966864,-0.04010542482,-0.006416879594,0.008845033415,09:11.4,85.9,172.6,5
-0.1759938151,0.630775094,0.7461997867,0.0326590389,0.04402775317,0.03909831122,2022-06-30 12:07:45,118.2,158,-0.0763956327,0.6885597408,0.4735029787,-0.1289863139,0.0499354396,0.02976716869,09:12.6,86.5,173.7,5
-0.07849373668,0.6494701505,0.7447375655,-0.02781662345,0.04280602187,0.07452849299,2022-06-30 12:07:46,118.7,159,-0.09515513852,0.7189088166,0.6299563646,-0.04926840216,0.04856099375,0.0538963452,09:13.7,87,174.9,5
0.2693574131,0.5887719989,0.9618715048,2.434275627,0.3485440612,-0.3784281015,2022-06-30 12:07:46,119.3,160,-0.06578169763,0.776450634,0.665779829,-0.05110099167,0.1230865493,0.07573477924,09:14.8,87.6,175.9,5
-0.06269625574,0.6091665626,0.74230057,-0.05194580555,0.0150116533,-0.01343609858,2022-06-30 12:07:47,119.8,161,-0.1146551594,0.721458137,0.6676075161,-0.0344549194,0.1212539598,0.1339196861,09:15.9,88.1,177.1,5
-0.03060762025,0.5763896108,0.8434348106,-0.0009385496378,-0.008506659418,0.02016148902,2022-06-30 12:07:47,120.4,162,-0.140696317,0.6952365637,0.5673262179,-0.04239617288,0.133929424,0.1333088279,09:17.0,88.7,178.2,5
-0.06862030923,0.7973307967,0.7844601274,-0.1301365495,0.03242131323,-0.005189417861,2022-06-30 12:07:48,120.9,163,-0.06689245999,0.816025883,0.5246793032,-0.006965987384,0.08612920716,0.05908870138,09:18.1,89.2,179.3,5
-0.1246519983,0.7009421587,0.6443344951,0.03876768053,0.0150116533,-0.01221436821,2022-06-30 12:07:49,121.5,164,-0.1390918866,0.6503199041,0.6561537683,0.1434595808,0.008549320046,-0.03131935582,09:19.2,89.8,180.3,5
-0.0609684065,0.5994548798,0.7998130918,-0.04858604074,0.01806597784,0.03329509124,2022-06-30 12:07:49,122,165,-0.08626905456,0.6807903647,0.5672044158,-0.06179114431,-0.05009374209,-0.04307851195,09:20.3,90.3,181.5,5
-0.07874057442,0.4707747996,0.7064771652,-0.1738134325,-0.04668573663,0.04276350513,2022-06-30 12:07:50,122.5,166,-0.1012026183,0.9262536168,0.7175653577,-0.04865753651,-0.03008790594,-0.02169822808,09:21.4,90.8,182.6,5
-0.3438420594,0.5266171098,0.9506614208,-0.1826709509,-0.008506659418,-0.02840229683,2022-06-30 12:07:50,123.1,167,-0.1903102919,0.7559346855,0.6916116476,0.05427325517,0.02656984515,-0.07575980574,09:22.5,91.4,183.7,5
-0.08935450017,-0.02653484792,0.9745436907,-0.5641562939,-0.4452753365,-0.4474558532,2022-06-30 12:07:51,123.6,168,-0.2253609449,0.6922015846,0.6373890936,-0.02025229856,-0.005653296364,0.05175831728,09:23.6,91.9,184.7,5
-0.1458798647,0.6698647141,0.6930738688,-0.04644802213,0.02600722574,0.006417022087,2022-06-30 12:07:51,124.2,169,-0.1103355326,0.7630970776,0.6778427958,-0.04926840961,-0.01099836687,-0.007037463132,09:24.7,92.5,185.9,5
-0.07010132819,0.7987875938,0.6109480262,-0.04858604074,0.1494020075,0.03176793084,2022-06-30 12:07:52,124.8,170,-0.4285067059,1.038181037,0.3945452049,-0.4974908009,0.01435254049,-0.02108736336,09:25.8,93.1,187,5
-0.121936813,0.5091360211,0.6589562893,0.1551375091,0.1136663929,0.04856672511,2022-06-30 12:07:52,125.3,171,-0.1732786298,0.7157525122,0.6488428414,-0.1097440645,0.03664912097,0.008997750469,09:26.9,93.6,188.1,5
-0.08244311064,0.6960863471,0.7052586675,0.004182308912,0.08322759718,0.03663940355,2022-06-30 12:07:53,125.9,172,-0.08120892569,0.76188308,0.650183171,-0.09080724418,0.06551250443,0.03663940169,09:28.0,94.2,189.2,5
-0.1125570536,0.7203655839,0.6723595858,-0.01994687319,-0.04902473092,-0.09164230525,2022-06-30 12:07:54,126.4,173,-0.05726587027,0.8207603097,0.6632209718,-0.1479231417,0.02962417156,0.03663940169,09:29.1,94.7,190.3,5
-0.1024367958,0.744402051,0.6801578999,-0.06331831217,-0.04933016002,-0.06598596275,2022-06-30 12:07:54,127,174,-0.09009501152,0.7414885163,0.560868293,-0.0237647742,-0.03970903344,-0.04598012194,09:30.2,95.3,191.4,5
0.2262020409,-0.06633711606,2.928748608,-0.1048571467,-0.06185289845,0.4486680329,2022-06-30 12:07:55,127.5,175,-0.1342785917,0.7390605807,0.6403134763,0.1124581657,-0.03741828911,-0.07041473687,09:31.3,95.8,192.5,5
-0.06393042952,0.6652516127,0.6275194287,-0.07370302081,0.003204250243,0.01189935952,2022-06-30 12:07:55,128.1,176,-0.08345408645,0.6380589008,0.6092421114,-0.0471303761,-0.03650199273,-0.01910205139,09:32.4,96.4,193.6,5
-0.1332912594,0.7434309125,0.6813763976,-0.05720965564,-0.01298367977,0.03144704551,2022-06-30 12:07:56,128.6,177,-0.02589089889,0.7065263987,0.5982757807,-0.04361789674,0.02000304405,0.02335308306,09:33.5,96.9,194.7,5
-0.09453805536,0.6594246626,0.6153345704,-0.04193802178,0.006258575711,0.002430948429,2022-06-30 12:07:56,129.2,178,-0.0896013435,0.6912304759,0.7094015479,-0.1112712175,0.003815114964,0.00991404755,09:34.6,97.5,195.8,5
0.01503164694,0.726678133,0.660905838,-0.08408772945,-0.05849314108,0.02320036665,2022-06-30 12:07:57,129.7,179,0.02629592642,0.690137893,0.6961200237,-0.05598792434,-0.3390330039,-0.3228548169,09:35.7,98,196.9,5
-0.1651330441,0.4729599357,1.043753505,-0.05873681605,0.01084006578,0.04091545939,2022-06-30 12:07:57,130.3,180,-0.03653944377,0.6877099574,0.6338554919,-0.04300703108,-0.1165253371,-0.1597537659,09:36.8,98.6,198,5
-0.1574811488,0.7883474827,0.6489647031,-0.12532112,-0.08231688291,0.01067762915,2022-06-30 12:07:58,130.8,181,-0.09898109362,0.7200013995,0.6855192482,-0.01857242733,0.01587970275,0.04824584164,09:37.9,99.1,199.1,5
-0.08515829593,0.6924444437,0.6211832762,-0.09325069189,-0.009929353371,-0.07270547748,2022-06-30 12:07:59,131.4,182,-0.07405069284,0.6650088727,0.6752839684,-0.09710938483,0.03831364959,0.04154065228,09:39.0,99.7,200.2,2
-0.07528486848,0.7560560703,0.7710568309,-0.0459086448,-0.07009957731,0.003958111629,2022-06-30 12:07:59,131.9,183,-0.102560211,0.7452518046,0.7094015479,-0.04671300203,0.06992592476,0.05467425101,09:40.1,100.2,201.3,5
-0.04072787985,0.709682703,0.5926707387,-0.03552393615,-0.02794987895,0.01525911875,2022-06-30 12:08:00,132.5,184,-0.1713039391,0.7308056653,0.6394605339,-0.02334740758,0.04976737313,0.05895031057,09:41.2,100.8,202.4,5
-0.09725324064,0.6732637882,0.624595046,-0.0220849067,-0.01512170769,-0.07270547748,2022-06-30 12:08:00,133,185,0.005159910768,0.7210939229,0.6538386643,0.001698069274,0.01891867653,0.03283581976,09:42.4,101.3,203.5,5
-0.1273671836,0.7254642248,0.6959982514,-0.08989095688,0.08658735454,0.0674881041,2022-06-30 12:08:01,133.6,186,0.02594171185,0.6821257174,0.785800457,-0.03831360489,-0.00108715985,-0.007023136131,09:43.5,101.9,204.7,5
-0.2026520669,0.627861619,0.7174435258,-0.1140201092,0.5462634563,0.5213609338,2022-06-30 12:08:01,134.2,187,-0.002270992845,0.7013063431,0.5513641238,-0.05007276684,-0.05927207507,-0.05955754966,09:44.6,102.5,205.7,5
-0.2391837388,0.6773912907,0.6733344197,-0.01536537707,0.5700871944,0.4569146931,2022-06-30 12:08:02,134.7,188,-0.06676904624,0.6475278139,0.5832884014,-0.03251038492,-0.03193585388,-0.01053561037,09:45.7,103,206.8,5
-0.1110760421,0.4399401546,0.6004689932,0.1132217497,0.3651419282,0.1716406196,2022-06-30 12:08:02,135.2,189,-0.06837347336,0.6866173744,0.6799141765,-0.04060435295,-0.01727508847,-0.03512293752,09:46.8,103.5,208,5
0.03079063259,0.6499557495,0.5785363317,-0.001010045409,-0.06490722299,-0.08919884264,2022-06-30 12:08:03,135.8,190,-0.07343360782,0.7150241733,0.690636903,-0.02044579387,-0.06675517187,-0.06383360573,09:47.9,104.1,209.1,5
-0.0789874047,0.724250257,0.6984351873,-0.03552393615,-0.1605076343,-0.2135099173,2022-06-30 12:08:03,136.3,191,-0.02221520757,0.6698647141,0.6358050704,-0.07099489123,-0.04369500931,-0.02916700207,09:49.0,104.6,210.2,5
-0.1550127864,0.796602428,0.7308468223,0.02281369269,-0.03283679858,-0.2015980482,2022-06-30 12:08:04,136.9,192,-0.05134181492,0.7217009068,0.7373048067,-0.04488040507,-0.04094611946,-0.0302360151,09:50.1,105.2,211.3,5
-0.1177406088,0.7087115049,0.7240233421,-0.1100494862,-0.04169434682,-0.05010346323,2022-06-30 12:08:05,137.4,193,-0.01114221662,0.6520194709,0.6408008933,-0.03999347985,-0.03346301802,-0.05528149195,09:51.2,105.7,212.4,5
-0.1693292558,0.7210939527,0.6053429246,-0.03460763395,-0.04627583548,0.02900358662,2022-06-30 12:08:05,138,194,-0.06886714324,0.662702322,0.687956214,-0.02976149321,0.005326925544,0.008095779223,09:52.3,106.3,213.5,5
-0.1725381166,0.6344169974,0.6574940681,-0.08225512505,0.04107789323,-0.02108736336,2022-06-30 12:08:06,138.5,195,-0.07479120418,0.7169664502,0.6531075537,-0.04992004484,0.01036656392,0.008248495404,09:53.4,106.8,214.6,5
-0.01653798856,0.6878313422,0.6881998777,-0.08500403166,-0.02397925407,0.03511223942,2022-06-30 12:08:06,139.1,196,-0.07874057069,0.7259497941,0.6425067186,-0.04640757293,0.004105194472,0.008706644177,09:54.5,107.4,215.7,5
-0.09774692357,0.7257069945,0.7369392514,-0.06698349118,0.03222034872,0.005485274829,2022-06-30 12:08:07,139.6,197,-0.07059499621,0.731048435,0.6356832087,-0.04488040507,-0.01681694016,-0.01328450418,09:55.6,107.9,216.8,5
-0.01777216606,0.6383016706,0.6277630925,-0.046824947,-0.009929353371,0.002125516068,2022-06-30 12:08:07,140.2,198,-0.08626906015,0.7300772667,0.633246243,-0.04411682487,-0.07500185259,-0.0772726424,09:56.7,108.5,217.9,5
-0.1434115171,0.7439164519,0.7839727402,-0.03338590264,-0.1568424404,-0.03422096744,2022-06-30 12:08:08,140.8,199,-0.06960765645,0.7321410179,0.6200866699,-0.04167336226,-0.1188314371,-0.1392754614,09:57.8,109.1,219,5
0.000484891847,0.6912304759,0.7147628665,-0.03521850705,-0.1324078292,-0.1325702816,2022-06-30 12:08:08,141.3,200,-0.04361258331,0.7560560703,0.605586648,-0.0517526418,-0.06324269995,-0.04428591579,09:58.9,109.6,220.1,5
-0.08836716413,0.6069814563,0.5958387852,-0.08194968104,-0.09697765112,-0.06965115666,2022-06-30 12:08:09,141.9,201,-0.1411899868,0.8341138959,0.6601747572,-0.1102429852,0.05450157914,0.05620141421,10:00.1,110.2,221.2,5
-0.03455699235,0.7531425357,0.7939643264,-0.01719798148,-0.2603840828,-0.2092338651,2022-06-30 12:08:10,142.4,202,-0.1290950403,0.6888025403,0.6033934355,-0.00654861331,0.1507128477,0.1528708413,10:01.2,110.7,222.3,4
-0.1207026318,0.6426719427,0.7052586675,-0.04468691349,-0.1275209039,-0.1793014705,2022-06-30 12:08:10,143,203,-0.0348038252,0.701913327,0.683447808,-0.06244278699,0.04854564276,0.06047747284,10:02.3,111.3,223.4,4
-0.1263798475,0.6761773229,0.8787708282,-0.02666638792,0.03802356869,-0.09347489476,2022-06-30 12:08:11,143.5,204,-0.1132975593,0.7229149044,0.5888934135,-0.08076873422,0.01830781251,0.005499602295,10:03.4,111.8,224.5,5
0.008485606872,0.6487417817,0.7186620235,-0.07400844991,0.02519539744,0.0158699844,2022-06-30 12:08:11,144.1,205,-0.05788295844,0.6750847399,0.6880780756,-0.07221662998,0.01158829406,0.01191368722,10:04.4,112.4,225.6,5
-0.02789242752,0.741731286,0.432074517,0.00632032752,0.2463286221,-0.04674370214,2022-06-30 12:08:12,144.6,206,0.05770212784,0.614508003,0.6666327119,-0.0415206477,0.009755698033,0.003361573443,10:05.5,112.9,226.7,5
0.006061147898,0.6628237367,0.7245107293,-0.07553561032,-0.1229394227,-0.1423441172,2022-06-30 12:08:12,145.2,207,-0.07861715741,0.7146599293,0.6843007505,-0.03067778796,-0.07042036299,-0.03374849167,10:06.6,113.5,227.8,1
-0.04368991032,0.7371182442,0.7976198196,0.06496340036,-0.118052505,-0.05682298169,2022-06-30 12:08:13,145.7,208,-0.06960765459,0.6823685169,0.5881623626,-0.02980912477,0.01273831096,0.005454669707,10:07.8,114,228.9,5
0.02448703721,0.3129596412,0.8166281581,0.1565931886,-0.05666054413,-0.1194366664,2022-06-30 12:08:13,146.3,209,-0.05084814318,0.6941439509,0.6852755547,-0.06879942119,0.01205573138,0.01716889441,10:08.9,114.6,230,5
-0.1110760421,0.7866479754,0.2885370553,-0.4472471178,-0.1809716076,-0.03452640027,2022-06-30 12:08:14,146.8,210,-0.1010791995,0.7116250396,0.6338554919,-0.05398593098,0.005641645752,0.001133681275,10:10.0,115.1,231.1,5
-0.07972791046,0.9845238924,0.0774955973,0.4922636449,0.2918380797,0.08795207739,2022-06-30 12:08:14,147.4,211,-0.05171206733,0.7487722933,0.5893808305,-0.06131631881,0.02503661858,0.00815863139,10:11.1,115.7,232.3,5
-0.1421773285,0.5229752064,0.6913679242,0.09061973542,0.0282497257,0.1200225055,2022-06-30 12:08:15,147.9,212,-0.0366865024,0.7323837876,0.659809202,-0.03825615346,0.03343601478,0.02297211345,10:12.2,116.2,233.4,5
-0.1414368153,0.7235218883,0.5799984932,-0.2477996051,-0.01573257335,0.007012438029,2022-06-30 12:08:16,148.5,213,-0.003208863433,0.6722926199,0.7438846231,-0.1002589762,-0.03727163607,-0.02925686393,10:13.3,116.8,234.5,5
-0.1676014066,0.6174215078,0.753510654,-0.03613479435,0.00412054779,0.03694483638,2022-06-30 12:08:16,149,214,0.04145825282,0.7013063431,0.607170701,-0.02710786462,-0.3976821452,-0.3423253074,10:14.4,117.3,235.5,5
-0.1851267368,0.7055552602,0.5656204224,-0.117685318,0.0001499238424,0.07665108144,2022-06-30 12:08:17,149.6,215,0.108009655,0.6817615628,0.6839351952,-0.0113780871,-0.8068091571,-0.7819955349,10:15.5,117.9,236.6,5
-0.08688614517,0.6849178672,1.046677947,0.009985521436,0.02886059135,0.01342652272,2022-06-30 12:08:17,150.1,216,0.08049204666,0.6607599854,0.7804391384,-0.006491161883,-0.8019222319,-0.798794359,10:16.6,118.4,237.8,5
-0.1142849028,0.6390300393,0.7625274658,-0.07278671861,0.02855515853,-0.01833846979,2022-06-30 12:08:18,150.7,217,-0.001081895083,0.7072547674,0.6494520903,-0.009698204696,-0.4141755104,-0.4023428038,10:17.7,119,238.9,5
-0.01505697425,0.7475582957,0.4635114074,-0.1237939596,-0.04535953701,0.01709171385,2022-06-30 12:08:18,151.3,218,-0.03431015369,0.7198799849,0.6516453624,-0.04131048173,-0.02917767363,-0.02543895645,10:18.8,119.6,240,5
0.09018987417,0.6720498204,0.5663514733,-0.0715649873,0.06612336636,-0.0351372622,2022-06-30 12:08:19,151.8,219,-0.06775638461,0.7042198479,0.6726032794,-0.03947788477,0.01602635626,0.03366225678,10:19.9,120.1,241.1,5
-0.06491777301,0.5848873258,0.5785363317,-0.03735652566,0.01053463295,0.0143428212,2022-06-30 12:08:19,152.4,220,-0.1766108982,0.7217009366,0.5547758937,-0.08055857569,0.08184708655,0.1200996824,10:21.0,120.7,242.2,5
0.07782513648,0.8077708483,0.7578971982,0.009069234133,-0.03864001855,-0.01467327774,2022-06-30 12:08:20,152.9,221,-0.09873425961,0.6719284356,0.6741873622,-0.05383321643,0.1919555441,0.21814356,10:22.1,121.2,243.3,2
-0.08515829593,0.8364204168,0.5561162233,0.02770061791,-0.1348512918,-0.03147207201,2022-06-30 12:08:21,153.5,222,-0.02172153676,0.640850991,1.149518043,-0.06941027939,0.1006311923,0.1729395408,10:23.2,121.8,244.4,2
0.3079062998,0.5732333064,-0.191376701,-0.4023484886,-0.2197615504,-0.3592012525,2022-06-30 12:08:21,154,223,-0.0046361899,0.67204988,0.6247169077,-0.05963644385,0.04611146823,0.03518941905,10:24.3,122.3,245.5,2
0.04873162881,0.4513514042,2.456707954,-0.8082684278,-0.07681909949,0.06290660799,2022-06-30 12:08:22,154.6,224,-0.003867148422,0.6612455547,0.6833259463,0.01000220329,-0.07560343109,-0.09461945109,10:25.4,122.9,246.6,2
-0.1377342939,0.8735677004,0.5765867829,-0.3198817074,-0.02520098537,-0.02230909467,2022-06-30 12:08:22,155.1,225,0.01510069706,0.6650088429,0.7095233798,-0.03245294094,-0.02245815657,-0.01261078566,10:26.5,123.4,247.7,5
-0.01505697425,0.7138101459,0.8468465209,-0.04896296561,-0.1055297628,-0.1081356555,2022-06-30 12:08:23,155.7,226,-0.03468058445,0.7149027288,0.6988007128,-0.06559237838,0.01877525076,0.04068720693,10:27.6,124,248.8,5
0.06885464489,0.6322318316,0.7527795434,-0.04132714868,-0.2344223261,-0.2703203857,2022-06-30 12:08:23,156.3,227,-0.02270888025,0.3820341155,0.7209771276,0.390265815,0.0548162926,-0.02330092713,10:28.7,124.6,249.9,5
-0.03307597712,0.5329297185,0.747905612,-0.08530944586,0.0468811132,-0.01956020109,2022-06-30 12:08:24,156.8,228,0.009212945268,0.7049482465,0.5968135893,-0.06391250342,-0.02841409156,-0.05124801677,10:29.8,125.1,251,5
0.08218916506,0.8104416132,0.955047965,0.003571435809,0.5936055183,0.5998571515,2022-06-30 12:08:24,157.3,229,-0.09206970036,0.6461924314,0.6828386188,-0.0710901618,-0.007491956931,-0.001920644194,10:30.9,125.6,252.1,5
0.1146769151,0.6465566158,0.7125695944,-0.04438148439,-0.1895237267,-0.1295159459,2022-06-30 12:08:25,157.9,230,-0.06183232926,0.6414579749,0.6621243358,-0.05352778733,0.07512757182,0.05886044726,10:32.1,126.2,253.2,5
-0.05726587027,0.6664656401,0.8051744103,-0.02910985053,-0.1336295605,-0.141427815,2022-06-30 12:08:26,158.4,231,-0.03974053729,0.685039252,0.6624898911,-0.06467607617,0.02320402116,0.04160350561,10:33.2,126.7,254.3,5
0.07418844849,0.8725965023,0.8195524812,-0.2138966024,-0.06521265954,-0.09164230525,2022-06-30 12:08:26,159,232,0.04848918319,0.7176948786,0.7524140179,-0.08178029954,0.004114482552,0.04664314445,10:34.3,127.3,255.5,5
0.02400214598,0.6329602599,0.8492835164,0.01578874886,-0.04566496983,-0.03605356067,2022-06-30 12:08:27,159.5,233,-0.06787980348,0.6475277841,0.7249981463,-0.06253805012,-0.02001469349,-0.02543895599,10:35.4,127.8,256.5,5
-0.005924055353,0.6871029735,0.7006284595,-0.05384989083,-0.007791324519,-0.04643826932,2022-06-30 12:08:27,160.1,234,-0.04702219367,0.6424291432,0.6765024662,-0.05261149257,-0.006422942504,-0.02589710522,10:36.5,128.4,257.6,5
-0.03258230537,0.6033395529,0.5483179092,-0.07309214771,0.02550083026,-0.01894933544,2022-06-30 12:08:28,160.6,235,-0.02678166691,0.6998496056,0.6353176832,-0.04390665889,-0.005048496183,-0.01444338181,10:37.6,128.9,258.8,4
0.02545681968,0.7104110718,0.6638302207,-0.05293358862,0.1244610026,0.08245429397,2022-06-30 12:08:28,161.2,236,-0.0140696317,0.7040984929,0.6544478834,-0.04909901321,-0.05452858098,-0.07583533786,10:38.7,129.5,259.9,4
-0.062202584,0.6798192263,0.8392919302,0.01120725274,0.03527467325,-0.01650587469,2022-06-30 12:08:29,161.7,237,-0.02381964121,0.6629451215,0.6113135517,-0.04894629866,-0.048725361,-0.04147416912,10:39.8,130,261,
-0.02937344275,0.7174520493,0.7301157117,-0.1207396388,-0.1333241314,-0.1563940197,2022-06-30 12:08:29,162.3,238,-0.0557848569,0.6710786819,0.6579815149,-0.04146319628,0.007168809418,-0.01108362287,10:40.9,130.6,262.1,
-0.02641141601,0.7587267756,0.7971323729,-0.02880442142,-0.1540935487,-0.1139388829,2022-06-30 12:08:30,162.8,239,0.01091006608,0.6401226223,0.6224017739,-0.06666139513,0.01526277279,0.008922213165,10:42.0,131.1,263.2,
-0.05553802103,0.6968147159,0.6574940681,-0.1179907322,-0.03864001855,0.07512390614,2022-06-30 12:08:31,163.4,240,-0.06072156876,0.6097735465,0.7061116397,-0.04146319628,-0.006728374865,-0.03643452964,10:43.1,131.7,264.3,
-0.03480382636,0.6552971601,0.66651088,-0.08561488986,0.04168875888,0.03389050812,2022-06-30 12:08:31,163.9,241,-0.01456330298,0.6488631666,0.6685822904,-0.06070545316,-0.0003142901696,0.00128639763,10:44.2,132.2,265.4,
-0.0659051165,0.7167236805,0.6436033845,-0.08042252064,0.104302451,0.09436616302,2022-06-30 12:08:32,164.5,242,-0.01999368798,0.6781196594,0.6682167649,-0.05261148512,0.0006020076107,-0.00008804921526,10:45.3,132.8,266.5,
-0.07874057442,0.7179376483,0.7371829748,0.03716902435,0.1534771025,0.1969915181,2022-06-30 12:08:32,165.1,243,-0.01777216606,0.6752061844,0.6689478755,-0.06391249597,0.009764987044,-0.003600524273,,133.4,,
-0.07034816593,0.7189088464,0.7654517889,-0.05049014091,0.1409543753,0.04122089222,2022-06-30 12:08:33,165.6,244,#DIV/0!,#DIV/0!,#DIV/0!,#DIV/0!,#DIV/0!,#DIV/0!,,133.9,,
-0.02517723665,0.7528998256,0.6202084422,-0.07400844991,-0.04352694005,-0.008564625867,2022-06-30 12:08:33,166.2,245,#DIV/0!,#DIV/0!,#DIV/0!,#DIV/0!,#DIV/0!,#DIV/0!,,134.5,,
-0.09848742187,0.6941440105,0.6282504797,-0.05690422654,0.03313664719,-0.01681130752,2022-06-30 12:08:34,166.7,246,#DIV/0!,#DIV/0!,#DIV/0!,#DIV/0!,#DIV/0!,#DIV/0!,,135,,
-0.08096209168,0.6810331941,0.7276787758,-0.05965311825,-0.04077804834,-0.02994490974,2022-06-30 12:08:34,167.3,247,#DIV/0!,#DIV/0!,#DIV/0!,#DIV/0!,#DIV/0!,#DIV/0!,,135.6,,
-0.06318992376,0.7220650911,0.6545697451,-0.01811428368,-0.04261064529,-0.1313485503,2022-06-30 12:08:35,167.8,248,#DIV/0!,#DIV/0!,#DIV/0!,#DIV/0!,#DIV/0!,#DIV/0!,,136.1,,
-0.2028988898,0.5943561792,0.5149314404,-0.03949455917,-0.09697765112,-0.09897267818,2022-06-30 12:08:36,168.4,249,#DIV/0!,#DIV/0!,#DIV/0!,#DIV/0!,#DIV/0!,#DIV/0!,,136.7,,
-0.1861140728,0.7723231912,0.2990160286,-0.0953887403,0.0636799112,0.0143428212,2022-06-30 12:08:36,168.9,250,#DIV/0!,#DIV/0!,#DIV/0!,#DIV/0!,#DIV/0!,#DIV/0!,,137.2,,
-0.1345254332,0.5450693369,0.5444187522,-0.02055773139,0.01694871671,0.03419594094,2022-06-30 12:08:37,169.5,251,#DIV/0!,#DIV/0!,#DIV/0!,#DIV/0!,#DIV/0!,#DIV/0!,,137.8,,
-0.09725324064,0.7725659609,0.6438471079,-0.2096205354,0.1742465198,0.2510530949,2022-06-30 12:08:37,170.1,252,#DIV/0!,#DIV/0!,#DIV/0!,#DIV/0!,#DIV/0!,#DIV/0!,,138.4,,
-0.1935191453,0.5975125432,0.7288972735,-0.08500403166,0.3242139518,0.2363923341,2022-06-30 12:08:38,170.6,253,#DIV/0!,#DIV/0!,#DIV/0!,#DIV/0!,#DIV/0!,#DIV/0!,,138.9,,
-0.198702693,0.6516552567,0.7298721075,-0.1011919379,0.2897000611,0.2785420418,2022-06-30 12:08:38,171.2,254,#DIV/0!,#DIV/0!,#DIV/0!,#DIV/0!,#DIV/0!,#DIV/0!,,139.5,,
-0.1518039256,0.7208511829,0.6952671409,-0.08561488986,0.1773008555,0.1972969621,2022-06-30 12:08:39,171.7,255,#DIV/0!,#DIV/0!,#DIV/0!,#DIV/0!,#DIV/0!,#DIV/0!,,140,,
-0.06812663376,0.7422168851,0.6331244111,-0.09874847531,0.02580626309,0.04977300391,2022-06-30 12:08:39,172.3,256,#DIV/0!,#DIV/0!,#DIV/0!,#DIV/0!,#DIV/0!,#DIV/0!,,140.6,,
-0.1044114828,0.738332212,0.7442501187,-0.01841971278,0.001371654216,-0.04155134782,2022-06-30 12:08:40,172.8,257,#DIV/0!,#DIV/0!,#DIV/0!,#DIV/0!,#DIV/0!,#DIV/0!,,141.1,,
-0.1140380725,0.6912304759,0.589746356,-0.05904224515,-0.1153036058,-0.1255453229,2022-06-30 12:08:41,173.4,258,#DIV/0!,#DIV/0!,#DIV/0!,#DIV/0!,#DIV/0!,#DIV/0!,,141.7,,
-0.05701903626,0.6601530313,0.6877124906,-0.01658710837,-0.1748629659,-0.1310431063,2022-06-30 12:08:41,174,259,#DIV/0!,#DIV/0!,#DIV/0!,#DIV/0!,#DIV/0!,#DIV/0!,,142.3,,
0.0909172222,1.364979863,0.6275194287,-1.064831853,-0.1024754345,-0.01864390261,2022-06-30 12:08:42,174.5,260,#DIV/0!,#DIV/0!,#DIV/0!,#DIV/0!,#DIV/0!,#DIV/0!,,142.8,,
-0.2238799334,0.665980041,0.7815357447,0.03747445345,0.007785738911,-0.009786356241,2022-06-30 12:08:42,175.1,261,#DIV/0!,#DIV/0!,#DIV/0!,#DIV/0!,#DIV/0!,#DIV/0!,,143.4,,
-0.1342785954,0.6533548236,0.6889309883,-0.02697181702,-0.008402190171,0.07359674573,2022-06-30 12:08:43,175.6,262,#DIV/0!,#DIV/0!,#DIV/0!,#DIV/0!,#DIV/0!,#DIV/0!,,143.9,,
-0.06121524051,0.6414580345,0.7878718972,-0.02972072363,0.02305736952,0.01861887798,2022-06-30 12:08:43,176.2,263,#DIV/0!,#DIV/0!,#DIV/0!,#DIV/0!,#DIV/0!,#DIV/0!,,144.5,,
-0.1431646794,0.6244625449,0.6228891015,-0.02910985053,0.1287370622,0.1481223106,2022-06-30 12:08:44,176.7,264,#DIV/0!,#DIV/0!,#DIV/0!,#DIV/0!,#DIV/0!,#DIV/0!,,145,,
-0.4038231075,0.8342352509,0.8880313039,-0.07889536023,0.2325841635,0.3329090476,2022-06-30 12:08:44,177.3,265,#DIV/0!,#DIV/0!,#DIV/0!,#DIV/0!,#DIV/0!,#DIV/0!,,145.6,,
-0.2024052292,0.6919588447,0.7739812136,-0.04560321569,0.2857294381,0.3237460852,2022-06-30 12:08:45,177.8,266,#DIV/0!,#DIV/0!,#DIV/0!,#DIV/0!,#DIV/0!,#DIV/0!,,146.1,,
-0.1392153054,0.7393034101,0.7249981165,-0.006202399731,0.1983757019,0.1911883056,2022-06-30 12:08:45,178.4,267,#DIV/0!,#DIV/0!,#DIV/0!,#DIV/0!,#DIV/0!,#DIV/0!,,146.7,,
-0.01752533205,0.7907754183,0.7730063796,-0.01536537707,0.06978856027,0.03541767225,2022-06-30 12:08:46,178.9,268,#DIV/0!,#DIV/0!,#DIV/0!,#DIV/0!,#DIV/0!,#DIV/0!,,147.2,,
-0.009626590647,0.663066566,0.7323090434,-0.02819354832,-0.1235502884,-0.1640298367,2022-06-30 12:08:47,179.5,269,#DIV/0!,#DIV/0!,#DIV/0!,#DIV/0!,#DIV/0!,#DIV/0!,,147.8,,
-0.02962027863,0.6531119943,0.7471745014,-0.06240200996,-0.2408364117,-0.1661678702,2022-06-30 12:08:47,180,270,#DIV/0!,#DIV/0!,#DIV/0!,#DIV/0!,#DIV/0!,#DIV/0!,,148.3,,
-0.04344307259,0.7681956887,0.6158219576,-0.03857825696,-0.2417527139,-0.2483292371,2022-06-30 12:08:48,180.6,271,#DIV/0!,#DIV/0!,#DIV/0!,#DIV/0!,#DIV/0!,#DIV/0!,,148.9,,
-0.09404438734,0.7856767774,0.7405947447,0.01884306967,-0.2188452631,-0.2342793345,2022-06-30 12:08:48,181.1,272,#DIV/0!,#DIV/0!,#DIV/0!,#DIV/0!,#DIV/0!,#DIV/0!,,149.4,,
-0.1525444388,0.3396667838,0.4113602936,-0.3409565389,-0.04474867135,-0.08278475702,2022-06-30 12:08:49,181.7,273,#DIV/0!,#DIV/0!,#DIV/0!,#DIV/0!,#DIV/0!,#DIV/0!,,150,,
-0.1673545688,0.5057368875,0.549536407,-0.1024136841,-0.05818770826,-0.0424676463,2022-06-30 12:08:49,182.2,274,#DIV/0!,#DIV/0!,#DIV/0!,#DIV/0!,#DIV/0!,#DIV/0!,,150.5,,
-0.2562153935,0.5851300955,0.605586648,-0.06026397645,0.2790099084,0.2736551166,2022-06-30 12:08:50,182.8,275,#DIV/0!,#DIV/0!,#DIV/0!,#DIV/0!,#DIV/0!,#DIV/0!,,151.1,,
-0.1485950649,0.6084381938,0.6840570569,-0.05690422654,0.308942318,0.2846507132,2022-06-30 12:08:50,183.3,276,#DIV/0!,#DIV/0!,#DIV/0!,#DIV/0!,#DIV/0!,#DIV/0!,,151.6,,
-0.1194684505,0.6759345531,0.672115922,-0.03582936525,0.2191451192,0.1789710075,2022-06-30 12:08:51,183.9,277,#DIV/0!,#DIV/0!,#DIV/0!,#DIV/0!,#DIV/0!,#DIV/0!,,152.2,,
-0.1431646794,0.6191210747,0.6998973489,-0.03460763395,0.0468811132,0.03541767225,2022-06-30 12:08:52,184.4,278,#DIV/0!,#DIV/0!,#DIV/0!,#DIV/0!,#DIV/0!,#DIV/0!,,152.7,,
-0.06146207452,0.6191210747,0.6648050547,-0.070343256,0.006869441364,-0.01864390261,2022-06-30 12:08:52,185,279,#DIV/0!,#DIV/0!,#DIV/0!,#DIV/0!,#DIV/0!,#DIV/0!,,153.3,,
-0.04220889509,0.6834610701,0.5524607301,-0.007118701935,-0.06918328255,-0.05590668321,2022-06-30 12:08:53,185.5,280,#DIV/0!,#DIV/0!,#DIV/0!,#DIV/0!,#DIV/0!,#DIV/0!,,153.8,,
-0.0765190497,0.5933851004,0.6633428335,-0.01414364576,-0.1043080315,-0.09011512995,2022-06-30 12:08:53,186.1,281,#DIV/0!,#DIV/0!,#DIV/0!,#DIV/0!,#DIV/0!,#DIV/0!,,154.4,,
-0.1066330001,0.6499557495,0.4990911484,-0.06698349118,-0.0685724169,-0.03666442633,2022-06-30 12:08:54,186.6,282,#DIV/0!,#DIV/0!,#DIV/0!,#DIV/0!,#DIV/0!,#DIV/0!,,154.9,,
-0.09182285517,0.5729904771,0.6857629418,-0.04377061129,0.0762026459,0.06137944385,2022-06-30 12:08:54,187.2,283,#DIV/0!,#DIV/0!,#DIV/0!,#DIV/0!,#DIV/0!,#DIV/0!,,155.5,,
-0.0234493874,0.747801125,0.6557882428,-0.08653119206,-0.01542714052,0.0189243108,2022-06-30 12:08:55,187.8,284,#DIV/0!,#DIV/0!,#DIV/0!,#DIV/0!,#DIV/0!,#DIV/0!,,156.1,,
-0.2145001739,0.6028539538,0.7108637094,-0.1525046229,0.05909842253,0.005485274829,2022-06-30 12:08:55,188.3,285,#DIV/0!,#DIV/0!,#DIV/0!,#DIV/0!,#DIV/0!,#DIV/0!,,156.6,,
-0.145633027,0.6730210185,0.7055023909,-0.0718704164,0.07162115723,0.02167320438,2022-06-30 12:08:56,188.9,286,#DIV/0!,#DIV/0!,#DIV/0!,#DIV/0!,#DIV/0!,#DIV/0!,,157.2,,
-0.1441520154,0.7371182442,0.743275404,-0.0721758455,-0.01573257335,0.05557622388,2022-06-30 12:08:57,189.4,287,#DIV/0!,#DIV/0!,#DIV/0!,#DIV/0!,#DIV/0!,#DIV/0!,,157.7,,
-0.09700641036,0.6652516127,0.7120822072,-0.04926840961,0.0453539528,0.05771425366,2022-06-30 12:08:57,190,288,#DIV/0!,#DIV/0!,#DIV/0!,#DIV/0!,#DIV/0!,#DIV/0!,,158.3,,
-0.181917876,0.6776340604,0.6667546034,-0.07950624824,0.05360063165,0.03663940355,2022-06-30 12:08:58,190.5,289,#DIV/0!,#DIV/0!,#DIV/0!,#DIV/0!,#DIV/0!,#DIV/0!,,158.8,,
-0.1979621947,0.7490150928,0.7064771652,-0.1247102618,0.1870746911,0.1310180724,2022-06-30 12:08:58,191.1,290,#DIV/0!,#DIV/0!,#DIV/0!,#DIV/0!,#DIV/0!,#DIV/0!,,159.4,,
-0.09848742187,0.6230057478,0.7769055367,0.06801772118,0.1782171428,0.1270474494,2022-06-30 12:08:59,191.6,291,#DIV/0!,#DIV/0!,#DIV/0!,#DIV/0!,#DIV/0!,#DIV/0!,,159.9,,
-0.07355701923,0.7628542781,0.5619649291,-0.09661045671,0.1262935996,0.04427521676,2022-06-30 12:08:59,192.2,292,#DIV/0!,#DIV/0!,#DIV/0!,#DIV/0!,#DIV/0!,#DIV/0!,,160.5,,
-0.1774748266,0.7135673761,0.7713005543,-0.02910985053,0.07253745198,0.03541767225,2022-06-30 12:09:00,192.7,293,#DIV/0!,#DIV/0!,#DIV/0!,#DIV/0!,#DIV/0!,#DIV/0!,,161,,
-0.1332912594,0.7101683021,0.78738451,-0.08683660626,0.00717487419,0.04794041067,2022-06-30 12:09:00,193.3,294,#DIV/0!,#DIV/0!,#DIV/0!,#DIV/0!,#DIV/0!,#DIV/0!,,161.6,,
-0.07972791046,0.7274065614,0.7033091187,-0.03949455917,-0.001682672184,0.0219786372,2022-06-30 12:09:01,193.8,295,#DIV/0!,#DIV/0!,#DIV/0!,#DIV/0!,#DIV/0!,#DIV/0!,,162.1,,
-0.1550127864,0.7206083536,0.6365361214,-0.02819354832,0.05848755687,0.03236334771,2022-06-30 12:09:02,194.4,296,#DIV/0!,#DIV/0!,#DIV/0!,#DIV/0!,#DIV/0!,#DIV/0!,,162.7,,
-0.07750639319,0.6499557495,0.6243513227,-0.1042462885,0.01175636239,0.06168487668,2022-06-30 12:09:02,194.9,297,#DIV/0!,#DIV/0!,#DIV/0!,#DIV/0!,#DIV/0!,#DIV/0!,,163.2,,
-0.182905212,0.6397584081,0.6367798448,0.01334528625,0.02977688611,-0.001845108112,2022-06-30 12:09:03,195.5,298,#DIV/0!,#DIV/0!,#DIV/0!,#DIV/0!,#DIV/0!,#DIV/0!,,163.8,,
-0.1703165919,0.7376038432,0.7496115565,-0.06912152469,0.1027752832,0.07909454405,2022-06-30 12:09:03,196.1,299,#DIV/0!,#DIV/0!,#DIV/0!,#DIV/0!,#DIV/0!,#DIV/0!,,164.4,,
-0.2258546203,0.6897736788,0.580242157,-0.023306638,0.06856682897,0.1004748195,2022-06-30 12:09:04,196.6,300,#DIV/0!,#DIV/0!,#DIV/0!,#DIV/0!,#DIV/0!,#DIV/0!,,164.9,,
-0.1431646794,0.6268904209,0.6850318313,-0.1021082401,-0.01023478527,0.00915046595,2022-06-30 12:09:04,197.1,301,#DIV/0!,#DIV/0!,#DIV/0!,#DIV/0!,#DIV/0!,#DIV/0!,,165.4,,
-0.1310697347,0.7220650911,0.651401639,-0.004980668426,0.06795596331,0.08886837959,2022-06-30 12:09:05,197.7,302,#DIV/0!,#DIV/0!,#DIV/0!,#DIV/0!,#DIV/0!,#DIV/0!,,166,,
-0.1374874562,0.7232790589,0.6238639355,-0.06026397645,0.04260505736,0.07237501442,2022-06-30 12:09:05,198.2,303,#DIV/0!,#DIV/0!,#DIV/0!,#DIV/0!,#DIV/0!,#DIV/0!,,166.5,,
-0.0881203264,0.7276493311,0.7544854283,0.01609417796,-0.04780299962,0.01922974363,2022-06-30 12:09:06,198.8,304,#DIV/0!,#DIV/0!,#DIV/0!,#DIV/0!,#DIV/0!,#DIV/0!,,167.1,,
-0.08170259744,0.7728087306,0.6745528579,-0.06454002857,-0.04810843244,0.02472753078,2022-06-30 12:09:06,199.4,305,#DIV/0!,#DIV/0!,#DIV/0!,#DIV/0!,#DIV/0!,#DIV/0!,,167.7,,
-0.03924686834,0.6914732456,0.5441750884,-0.1412036121,0.0282497257,0.0177025795,2022-06-30 12:09:07,199.9,306,#DIV/0!,#DIV/0!,#DIV/0!,#DIV/0!,#DIV/0!,#DIV/0!,,168.2,,
-0.1658735573,0.6441287398,1.046190619,-0.1748012006,-0.02978247404,0.1307126433,2022-06-30 12:09:08,200.5,307,#DIV/0!,#DIV/0!,#DIV/0!,#DIV/0!,#DIV/0!,#DIV/0!,,168.8,,
-0.1281076968,0.7116250396,0.6635864973,-0.02972072363,0.05634952337,0.04305348918,2022-06-30 12:09:08,201,308,#DIV/0!,#DIV/0!,#DIV/0!,#DIV/0!,#DIV/0!,#DIV/0!,,169.3,,
-0.09083551913,0.7856767774,0.6082673073,0.007236629725,0.0129780937,0.01403738838,2022-06-30 12:09:09,201.6,309,#DIV/0!,#DIV/0!,#DIV/0!,#DIV/0!,#DIV/0!,#DIV/0!,,169.9,,
0.02521437593,0.7172092199,0.4125787616,-0.07400844991,0.0639853403,0.012815658,2022-06-30 12:09:09,202.1,310,#DIV/0!,#DIV/0!,#DIV/0!,#DIV/0!,#DIV/0!,#DIV/0!,,170.4,,
-0.2103039622,0.5363287926,0.705989778,0.1489573717,-0.04108348116,0.09253357351,2022-06-30 12:09:10,202.7,311,#DIV/0!,#DIV/0!,#DIV/0!,#DIV/0!,#DIV/0!,#DIV/0!,,171,,
0.05624745414,0.6475278139,0.8068802357,-0.04193802178,0.02550083026,-0.03330466896,2022-06-30 12:09:10,203.2,312,#DIV/0!,#DIV/0!,#DIV/0!,#DIV/0!,#DIV/0!,#DIV/0!,,171.5,,
-0.1132975593,0.7468299866,0.7515611053,-0.001620918512,0.0517680347,0.0002929201582,2022-06-30 12:09:11,203.8,313,#DIV/0!,#DIV/0!,#DIV/0!,#DIV/0!,#DIV/0!,#DIV/0!,,172.1,,
-0.1737722903,0.6958435178,0.5400322676,-0.07858993113,-0.06460179389,0.01739714667,2022-06-30 12:09:11,204.3,314,#DIV/0!,#DIV/0!,#DIV/0!,#DIV/0!,#DIV/0!,#DIV/0!,,172.6,,
-0.09429121763,0.6586962342,0.3718813956,-0.1867130697,0.05390606448,0.01709171385,2022-06-30 12:09:12,204.9,315,#DIV/0!,#DIV/0!,#DIV/0!,#DIV/0!,#DIV/0!,#DIV/0!,,173.2,,
-0.05850004777,0.7184232473,0.5751245618,-0.0712595582,0.04596481472,0.04244262353,2022-06-30 12:09:13,205.4,316,#DIV/0!,#DIV/0!,#DIV/0!,#DIV/0!,#DIV/0!,#DIV/0!,,173.7,,
-0.1273671836,0.718180418,0.6014438272,-0.05110099912,0.04840827733,0.05649252236,2022-06-30 12:09:13,206,317,#DIV/0!,#DIV/0!,#DIV/0!,#DIV/0!,#DIV/0!,#DIV/0!,,174.3,,
-0.06294309348,0.7196372151,0.6584689021,-0.0474358052,0.04871371016,0.05130016804,2022-06-30 12:09:14,206.6,318,#DIV/0!,#DIV/0!,#DIV/0!,#DIV/0!,#DIV/0!,#DIV/0!,,174.9,,
-0.07602537423,0.7342047095,0.6248387694,-0.01139475405,0.1238501295,0.08459232748,2022-06-30 12:09:14,207.1,319,#DIV/0!,#DIV/0!,#DIV/0!,#DIV/0!,#DIV/0!,#DIV/0!,,175.4,,
-0.05553802103,0.8186965585,0.7067208886,-0.09080722928,0.1223229691,0.066877231,2022-06-30 12:09:15,207.6,320,#DIV/0!,#DIV/0!,#DIV/0!,#DIV/0!,#DIV/0!,#DIV/0!,,175.9,,
-0.0881203264,0.7575128675,0.6738217473,0.006625771523,0.12201754,0.1188007742,2022-06-30 12:09:15,208.2,321,#DIV/0!,#DIV/0!,#DIV/0!,#DIV/0!,#DIV/0!,#DIV/0!,,176.5,,
-0.1411899924,0.6854034066,0.6613932848,-0.07553561032,0.1204903796,0.1490385979,2022-06-30 12:09:16,208.8,322,#DIV/0!,#DIV/0!,#DIV/0!,#DIV/0!,#DIV/0!,#DIV/0!,,177.1,,
-0.1404494792,0.7113822699,0.5178557634,-0.08103340864,0.1412598044,0.1484277397,2022-06-30 12:09:16,209.3,323,#DIV/0!,#DIV/0!,#DIV/0!,#DIV/0!,#DIV/0!,#DIV/0!,,177.6,,
-0.1409431547,0.6790908575,0.6167966723,-0.00375893712,0.1265990436,0.118189916,2022-06-30 12:09:17,209.9,324,#DIV/0!,#DIV/0!,#DIV/0!,#DIV/0!,#DIV/0!,#DIV/0!,,178.2,,
-0.0246835649,0.8291366696,0.528091073,-0.009562164545,0.1162143201,0.07176415622,2022-06-30 12:09:18,210.4,325,#DIV/0!,#DIV/0!,#DIV/0!,#DIV/0!,#DIV/0!,#DIV/0!,,178.7,,
-0.1091013551,0.8029150963,0.5212675333,-0.004369810224,0.05604409426,0.04641324654,2022-06-30 12:09:18,211,326,#DIV/0!,#DIV/0!,#DIV/0!,#DIV/0!,#DIV/0!,#DIV/0!,,179.3,,
-0.06812663376,0.7422168851,0.5375952125,-0.07400844991,0.02519539744,-0.00337227108,2022-06-30 12:09:19,211.5,327,#DIV/0!,#DIV/0!,#DIV/0!,#DIV/0!,#DIV/0!,#DIV/0!,,179.8,,
-0.2100571394,0.5584229231,0.7747123241,0.3609276116,-0.008096757345,-0.05926644057,2022-06-30 12:09:19,212,328,#DIV/0!,#DIV/0!,#DIV/0!,#DIV/0!,#DIV/0!,#DIV/0!,,180.3,,
-0.1051519811,0.6455854177,0.575611949,-0.06148570776,-0.04963559285,-0.03605356067,2022-06-30 12:09:20,212.6,329,#DIV/0!,#DIV/0!,#DIV/0!,#DIV/0!,#DIV/0!,#DIV/0!,,180.9,,
-0.06738612801,0.7159953117,0.5587968826,-0.06209658086,-0.05055189133,-0.05010346323,2022-06-30 12:09:20,213.2,330,#DIV/0!,#DIV/0!,#DIV/0!,#DIV/0!,#DIV/0!,#DIV/0!,,181.5,,
-0.105645664,0.7732943296,0.5821917653,-0.0706486851,-0.05116275698,-0.02627971768,2022-06-30 12:09:21,213.7,331,#DIV/0!,#DIV/0!,#DIV/0!,#DIV/0!,#DIV/0!,#DIV/0!,,182,,
-0.09675957263,1.079212904,0.8529389501,-0.02666638792,-0.009013054892,-0.01711673848,2022-06-30 12:09:21,214.3,332,#DIV/0!,#DIV/0!,#DIV/0!,#DIV/0!,#DIV/0!,#DIV/0!,,182.6,,
-0.2315318435,0.7592123747,0.8193088174,0.0619090721,0.01084006578,-0.1136334538,2022-06-30 12:09:22,214.8,333,#DIV/0!,#DIV/0!,#DIV/0!,#DIV/0!,#DIV/0!,#DIV/0!,,183.1,,
-0.1490887403,0.7526569963,0.5639144778,0.04663743824,0.04229962453,-0.03788615763,2022-06-30 12:09:22,215.4,334,#DIV/0!,#DIV/0!,#DIV/0!,#DIV/0!,#DIV/0!,#DIV/0!,,183.7,,
-0.2396774143,0.5341436267,0.7081830502,0.04633200914,0.004425980616,0.07573477924,2022-06-30 12:09:23,215.9,335,#DIV/0!,#DIV/0!,#DIV/0!,#DIV/0!,#DIV/0!,#DIV/0!,,184.2,,
-0.2110444754,0.8502595425,0.5665951371,-0.08683660626,-0.01573257335,0.02778185531,2022-06-30 12:09:24,216.4,336,#DIV/0!,#DIV/0!,#DIV/0!,#DIV/0!,#DIV/0!,#DIV/0!,,184.7,,
-0.1392153054,0.7480439544,0.6389731765,-0.08103340864,-0.01145651564,-0.01650587469,2022-06-30 12:09:24,217,337,#DIV/0!,#DIV/0!,#DIV/0!,#DIV/0!,#DIV/0!,#DIV/0!,,185.3,,
-0.0814557597,0.7781502008,0.7167124152,-0.01750341058,-0.01054021809,0.002430948429,2022-06-30 12:09:25,217.6,338,#DIV/0!,#DIV/0!,#DIV/0!,#DIV/0!,#DIV/0!,#DIV/0!,,185.9,,
-0.1046583131,0.7050696015,0.5500237942,-0.05171187222,0.01267266087,-0.01711673848,2022-06-30 12:09:25,218.1,339,#DIV/0!,#DIV/0!,#DIV/0!,#DIV/0!,#DIV/0!,#DIV/0!,,186.4,,
-0.7523550987,1.371292472,0.2390666157,-0.9432697296,0.0160324201,-0.02505798824,2022-06-30 12:09:26,218.7,340,#DIV/0!,#DIV/0!,#DIV/0!,#DIV/0!,#DIV/0!,#DIV/0!,,187,,
-0.232025519,0.7431880832,0.67674613,-0.1903782785,0.03496924043,0.03053075075,2022-06-30 12:09:26,219.2,341,#DIV/0!,#DIV/0!,#DIV/0!,#DIV/0!,#DIV/0!,#DIV/0!,,187.5,,
-0.1145317405,0.6883169413,0.6209395528,-0.02910985053,0.03832900152,-0.01253524981,2022-06-30 12:09:27,219.8,342,#DIV/0!,#DIV/0!,#DIV/0!,#DIV/0!,#DIV/0!,#DIV/0!,,188.1,,
-0.07355701923,0.7720803618,0.6947796941,-0.04865753651,0.07375918329,0.04916213825,2022-06-30 12:09:27,220.3,343,#DIV/0!,#DIV/0!,#DIV/0!,#DIV/0!,#DIV/0!,#DIV/0!,,188.6,,
-0.08886083215,0.7516857982,0.605586648,-0.1329569519,0.05726582557,0.02411666512,2022-06-30 12:09:28,220.9,344,#DIV/0!,#DIV/0!,#DIV/0!,#DIV/0!,#DIV/0!,#DIV/0!,,189.2,,
-0.05973422527,0.8420046568,0.5804858804,-0.208093375,0.0221410729,0.02961445227,2022-06-30 12:09:29,221.4,345,#DIV/0!,#DIV/0!,#DIV/0!,#DIV/0!,#DIV/0!,#DIV/0!,,189.7,,
-0.05479751527,0.7995159626,0.7459560633,-0.08775290847,0.03710727021,0.04366435111,2022-06-30 12:09:29,222,346,#DIV/0!,#DIV/0!,#DIV/0!,#DIV/0!,#DIV/0!,#DIV/0!,,190.3,,
-0.1226773188,0.7247357965,0.6146034598,-0.04377061129,0.03130405024,-0.01650587469,2022-06-30 12:09:30,222.5,347,#DIV/0!,#DIV/0!,#DIV/0!,#DIV/0!,#DIV/0!,#DIV/0!,,190.8,,
-0.05751270428,0.7582412362,0.5071331263,-0.00375893712,-0.1107221171,-0.07545436919,2022-06-30 12:09:30,223.1,348,#DIV/0!,#DIV/0!,#DIV/0!,#DIV/0!,#DIV/0!,#DIV/0!,,191.4,,
-0.08244311064,0.7524141669,0.717930913,0.08939800411,-0.0685724169,-0.06476423144,2022-06-30 12:09:31,223.6,349,#DIV/0!,#DIV/0!,#DIV/0!,#DIV/0!,#DIV/0!,#DIV/0!,,191.9,,
-0.1861140728,0.7257069945,0.5626960397,0.1355183274,-0.006264161319,-0.07606524229,2022-06-30 12:09:31,224.2,350,#DIV/0!,#DIV/0!,#DIV/0!,#DIV/0!,#DIV/0!,#DIV/0!,,192.5,,
-0.1831520498,0.6487417817,0.5812169909,-0.01505994797,-0.07865169644,-0.02627971768,2022-06-30 12:09:32,224.7,351,#DIV/0!,#DIV/0!,#DIV/0!,#DIV/0!,#DIV/0!,#DIV/0!,,193,,
0.01624387689,0.62737602,0.6372672319,-0.07920080423,0.00564771099,-0.01192438509,2022-06-30 12:09:32,225.3,352,#DIV/0!,#DIV/0!,#DIV/0!,#DIV/0!,#DIV/0!,#DIV/0!,,193.6,,
-0.06244941801,0.7446448207,0.6092421412,-0.04468691349,0.02641712874,0.01678628102,2022-06-30 12:09:33,225.8,353,#DIV/0!,#DIV/0!,#DIV/0!,#DIV/0!,#DIV/0!,#DIV/0!,,194.1,,
0.01066762023,0.6684079766,0.5873094201,-0.04254887998,0.01358895935,0.0299198851,2022-06-30 12:09:33,226.4,354,#DIV/0!,#DIV/0!,#DIV/0!,#DIV/0!,#DIV/0!,#DIV/0!,,194.7,,
-0.1290950477,0.6446142793,0.6811327338,-0.1109657884,0.01572698727,0.0131210899,2022-06-30 12:09:34,226.9,355,#DIV/0!,#DIV/0!,#DIV/0!,#DIV/0!,#DIV/0!,#DIV/0!,,195.2,,
-0.05010763928,0.7378466725,0.737670362,-0.1115766466,-0.008096757345,0.006707005203,2022-06-30 12:09:35,227.5,356,#DIV/0!,#DIV/0!,#DIV/0!,#DIV/0!,#DIV/0!,#DIV/0!,,195.8,,
-0.04196205735,0.6501985192,0.6818637848,-0.09752675891,-0.1195796654,-0.09591835737,2022-06-30 12:09:35,228,357,#DIV/0!,#DIV/0!,#DIV/0!,#DIV/0!,#DIV/0!,#DIV/0!,,196.3,,
0.0945539102,0.7300772667,0.7103762627,-0.01444908977,-0.5584863424,-0.5497912765,2022-06-30 12:09:36,228.6,358,#DIV/0!,#DIV/0!,#DIV/0!,#DIV/0!,#DIV/0!,#DIV/0!,,196.9,,
0.02812372707,0.6936583519,0.6414101124,-0.03582936525,-0.3065044284,-0.3689751029,2022-06-30 12:09:36,229.2,359,#DIV/0!,#DIV/0!,#DIV/0!,#DIV/0!,#DIV/0!,#DIV/0!,,197.5,,
-0.1012026146,0.6817615628,0.6263008714,-0.05018469691,0.07345375419,0.04946757108,2022-06-30 12:09:37,229.7,360,#DIV/0!,#DIV/0!,#DIV/0!,#DIV/0!,#DIV/0!,#DIV/0!,,198,,
-0.07454437017,0.7528998256,0.6696789265,-0.006813272834,0.02030847594,0.05068930238,2022-06-30 12:09:37,230.3,361,#DIV/0!,#DIV/0!,#DIV/0!,#DIV/0!,#DIV/0!,#DIV/0!,,198.6,,
-0.1234178171,0.6871029735,0.70135957,-0.03033158183,0.01145092957,0.04580238089,2022-06-30 12:09:38,230.8,362,#DIV/0!,#DIV/0!,#DIV/0!,#DIV/0!,#DIV/0!,#DIV/0!,,199.1,,
-0.03924686834,0.6989998221,0.7457123399,-0.135288462,0.05022552237,-0.001678064931,2022-06-30 12:09:38,231.4,363,#DIV/0!,#DIV/0!,#DIV/0!,#DIV/0!,#DIV/0!,#DIV/0!,,199.7,,
-0.1088545173,0.6310179234,0.604855597,-0.05893030763,0.02640177682,0.08475936949,2022-06-30 12:09:39,231.9,364,#DIV/0!,#DIV/0!,#DIV/0!,#DIV/0!,#DIV/0!,#DIV/0!,,200.2,,
-0.08787348866,0.7439164519,0.7291409969,-0.08092145622,0.04839292541,0.06032475457,2022-06-30 12:09:40,232.5,365,#DIV/0!,#DIV/0!,#DIV/0!,#DIV/0!,#DIV/0!,#DIV/0!,,200.8,,
-0.1172469333,0.7465871572,0.6896620989,-0.01250454783,0.09145892411,0.04902374744,2022-06-30 12:09:40,233,366,#DIV/0!,#DIV/0!,#DIV/0!,#DIV/0!,#DIV/0!,#DIV/0!,,201.3,,
-0.2251141071,0.7189088464,0.5929144621,-0.03846631944,0.08993176371,0.06612797827,2022-06-30 12:09:41,233.6,367,#DIV/0!,#DIV/0!,#DIV/0!,#DIV/0!,#DIV/0!,#DIV/0!,,201.9,,
-0.117493771,0.7427024841,0.6860066056,-0.008228495717,0.009602982551,0.05177264288,2022-06-30 12:09:41,234.1,368,#DIV/0!,#DIV/0!,#DIV/0!,#DIV/0!,#DIV/0!,#DIV/0!,,202.4,,
0.01624387689,0.6293182969,0.5838976502,0.009486600757,0.002272598911,0.03772274032,2022-06-30 12:09:42,234.7,369,#DIV/0!,#DIV/0!,#DIV/0!,#DIV/0!,#DIV/0!,#DIV/0!,,203,,
-0.005924055353,0.8128695488,0.7237796783,-0.006090462208,0.03556475416,0.02794889919,2022-06-30 12:09:42,235.2,370,#DIV/0!,#DIV/0!,#DIV/0!,#DIV/0!,#DIV/0!,#DIV/0!,,203.5,,
0.01091006584,0.7057979703,0.8463591337,-0.03266310692,0.02212571912,0.01878592186,2022-06-30 12:09:43,235.8,371,#DIV/0!,#DIV/0!,#DIV/0!,#DIV/0!,#DIV/0!,#DIV/0!,,204.1,,
0.04097335786,0.6584534645,0.7252417803,-0.04396410286,-0.02430003881,-0.03283219412,2022-06-30 12:09:43,236.4,372,#DIV/0!,#DIV/0!,#DIV/0!,#DIV/0!,#DIV/0!,#DIV/0!,,204.7,,
-0.03727218509,0.6458282471,0.5159062147,-0.01342085004,-0.07836161554,-0.05696137249,2022-06-30 12:09:44,236.9,373,#DIV/0!,#DIV/0!,#DIV/0!,#DIV/0!,#DIV/0!,#DIV/0!,,205.2,,
0.0327301994,0.7567844391,0.5868220329,-0.08672468364,-0.04018253461,-0.06215372682,2022-06-30 12:09:45,237.4,374,#DIV/0!,#DIV/0!,#DIV/0!,#DIV/0!,#DIV/0!,#DIV/0!,,205.7,,
-0.1197152957,0.7062836289,0.6204521656,-0.04885102808,-0.01910768449,-0.020004021,2022-06-30 12:09:45,238,375,#DIV/0!,#DIV/0!,#DIV/0!,#DIV/0!,#DIV/0!,#DIV/0!,,206.3,,
-0.01382279675,0.5887719989,0.5461246371,-0.01616974175,-0.04476402327,-0.001067199744,2022-06-30 12:09:46,238.5,376,#DIV/0!,#DIV/0!,#DIV/0!,#DIV/0!,#DIV/0!,#DIV/0!,,206.8,,
-0.02493039891,0.6567538977,0.7388888001,-0.04976733029,-0.01025013812,-0.0309995953,2022-06-30 12:09:46,239.1,377,#DIV/0!,#DIV/0!,#DIV/0!,#DIV/0!,#DIV/0!,#DIV/0!,,207.4,,
-0.1118165478,0.7164808512,0.6209395528,-0.03144137561,-0.02430003881,-0.03924627975,2022-06-30 12:09:47,239.7,378,#DIV/0!,#DIV/0!,#DIV/0!,#DIV/0!,#DIV/0!,#DIV/0!,,208,,
-0.1256393492,0.7169665098,0.6438471079,-0.04793472588,-0.05850849301,-0.007481284905,2022-06-30 12:09:47,240.2,379,#DIV/0!,#DIV/0!,#DIV/0!,#DIV/0!,#DIV/0!,#DIV/0!,,208.5,,
-0.02122786641,0.7130818367,0.7374266982,0.007043138146,-0.07500185072,-0.1201859266,2022-06-30 12:09:48,240.8,380,#DIV/0!,#DIV/0!,#DIV/0!,#DIV/0!,#DIV/0!,#DIV/0!,,209.1,,
-0.0009873425588,0.6895309091,0.6689478755,-0.04365867376,-0.02613263391,-0.0337484926,2022-06-30 12:09:48,241.3,381,#DIV/0!,#DIV/0!,#DIV/0!,#DIV/0!,#DIV/0!,#DIV/0!,,209.6,,
-0.04344307259,0.6501985192,0.6026622653,-0.09833110869,-0.06125738472,-0.02458551154,2022-06-30 12:09:49,241.9,382,#DIV/0!,#DIV/0!,#DIV/0!,#DIV/0!,#DIV/0!,#DIV/0!,,210.2,,
-0.05331650004,0.7118678093,0.7700819969,-0.03877174854,-0.01605335809,-0.01389537007,2022-06-30 12:09:50,242.4,383,#DIV/0!,#DIV/0!,#DIV/0!,#DIV/0!,#DIV/0!,#DIV/0!,,210.7,,
-0.0493671298,0.7315340042,0.7045276165,-0.05098906159,-0.06583888084,-0.04657666013,2022-06-30 12:09:50,243,384,#DIV/0!,#DIV/0!,#DIV/0!,#DIV/0!,#DIV/0!,#DIV/0!,,211.3,,
0.01745610684,0.6356309652,0.6967293024,-0.02441641688,-0.03621191159,-0.05329617858,2022-06-30 12:09:51,243.5,385,#DIV/0!,#DIV/0!,#DIV/0!,#DIV/0!,#DIV/0!,#DIV/0!,,211.8,,
-0.03974054009,0.6684079766,0.5848724842,-0.05557054281,-0.03071412444,-0.05726680532,2022-06-30 12:09:51,244.1,386,#DIV/0!,#DIV/0!,#DIV/0!,#DIV/0!,#DIV/0!,#DIV/0!,,212.4,,
-0.01851267368,0.636359334,0.6959982514,-0.004868730903,0.01235187612,0.00931750983,2022-06-30 12:09:52,244.6,387,#DIV/0!,#DIV/0!,#DIV/0!,#DIV/0!,#DIV/0!,#DIV/0!,,212.9,,
-0.1192216128,0.68904531,0.6799141765,-0.05465425551,-0.001698025037,0.006874048617,2022-06-30 12:09:52,245.2,388,#DIV/0!,#DIV/0!,#DIV/0!,#DIV/0!,#DIV/0!,#DIV/0!,,213.5,,
-0.07010132819,0.7164808512,0.6518890858,-0.05373795331,0.01601706818,0.00473602023,2022-06-30 12:09:53,245.7,389,#DIV/0!,#DIV/0!,#DIV/0!,#DIV/0!,#DIV/0!,#DIV/0!,,214,,
-0.07948108017,0.7174520493,0.6543260217,-0.04610213637,0.004716059659,0.01176097058,2022-06-30 12:09:53,246.3,390,#DIV/0!,#DIV/0!,#DIV/0!,#DIV/0!,#DIV/0!,#DIV/0!,,214.6,,
-0.0789874047,0.7196372151,0.645065546,-0.05373795331,0.007770386059,0.008706644177,2022-06-30 12:09:54,246.8,391,#DIV/0!,#DIV/0!,#DIV/0!,#DIV/0!,#DIV/0!,#DIV/0!,,215.1,,
-0.07849373668,0.732262373,0.6399478912,-0.03907719254,0.0004400028847,0.008706644177,2022-06-30 12:09:55,247.4,392,#DIV/0!,#DIV/0!,#DIV/0!,#DIV/0!,#DIV/0!,#DIV/0!,,215.7,,
-0.06689245999,0.7373610735,0.6367798448,-0.03846631944,-0.01147186942,-0.002899795305,2022-06-30 12:09:55,248,393,#DIV/0!,#DIV/0!,#DIV/0!,#DIV/0!,#DIV/0!,#DIV/0!,,216.3,,
-0.07429753244,0.7247357965,0.6345865726,-0.05129449069,-0.02216201089,-0.02366921306,2022-06-30 12:09:56,248.5,394,#DIV/0!,#DIV/0!,#DIV/0!,#DIV/0!,#DIV/0!,#DIV/0!,,216.8,,
-0.05232915655,0.7300772667,0.619721055,-0.04029892385,-0.04659662023,-0.05512877554,2022-06-30 12:09:56,249.1,395,#DIV/0!,#DIV/0!,#DIV/0!,#DIV/0!,#DIV/0!,#DIV/0!,,217.4,,
-0.1202089638,0.7300772667,0.646771431,-0.04793472588,-0.1034070849,-0.09941650927,2022-06-30 12:09:57,249.6,396,#DIV/0!,#DIV/0!,#DIV/0!,#DIV/0!,#DIV/0!,#DIV/0!,,217.9,,
-0.06294309348,0.718180418,0.6492084265,-0.03235766292,-0.1183732897,-0.1461476982,2022-06-30 12:09:57,250.2,397,#DIV/0!,#DIV/0!,#DIV/0!,#DIV/0!,#DIV/0!,#DIV/0!,,218.5,,
-0.07627221942,0.7461016178,0.5909649134,-0.05098906159,-0.1192895845,-0.1324032247,2022-06-30 12:09:58,250.7,398,#DIV/0!,#DIV/0!,#DIV/0!,#DIV/0!,#DIV/0!,#DIV/0!,,219,,
-0.09231653064,0.76746732,0.5970572829,-0.03938262165,-0.1073777154,-0.05909939855,2022-06-30 12:09:58,251.3,399,#DIV/0!,#DIV/0!,#DIV/0!,#DIV/0!,#DIV/0!,#DIV/0!,,219.6,,
0.00509136403,0.7446448207,0.6141160131,-0.06412266195,-0.01910768449,-0.02947243303,2022-06-30 12:09:59,251.8,400,#DIV/0!,#DIV/0!,#DIV/0!,#DIV/0!,#DIV/0!,#DIV/0!,,220.1,,
-0.01184811071,0.7723231912,0.61119169,0.01162463427,0.01082471199,0.01603702642,2022-06-30 12:10:00,252.4,401,#DIV/0!,#DIV/0!,#DIV/0!,#DIV/0!,#DIV/0!,#DIV/0!,,220.7,,
-0.270531863,0.8959046006,0.7091578245,-0.2321106046,0.09817844629,0.09636580199,2022-06-30 12:10:00,252.9,402,#DIV/0!,#DIV/0!,#DIV/0!,#DIV/0!,#DIV/0!,#DIV/0!,,221.2,,
-0.1335380822,0.6650089025,0.6389731765,0.04827654362,0.1183369905,0.1406535357,2022-06-30 12:10:01,253.5,403,#DIV/0!,#DIV/0!,#DIV/0!,#DIV/0!,#DIV/0!,#DIV/0!,,221.8,,
-0.1246519983,0.7125961781,0.5678136945,-0.06137377024,0.1830887049,0.1650881469,2022-06-30 12:10:01,254,404,#DIV/0!,#DIV/0!,#DIV/0!,#DIV/0!,#DIV/0!,#DIV/0!,,222.3,,
-0.06491777301,0.7159953117,0.7213426828,-0.06229007244,0.0749655664,0.08048330992,2022-06-30 12:10:02,254.6,405,#DIV/0!,#DIV/0!,#DIV/0!,#DIV/0!,#DIV/0!,#DIV/0!,,222.9,,
-0.004689877387,0.6878313422,0.6455529332,-0.06259550154,0.02212571912,0.04047163576,2022-06-30 12:10:02,255.1,406,#DIV/0!,#DIV/0!,#DIV/0!,#DIV/0!,#DIV/0!,#DIV/0!,,223.4,,
-0.1365001053,0.7526569963,0.5239481926,-0.1462840289,0.01784966327,0.01909135468,2022-06-30 12:10:03,255.7,407,#DIV/0!,#DIV/0!,#DIV/0!,#DIV/0!,#DIV/0!,#DIV/0!,,224,,
-0.09009501338,0.6931728125,0.6538386345,-0.01525343955,0.01876596175,-0.008092150092,2022-06-30 12:10:03,256.2,408,#DIV/0!,#DIV/0!,#DIV/0!,#DIV/0!,#DIV/0!,#DIV/0!,,224.5,,
-0.003208863316,0.6834610701,0.6891747117,-0.1068832427,-0.01880225167,-0.005648688879,2022-06-30 12:10:04,256.8,409,#DIV/0!,#DIV/0!,#DIV/0!,#DIV/0!,#DIV/0!,#DIV/0!,,225.1,,
-0.1125570536,0.6667084098,0.6869814396,-0.03755001724,0.04197883978,0.02947606333,2022-06-30 12:10:04,257.3,410,#DIV/0!,#DIV/0!,#DIV/0!,#DIV/0!,#DIV/0!,#DIV/0!,,225.6,,
0.07370355725,0.6402440071,0.6026622653,-0.06045746803,0.04106254131,0.02061851695,2022-06-30 12:10:05,257.9,411,#DIV/0!,#DIV/0!,#DIV/0!,#DIV/0!,#DIV/0!,#DIV/0!,,226.2,,
0.04170069844,0.5887719989,0.7306031585,-0.02258382738,-0.02155114524,-0.01389537007,2022-06-30 12:10:06,258.4,412,#DIV/0!,#DIV/0!,#DIV/0!,#DIV/0!,#DIV/0!,#DIV/0!,,226.7,,
-0.1239115,0.6841894388,0.6484773159,-0.003646999598,0.01693336479,0.01848048903,2022-06-30 12:10:06,259,413,#DIV/0!,#DIV/0!,#DIV/0!,#DIV/0!,#DIV/0!,#DIV/0!,,227.3,,
-0.03332281485,0.7451304197,0.7201241851,-0.05770857632,-0.1577740908,-0.08597747236,2022-06-30 12:10:07,259.5,414,#DIV/0!,#DIV/0!,#DIV/0!,#DIV/0!,#DIV/0!,#DIV/0!,,227.8,,
-0.07849373668,0.709682703,0.6594436765,-0.04732386768,-0.0007817274891,0.005652317777,2022-06-30 12:10:07,260.1,415,#DIV/0!,#DIV/0!,#DIV/0!,#DIV/0!,#DIV/0!,#DIV/0!,,228.4,,
-0.06072157249,0.6550543308,0.5168810487,-0.01229438186,0.02625834942,0.005257021636,2022-06-30 12:10:08,260.6,416,#DIV/0!,#DIV/0!,#DIV/0!,#DIV/0!,#DIV/0!,#DIV/0!,,228.9,,
-0.04467725009,0.6926872134,0.6733344197,-0.07796239853,0.01281931344,0.01839062572,2022-06-30 12:10:08,261.2,417,#DIV/0!,#DIV/0!,#DIV/0!,#DIV/0!,#DIV/0!,#DIV/0!,,229.5,,
-0.05701903626,0.6956006885,0.6972166896,-0.05963644385,0.01129214931,0.01594716311,2022-06-30 12:10:09,261.7,418,#DIV/0!,#DIV/0!,#DIV/0!,#DIV/0!,#DIV/0!,#DIV/0!,,230,,
-0.121936813,0.6705930829,0.6635864973,-0.05810926855,0.003350901417,-0.002073361073,2022-06-30 12:10:09,262.3,419,#DIV/0!,#DIV/0!,#DIV/0!,#DIV/0!,#DIV/0!,#DIV/0!,,230.6,,
-0.08022158593,0.7526569963,0.6041244864,-0.04986259341,0.007932390086,0.004340723623,2022-06-30 12:10:10,262.8,420,#DIV/0!,#DIV/0!,#DIV/0!,#DIV/0!,#DIV/0!,#DIV/0!,,231.1,,
-0.0905886814,0.7604263425,0.575611949,-0.07979498804,0.03908652067,0.003424426075,2022-06-30 12:10:11,263.4,421,#DIV/0!,#DIV/0!,#DIV/0!,#DIV/0!,#DIV/0!,#DIV/0!,,231.7,,
-0.01283545326,0.7371182442,0.6031497121,-0.04283764958,0.01098671649,0.0128928367,2022-06-30 12:10:11,264,422,#DIV/0!,#DIV/0!,#DIV/0!,#DIV/0!,#DIV/0!,#DIV/0!,,232.3,,
0.04436760396,0.7043412328,0.620695889,-0.03733985126,0.008848688565,0.01380913518,2022-06-30 12:10:12,264.5,423,#DIV/0!,#DIV/0!,#DIV/0!,#DIV/0!,#DIV/0!,#DIV/0!,,232.8,,
-0.1177406088,0.7604263425,0.6989225149,-0.03917245567,0.058023341,0.03213509172,2022-06-30 12:10:12,265.1,424,#DIV/0!,#DIV/0!,#DIV/0!,#DIV/0!,#DIV/0!,#DIV/0!,,233.4,,
-0.004196206108,0.6429147124,0.7401073575,-0.1350782961,0.002740035765,0.0009809649782,2022-06-30 12:10:13,265.6,425,#DIV/0!,#DIV/0!,#DIV/0!,#DIV/0!,#DIV/0!,#DIV/0!,,233.9,,
-0.002221520757,0.7016705275,0.7476618886,-0.06543965638,-0.07728330791,-0.05949469283,2022-06-30 12:10:13,266.2,426,#DIV/0!,#DIV/0!,#DIV/0!,#DIV/0!,#DIV/0!,#DIV/0!,,234.5,,
0.009455390275,0.7218223214,0.5934018493,-0.04803000391,-0.266651541,-0.2229011506,2022-06-30 12:10:14,266.7,427,#DIV/0!,#DIV/0!,#DIV/0!,#DIV/0!,#DIV/0!,#DIV/0!,,235,,
0.07346111536,0.6807903647,0.6209395528,-0.006185725331,-0.5287127495,-0.4617494643,2022-06-30 12:10:14,267.2,428,#DIV/0!,#DIV/0!,#DIV/0!,#DIV/0!,#DIV/0!,#DIV/0!,,235.5,,
0.1035244018,0.7410029173,0.7196367979,-0.005574867129,-0.7852761745,-0.7613788247,2022-06-30 12:10:15,267.8,429,#DIV/0!,#DIV/0!,#DIV/0!,#DIV/0!,#DIV/0!,#DIV/0!,,236.1,,
0.1124949083,0.6225202084,0.6482335925,-0.01718130708,-0.8283421397,-0.8026122451,2022-06-30 12:10:15,268.3,430,#DIV/0!,#DIV/0!,#DIV/0!,#DIV/0!,#DIV/0!,#DIV/0!,,236.6,,
0.1352848262,0.627861619,0.7988382578,0.004198983312,-0.8423920274,-0.8181893229,2022-06-30 12:10:16,268.9,431,#DIV/0!,#DIV/0!,#DIV/0!,#DIV/0!,#DIV/0!,#DIV/0!,,237.2,,
0.02569926716,0.6936583519,0.762040019,-0.01718130708,-0.7614524364,-0.779399395,2022-06-30 12:10:17,269.5,432,#DIV/0!,#DIV/0!,#DIV/0!,#DIV/0!,#DIV/0!,#DIV/0!,,237.8,,
0.06497550756,0.6926872134,0.6799141765,0.009696766734,-0.6374467611,-0.6098842621,2022-06-30 12:10:17,270,433,#DIV/0!,#DIV/0!,#DIV/0!,#DIV/0!,#DIV/0!,#DIV/0!,,238.3,,
-0.06713929772,0.7218223214,0.6189900041,-0.02909317613,-0.1909042597,-0.1948013455,2022-06-30 12:10:18,270.6,434,#DIV/0!,#DIV/0!,#DIV/0!,#DIV/0!,#DIV/0!,#DIV/0!,,238.9,,
-0.05652536079,0.7728087306,0.6453092098,-0.04436480999,-0.06842576712,-0.06041099131,2022-06-30 12:10:18,271.1,435,#DIV/0!,#DIV/0!,#DIV/0!,#DIV/0!,#DIV/0!,#DIV/0!,,239.4,,
-0.01209494658,0.6669512391,0.6579815149,-0.03825615346,0.01007041987,0.00953307841,2022-06-30 12:10:19,271.7,436,#DIV/0!,#DIV/0!,#DIV/0!,#DIV/0!,#DIV/0!,#DIV/0!,,240,,
-0.09922792763,0.7079831362,0.6799141765,-0.04069961607,-0.006728375331,0.02175038494,2022-06-30 12:10:19,272.2,437,#DIV/0!,#DIV/0!,#DIV/0!,#DIV/0!,#DIV/0!,#DIV/0!,,240.5,,
-0.0362848416,0.7004565597,0.6652923822,-0.03825615346,0.03878108785,0.04557412863,2022-06-30 12:10:20,272.8,438,#DIV/0!,#DIV/0!,#DIV/0!,#DIV/0!,#DIV/0!,#DIV/0!,,241.1,,
-0.1221836433,0.7060407996,0.6896620989,-0.02603885531,0.06657545269,0.02816446871,2022-06-30 12:10:20,273.3,439,#DIV/0!,#DIV/0!,#DIV/0!,#DIV/0!,#DIV/0!,#DIV/0!,,241.6,,
-0.2310381532,0.7373610735,0.4198896885,-0.1350782961,0.09711872041,0.212034896,2022-06-30 12:10:21,273.9,440,#DIV/0!,#DIV/0!,#DIV/0!,#DIV/0!,#DIV/0!,#DIV/0!,,242.2,,
-0.1207026318,0.6548115611,0.6584689021,-0.07429720461,0.1371303797,0.1793536097,2022-06-30 12:10:22,274.4,441,#DIV/0!,#DIV/0!,#DIV/0!,#DIV/0!,#DIV/0!,#DIV/0!,,242.7,,
-0.07676588744,0.68904531,0.6899058223,-0.03336922824,0.2467807084,0.2569335103,2022-06-30 12:10:22,275,442,#DIV/0!,#DIV/0!,#DIV/0!,#DIV/0!,#DIV/0!,#DIV/0!,,243.3,,
-0.03060762025,0.7303200364,1.611323595,0.0008392184973,0.3319964111,0.3620023429,2022-06-30 12:10:23,275.5,443,#DIV/0!,#DIV/0!,#DIV/0!,#DIV/0!,#DIV/0!,#DIV/0!,,243.8,,
-0.01283545326,0.5513819456,0.6877124906,-0.1396597773,-0.1307340264,-0.0161232613,2022-06-30 12:10:23,276.1,444,#DIV/0!,#DIV/0!,#DIV/0!,#DIV/0!,#DIV/0!,#DIV/0!,,244.4,,
0.02133524045,0.6657372713,0.6755276918,-0.06727226079,0.01923339814,0.0128928367,2022-06-30 12:10:24,276.6,445,#DIV/0!,#DIV/0!,#DIV/0!,#DIV/0!,#DIV/0!,#DIV/0!,,244.9,,
-0.03060762025,0.6783624887,0.5739061236,-0.05200062692,0.07298953831,0.0574860014,2022-06-30 12:10:24,277.2,446,#DIV/0!,#DIV/0!,#DIV/0!,#DIV/0!,#DIV/0!,#DIV/0!,,245.5,,
0.01818344556,0.6455854177,0.6996536255,-0.01107265055,-0.03788250312,-0.04849911854,2022-06-30 12:10:25,277.8,447,#DIV/0!,#DIV/0!,#DIV/0!,#DIV/0!,#DIV/0!,#DIV/0!,,246.1,,
-0.0259177424,0.6769056916,0.6669982672,0.03107705712,-0.1133243591,-0.1407397836,2022-06-30 12:10:25,278.3,448,#DIV/0!,#DIV/0!,#DIV/0!,#DIV/0!,#DIV/0!,#DIV/0!,,246.6,,
0.04970141128,0.6511696577,0.7837290764,-0.01809760928,-0.06384427845,-0.07659891993,2022-06-30 12:10:26,278.9,449,#DIV/0!,#DIV/0!,#DIV/0!,#DIV/0!,#DIV/0!,#DIV/0!,,247.2,,
-0.01950001717,0.6788480282,0.6353176832,-0.0468082726,0.01892796531,0.0513773486,2022-06-30 12:10:27,279.4,450,#DIV/0!,#DIV/0!,#DIV/0!,#DIV/0!,#DIV/0!,#DIV/0!,,247.7,,
0.05455033109,0.7230362892,0.7240233421,-0.09353946149,0.07787646353,0.08100431412,2022-06-30 12:10:27,280,451,#DIV/0!,#DIV/0!,#DIV/0!,#DIV/0!,#DIV/0!,#DIV/0!,,248.3,,
-0.1239115,0.7067691684,0.6735780835,-0.03764529526,-0.04032596201,0.0003700997331,2022-06-30 12:10:28,280.5,452,#DIV/0!,#DIV/0!,#DIV/0!,#DIV/0!,#DIV/0!,#DIV/0!,,248.8,,
-0.01505697425,0.607224226,0.7454686761,-0.03092576563,-0.02627606317,-0.02070474997,2022-06-30 12:10:28,281.1,453,#DIV/0!,#DIV/0!,#DIV/0!,#DIV/0!,#DIV/0!,#DIV/0!,,249.4,,
-0.03036078624,0.156844005,0.696485579,0.8114573956,0.1359086484,-0.02589710429,2022-06-30 12:10:29,281.6,454,#DIV/0!,#DIV/0!,#DIV/0!,#DIV/0!,#DIV/0!,#DIV/0!,,249.9,,
0.000969783694,0.7451304197,0.5514859557,-0.0468082726,-0.06017908454,-0.1334093958,2022-06-30 12:10:29,282.2,455,#DIV/0!,#DIV/0!,#DIV/0!,#DIV/0!,#DIV/0!,#DIV/0!,,250.5,,
0.01745610684,0.6647660732,0.642141223,-0.08101673424,0.003350901417,0.03091336228,2022-06-30 12:10:30,282.7,456,#DIV/0!,#DIV/0!,#DIV/0!,#DIV/0!,#DIV/0!,#DIV/0!,,251,,
-0.08639247715,0.6795763969,0.7435191274,-0.1384380609,0.0006020078436,0.01350370236,2022-06-30 12:10:30,283.3,457,#DIV/0!,#DIV/0!,#DIV/0!,#DIV/0!,#DIV/0!,#DIV/0!,,251.6,,
-0.09774692357,0.612808466,0.6221581101,-0.003742262721,-0.0155859217,-0.01734499075,2022-06-30 12:10:31,283.8,458,#DIV/0!,#DIV/0!,#DIV/0!,#DIV/0!,#DIV/0!,#DIV/0!,,252.1,,
-0.03579116985,0.6079525948,0.6843007803,-0.03978331387,0.06352113187,0.05473710597,2022-06-30 12:10:31,284.4,459,#DIV/0!,#DIV/0!,#DIV/0!,#DIV/0!,#DIV/0!,#DIV/0!,,252.7,,
-0.08787348866,0.6749633551,0.6399478912,-0.06727226079,0.08673401177,0.06298378855,2022-06-30 12:10:32,284.9,460,#DIV/0!,#DIV/0!,#DIV/0!,#DIV/0!,#DIV/0!,#DIV/0!,,253.2,,
-0.01900634356,0.6778768897,0.7094015479,-0.08376561105,0.0225931555,0.03580028564,2022-06-30 12:10:33,285.5,461,#DIV/0!,#DIV/0!,#DIV/0!,#DIV/0!,#DIV/0!,#DIV/0!,,253.8,,
-0.06047473103,0.6922016144,0.6155782342,-0.0455865413,0.02381488681,0.04740672559,2022-06-30 12:10:33,286,462,#DIV/0!,#DIV/0!,#DIV/0!,#DIV/0!,#DIV/0!,#DIV/0!,,254.3,,
0.04048847035,0.686617434,0.7189056873,-0.08223845065,0.02900724113,0.1222377196,2022-06-30 12:10:34,286.6,463,#DIV/0!,#DIV/0!,#DIV/0!,#DIV/0!,#DIV/0!,#DIV/0!,,254.9,,
0.05648989603,0.7487723231,0.7859223485,-0.08132214844,-0.02077827603,-0.02895143069,2022-06-30 12:10:34,287.2,464,#DIV/0!,#DIV/0!,#DIV/0!,#DIV/0!,#DIV/0!,#DIV/0!,,255.5,,
-0.1012026146,0.7087115049,0.7739812136,-0.08559821546,0.01159758214,-0.0222319141,2022-06-30 12:10:35,287.7,465,#DIV/0!,#DIV/0!,#DIV/0!,#DIV/0!,#DIV/0!,#DIV/0!,,256,,
-0.03455699235,0.5863440633,0.676015079,-0.03947788477,-0.05162696913,-0.02864599787,2022-06-30 12:10:35,288.2,466,#DIV/0!,#DIV/0!,#DIV/0!,#DIV/0!,#DIV/0!,#DIV/0!,,256.5,,
-0.07034816593,0.636359334,0.6379983425,-0.04955716431,-0.00367404893,-0.0191775877,2022-06-30 12:10:36,288.8,467,#DIV/0!,#DIV/0!,#DIV/0!,#DIV/0!,#DIV/0!,#DIV/0!,,257.1,,
-0.02369622141,0.6484989524,0.7150065899,-0.05566582084,-0.009171836078,-0.03261662275,2022-06-30 12:10:36,289.3,468,#DIV/0!,#DIV/0!,#DIV/0!,#DIV/0!,#DIV/0!,#DIV/0!,,257.6,,
-0.002221520757,0.7009421587,0.682351172,-0.01870846748,0.01129214931,-0.02895143069,2022-06-30 12:10:37,289.9,469,#DIV/0!,#DIV/0!,#DIV/0!,#DIV/0!,#DIV/0!,#DIV/0!,,258.2,,
-0.05134181306,0.6987570524,0.5882841945,-0.06910485029,-0.02138914168,6.47E-05,2022-06-30 12:10:38,290.5,470,#DIV/0!,#DIV/0!,#DIV/0!,#DIV/0!,#DIV/0!,#DIV/0!,,258.8,,
-0.01999368705,0.7026417255,0.6321496367,-0.05597124994,-0.02444346622,-0.05613493547,2022-06-30 12:10:38,291,471,#DIV/0!,#DIV/0!,#DIV/0!,#DIV/0!,#DIV/0!,#DIV/0!,,259.3,,
-0.008145576343,0.7055552602,0.67674613,-0.04222677648,-0.08461369574,-0.09553574026,2022-06-30 12:10:39,291.6,472,#DIV/0!,#DIV/0!,#DIV/0!,#DIV/0!,#DIV/0!,#DIV/0!,,259.9,,
-0.02641141601,0.69462955,0.6523764729,-0.06391249597,-0.06659317017,-0.06163272262,2022-06-30 12:10:39,292.1,473,#DIV/0!,#DIV/0!,#DIV/0!,#DIV/0!,#DIV/0!,#DIV/0!,,260.4,,
-0.02122786641,0.6312606931,0.5702506304,-0.03398010135,-0.03085755184,-0.02131561562,2022-06-30 12:10:40,292.7,474,#DIV/0!,#DIV/0!,#DIV/0!,#DIV/0!,#DIV/0!,#DIV/0!,,261,,
-0.04714560881,0.6679223776,0.6838133931,-0.04436480999,-0.00520121213,-0.02314821072,2022-06-30 12:10:40,293.2,475,#DIV/0!,#DIV/0!,#DIV/0!,#DIV/0!,#DIV/0!,#DIV/0!,,261.5,,
-0.06442410499,0.6742349863,0.6321496367,-0.03856158257,0.01953883097,0.0009809649782,2022-06-30 12:10:41,293.8,476,#DIV/0!,#DIV/0!,#DIV/0!,#DIV/0!,#DIV/0!,#DIV/0!,,262.1,,
0.01842588931,0.6543259621,0.6077799797,-0.05230605602,0.01434647571,-0.001462496002,2022-06-30 12:10:41,294.3,477,#DIV/0!,#DIV/0!,#DIV/0!,#DIV/0!,#DIV/0!,#DIV/0!,,262.6,,
0.003394242842,0.6259192824,0.6370235682,-0.08101673424,0.01617906988,0.01930692233,2022-06-30 12:10:42,294.9,478,#DIV/0!,#DIV/0!,#DIV/0!,#DIV/0!,#DIV/0!,#DIV/0!,,263.2,,
-0.08787348866,0.5965413451,0.7157377005,-0.03000947833,-0.011309864,-0.07354459167,2022-06-30 12:10:43,295.4,479,#DIV/0!,#DIV/0!,#DIV/0!,#DIV/0!,#DIV/0!,#DIV/0!,,263.7,,
-0.03356964886,0.6230057478,0.696485579,-0.05291691422,-0.00214688573,0.0006755323848,2022-06-30 12:10:43,296,480,#DIV/0!,#DIV/0!,#DIV/0!,#DIV/0!,#DIV/0!,#DIV/0!,,264.3,,
-0.005183548667,0.6196066737,0.6687041521,-0.06452335417,-0.001230588183,0.0006755323848,2022-06-30 12:10:44,296.5,481,#DIV/0!,#DIV/0!,#DIV/0!,#DIV/0!,#DIV/0!,#DIV/0!,,264.8,,
-0.02394305728,0.6781196594,0.6684604287,-0.05688755214,0.0006020078436,0.001897262875,2022-06-30 12:10:44,297.1,482,#DIV/0!,#DIV/0!,#DIV/0!,#DIV/0!,#DIV/0!,#DIV/0!,,265.4,,
-0.01925318129,0.6786052585,0.6660234928,-0.05108432472,0.003961766139,-0.002378793899,2022-06-30 12:10:45,297.6,483,#DIV/0!,#DIV/0!,#DIV/0!,#DIV/0!,#DIV/0!,#DIV/0!,,265.9,,
-0.02073419467,0.6776340604,0.670410037,-0.05413864553,-0.002757750917,0.002202695468,2022-06-30 12:10:45,298.2,484,#DIV/0!,#DIV/0!,#DIV/0!,#DIV/0!,#DIV/0!,#DIV/0!,,266.5,,
-0.01777216606,0.6752061844,0.6689478755,-0.06391249597,0.009764987044,-0.003600524273,2022-06-30 12:10:46,298.7,485,#DIV/0!,#DIV/0!,#DIV/0!,#DIV/0!,#DIV/0!,#DIV/0!,,267,,